"날짜","출발시간","소요시간","연휴길이","눈비","X1종.교통량","X2종.교통량","서울인구수"
"2013-02-08",0,97,3,1,3793419,229419,10388055
"2013-02-08",0,89,3,1,3793419,229419,10388055
"2013-02-08",0,93,3,1,3793419,229419,10388055
"2013-02-08",0,74,3,1,3793419,229419,10388055
"2013-02-08",0,94,3,1,3793419,229419,10388055
"2013-02-08",0,90,3,1,3793419,229419,10388055
"2013-02-08",0,86,3,1,3793419,229419,10388055
"2013-02-08",0,96,3,1,3793419,229419,10388055
"2013-02-08",0,85,3,1,3793419,229419,10388055
"2013-02-08",0,96,3,1,3793419,229419,10388055
"2013-02-08",1,89,3,1,2514790,203047,10388055
"2013-02-08",1,93,3,1,2514790,203047,10388055
"2013-02-08",1,79,3,1,2514790,203047,10388055
"2013-02-08",1,88,3,1,2514790,203047,10388055
"2013-02-08",1,84,3,1,2514790,203047,10388055
"2013-02-08",1,91,3,1,2514790,203047,10388055
"2013-02-08",1,85,3,1,2514790,203047,10388055
"2013-02-08",1,94,3,1,2514790,203047,10388055
"2013-02-08",1,83,3,1,2514790,203047,10388055
"2013-02-08",1,92,3,1,2514790,203047,10388055
"2013-02-08",1,104,3,1,2514790,203047,10388055
"2013-02-08",1,110,3,1,2514790,203047,10388055
"2013-02-08",2,86,3,1,1846564,235137,10388055
"2013-02-08",2,93,3,1,1846564,235137,10388055
"2013-02-08",2,87,3,1,1846564,235137,10388055
"2013-02-08",2,92,3,1,1846564,235137,10388055
"2013-02-08",2,82,3,1,1846564,235137,10388055
"2013-02-08",2,94,3,1,1846564,235137,10388055
"2013-02-08",2,85,3,1,1846564,235137,10388055
"2013-02-08",2,96,3,1,1846564,235137,10388055
"2013-02-08",2,91,3,1,1846564,235137,10388055
"2013-02-08",2,85,3,1,1846564,235137,10388055
"2013-02-08",2,90,3,1,1846564,235137,10388055
"2013-02-08",2,112,3,1,1846564,235137,10388055
"2013-02-08",3,140,3,1,1632415,305994,10388055
"2013-02-08",3,88,3,1,1632415,305994,10388055
"2013-02-08",3,84,3,1,1632415,305994,10388055
"2013-02-08",3,80,3,1,1632415,305994,10388055
"2013-02-08",3,92,3,1,1632415,305994,10388055
"2013-02-08",3,85,3,1,1632415,305994,10388055
"2013-02-08",3,91,3,1,1632415,305994,10388055
"2013-02-08",3,83,3,1,1632415,305994,10388055
"2013-02-08",3,96,3,1,1632415,305994,10388055
"2013-02-08",3,85,3,1,1632415,305994,10388055
"2013-02-08",3,90,3,1,1632415,305994,10388055
"2013-02-08",3,85,3,1,1632415,305994,10388055
"2013-02-08",4,95,3,1,2247045,444384,10388055
"2013-02-08",4,87,3,1,2247045,444384,10388055
"2013-02-08",4,109,3,1,2247045,444384,10388055
"2013-02-08",4,87,3,1,2247045,444384,10388055
"2013-02-08",4,95,3,1,2247045,444384,10388055
"2013-02-08",4,91,3,1,2247045,444384,10388055
"2013-02-08",4,97,3,1,2247045,444384,10388055
"2013-02-08",4,107,3,1,2247045,444384,10388055
"2013-02-08",4,104,3,1,2247045,444384,10388055
"2013-02-08",4,96,3,1,2247045,444384,10388055
"2013-02-08",4,103,3,1,2247045,444384,10388055
"2013-02-08",4,92,3,1,2247045,444384,10388055
"2013-02-08",5,125,3,1,5186824,774325,10388055
"2013-02-08",5,101,3,1,5186824,774325,10388055
"2013-02-08",5,96,3,1,5186824,774325,10388055
"2013-02-08",5,106,3,1,5186824,774325,10388055
"2013-02-08",5,96,3,1,5186824,774325,10388055
"2013-02-08",5,104,3,1,5186824,774325,10388055
"2013-02-08",5,98,3,1,5186824,774325,10388055
"2013-02-08",5,101,3,1,5186824,774325,10388055
"2013-02-08",5,105,3,1,5186824,774325,10388055
"2013-02-08",5,102,3,1,5186824,774325,10388055
"2013-02-08",5,92,3,1,5186824,774325,10388055
"2013-02-08",5,97,3,1,5186824,774325,10388055
"2013-02-08",6,101,3,1,10866409,1206051,10388055
"2013-02-08",6,105,3,1,10866409,1206051,10388055
"2013-02-08",6,92,3,1,10866409,1206051,10388055
"2013-02-08",6,95,3,1,10866409,1206051,10388055
"2013-02-08",6,88,3,1,10866409,1206051,10388055
"2013-02-08",6,101,3,1,10866409,1206051,10388055
"2013-02-08",6,97,3,1,10866409,1206051,10388055
"2013-02-08",6,95,3,1,10866409,1206051,10388055
"2013-02-08",6,99,3,1,10866409,1206051,10388055
"2013-02-08",6,79,3,1,10866409,1206051,10388055
"2013-02-08",6,100,3,1,10866409,1206051,10388055
"2013-02-08",6,88,3,1,10866409,1206051,10388055
"2013-02-08",7,89,3,1,15984740,1349972,10388055
"2013-02-08",7,93,3,1,15984740,1349972,10388055
"2013-02-08",7,101,3,1,15984740,1349972,10388055
"2013-02-08",7,89,3,1,15984740,1349972,10388055
"2013-02-08",7,99,3,1,15984740,1349972,10388055
"2013-02-08",7,91,3,1,15984740,1349972,10388055
"2013-02-08",7,89,3,1,15984740,1349972,10388055
"2013-02-08",7,93,3,1,15984740,1349972,10388055
"2013-02-08",7,87,3,1,15984740,1349972,10388055
"2013-02-08",7,102,3,1,15984740,1349972,10388055
"2013-02-08",7,89,3,1,15984740,1349972,10388055
"2013-02-08",7,99,3,1,15984740,1349972,10388055
"2013-02-08",8,82,3,1,17462577,1624836,10388055
"2013-02-08",8,87,3,1,17462577,1624836,10388055
"2013-02-08",8,88,3,1,17462577,1624836,10388055
"2013-02-08",8,88,3,1,17462577,1624836,10388055
"2013-02-08",8,90,3,1,17462577,1624836,10388055
"2013-02-08",8,138,3,1,17462577,1624836,10388055
"2013-02-08",8,90,3,1,17462577,1624836,10388055
"2013-02-08",8,92,3,1,17462577,1624836,10388055
"2013-02-08",8,98,3,1,17462577,1624836,10388055
"2013-02-08",8,86,3,1,17462577,1624836,10388055
"2013-02-08",8,99,3,1,17462577,1624836,10388055
"2013-02-08",9,99,3,1,19314963,1932103,10388055
"2013-02-08",9,90,3,1,19314963,1932103,10388055
"2013-02-08",9,97,3,1,19314963,1932103,10388055
"2013-02-08",9,88,3,1,19314963,1932103,10388055
"2013-02-08",9,94,3,1,19314963,1932103,10388055
"2013-02-08",9,97,3,1,19314963,1932103,10388055
"2013-02-08",9,99,3,1,19314963,1932103,10388055
"2013-02-08",9,102,3,1,19314963,1932103,10388055
"2013-02-08",9,98,3,1,19314963,1932103,10388055
"2013-02-08",9,94,3,1,19314963,1932103,10388055
"2013-02-08",9,118,3,1,19314963,1932103,10388055
"2013-02-08",9,95,3,1,19314963,1932103,10388055
"2013-02-08",10,89,3,1,21570894,1937699,10388055
"2013-02-08",10,95,3,1,21570894,1937699,10388055
"2013-02-08",10,88,3,1,21570894,1937699,10388055
"2013-02-08",10,80,3,1,21570894,1937699,10388055
"2013-02-08",10,96,3,1,21570894,1937699,10388055
"2013-02-08",10,86,3,1,21570894,1937699,10388055
"2013-02-08",10,96,3,1,21570894,1937699,10388055
"2013-02-08",10,99,3,1,21570894,1937699,10388055
"2013-02-08",10,89,3,1,21570894,1937699,10388055
"2013-02-08",10,95,3,1,21570894,1937699,10388055
"2013-02-08",10,84,3,1,21570894,1937699,10388055
"2013-02-08",10,87,3,1,21570894,1937699,10388055
"2013-02-08",11,99,3,1,20983137,1768677,10388055
"2013-02-08",11,109,3,1,20983137,1768677,10388055
"2013-02-08",11,98,3,1,20983137,1768677,10388055
"2013-02-08",11,101,3,1,20983137,1768677,10388055
"2013-02-08",11,106,3,1,20983137,1768677,10388055
"2013-02-08",11,96,3,1,20983137,1768677,10388055
"2013-02-08",11,97,3,1,20983137,1768677,10388055
"2013-02-08",11,105,3,1,20983137,1768677,10388055
"2013-02-08",11,146,3,1,20983137,1768677,10388055
"2013-02-08",11,89,3,1,20983137,1768677,10388055
"2013-02-08",11,115,3,1,20983137,1768677,10388055
"2013-02-08",11,98,3,1,20983137,1768677,10388055
"2013-02-08",12,100,3,1,19894414,1596595,10388055
"2013-02-08",12,122,3,1,19894414,1596595,10388055
"2013-02-08",12,100,3,1,19894414,1596595,10388055
"2013-02-08",12,118,3,1,19894414,1596595,10388055
"2013-02-08",12,130,3,1,19894414,1596595,10388055
"2013-02-08",12,117,3,1,19894414,1596595,10388055
"2013-02-08",12,124,3,1,19894414,1596595,10388055
"2013-02-08",12,130,3,1,19894414,1596595,10388055
"2013-02-08",12,121,3,1,19894414,1596595,10388055
"2013-02-08",12,125,3,1,19894414,1596595,10388055
"2013-02-08",12,107,3,1,19894414,1596595,10388055
"2013-02-08",12,118,3,1,19894414,1596595,10388055
"2013-02-08",13,118,3,1,21519196,1610557,10388055
"2013-02-08",13,123,3,1,21519196,1610557,10388055
"2013-02-08",13,102,3,1,21519196,1610557,10388055
"2013-02-08",13,125,3,1,21519196,1610557,10388055
"2013-02-08",13,119,3,1,21519196,1610557,10388055
"2013-02-08",13,120,3,1,21519196,1610557,10388055
"2013-02-08",13,121,3,1,21519196,1610557,10388055
"2013-02-08",13,109,3,1,21519196,1610557,10388055
"2013-02-08",13,118,3,1,21519196,1610557,10388055
"2013-02-08",13,121,3,1,21519196,1610557,10388055
"2013-02-08",13,105,3,1,21519196,1610557,10388055
"2013-02-08",13,115,3,1,21519196,1610557,10388055
"2013-02-08",14,116,3,1,22670554,1669824,10388055
"2013-02-08",14,123,3,1,22670554,1669824,10388055
"2013-02-08",14,117,3,1,22670554,1669824,10388055
"2013-02-08",14,107,3,1,22670554,1669824,10388055
"2013-02-08",14,132,3,1,22670554,1669824,10388055
"2013-02-08",14,121,3,1,22670554,1669824,10388055
"2013-02-08",14,124,3,1,22670554,1669824,10388055
"2013-02-08",14,131,3,1,22670554,1669824,10388055
"2013-02-08",14,113,3,1,22670554,1669824,10388055
"2013-02-08",14,115,3,1,22670554,1669824,10388055
"2013-02-08",14,131,3,1,22670554,1669824,10388055
"2013-02-08",14,116,3,1,22670554,1669824,10388055
"2013-02-08",15,129,3,1,23232147,1567158,10388055
"2013-02-08",15,128,3,1,23232147,1567158,10388055
"2013-02-08",15,138,3,1,23232147,1567158,10388055
"2013-02-08",15,126,3,1,23232147,1567158,10388055
"2013-02-08",15,132,3,1,23232147,1567158,10388055
"2013-02-08",15,122,3,1,23232147,1567158,10388055
"2013-02-08",15,139,3,1,23232147,1567158,10388055
"2013-02-08",15,136,3,1,23232147,1567158,10388055
"2013-02-08",15,110,3,1,23232147,1567158,10388055
"2013-02-08",15,135,3,1,23232147,1567158,10388055
"2013-02-08",15,139,3,1,23232147,1567158,10388055
"2013-02-08",15,147,3,1,23232147,1567158,10388055
"2013-02-08",16,133,3,1,23527400,1408343,10388055
"2013-02-08",16,140,3,1,23527400,1408343,10388055
"2013-02-08",16,150,3,1,23527400,1408343,10388055
"2013-02-08",16,136,3,1,23527400,1408343,10388055
"2013-02-08",16,145,3,1,23527400,1408343,10388055
"2013-02-08",16,150,3,1,23527400,1408343,10388055
"2013-02-08",16,152,3,1,23527400,1408343,10388055
"2013-02-08",16,145,3,1,23527400,1408343,10388055
"2013-02-08",16,146,3,1,23527400,1408343,10388055
"2013-02-08",16,180,3,1,23527400,1408343,10388055
"2013-02-08",16,148,3,1,23527400,1408343,10388055
"2013-02-08",16,149,3,1,23527400,1408343,10388055
"2013-02-08",17,168,3,1,24025597,1218600,10388055
"2013-02-08",17,163,3,1,24025597,1218600,10388055
"2013-02-08",17,168,3,1,24025597,1218600,10388055
"2013-02-08",17,159,3,1,24025597,1218600,10388055
"2013-02-08",17,170,3,1,24025597,1218600,10388055
"2013-02-08",17,155,3,1,24025597,1218600,10388055
"2013-02-08",17,159,3,1,24025597,1218600,10388055
"2013-02-08",17,163,3,1,24025597,1218600,10388055
"2013-02-08",17,169,3,1,24025597,1218600,10388055
"2013-02-08",17,160,3,1,24025597,1218600,10388055
"2013-02-08",17,157,3,1,24025597,1218600,10388055
"2013-02-08",17,179,3,1,24025597,1218600,10388055
"2013-02-08",18,239,3,1,21219880,899265,10388055
"2013-02-08",18,171,3,1,21219880,899265,10388055
"2013-02-08",18,181,3,1,21219880,899265,10388055
"2013-02-08",18,176,3,1,21219880,899265,10388055
"2013-02-08",18,190,3,1,21219880,899265,10388055
"2013-02-08",18,181,3,1,21219880,899265,10388055
"2013-02-08",18,179,3,1,21219880,899265,10388055
"2013-02-08",18,179,3,1,21219880,899265,10388055
"2013-02-08",18,189,3,1,21219880,899265,10388055
"2013-02-08",18,180,3,1,21219880,899265,10388055
"2013-02-08",18,178,3,1,21219880,899265,10388055
"2013-02-08",18,189,3,1,21219880,899265,10388055
"2013-02-08",19,267,3,1,16408481,655917,10388055
"2013-02-08",19,197,3,1,16408481,655917,10388055
"2013-02-08",19,215,3,1,16408481,655917,10388055
"2013-02-08",19,195,3,1,16408481,655917,10388055
"2013-02-08",19,157,3,1,16408481,655917,10388055
"2013-02-08",19,204,3,1,16408481,655917,10388055
"2013-02-08",19,192,3,1,16408481,655917,10388055
"2013-02-08",19,205,3,1,16408481,655917,10388055
"2013-02-08",19,219,3,1,16408481,655917,10388055
"2013-02-08",19,206,3,1,16408481,655917,10388055
"2013-02-08",19,209,3,1,16408481,655917,10388055
"2013-02-08",19,205,3,1,16408481,655917,10388055
"2013-02-08",20,211,3,0,13599182,486769,10388055
"2013-02-08",20,196,3,0,13599182,486769,10388055
"2013-02-08",20,216,3,0,13599182,486769,10388055
"2013-02-08",20,202,3,0,13599182,486769,10388055
"2013-02-08",20,206,3,0,13599182,486769,10388055
"2013-02-08",20,207,3,0,13599182,486769,10388055
"2013-02-08",20,215,3,0,13599182,486769,10388055
"2013-02-08",20,217,3,0,13599182,486769,10388055
"2013-02-08",20,227,3,0,13599182,486769,10388055
"2013-02-08",20,247,3,0,13599182,486769,10388055
"2013-02-08",20,214,3,0,13599182,486769,10388055
"2013-02-08",20,206,3,0,13599182,486769,10388055
"2013-02-08",21,231,3,1,11220101,374074,10388055
"2013-02-08",21,226,3,1,11220101,374074,10388055
"2013-02-08",21,208,3,1,11220101,374074,10388055
"2013-02-08",21,224,3,1,11220101,374074,10388055
"2013-02-08",21,227,3,1,11220101,374074,10388055
"2013-02-08",21,209,3,1,11220101,374074,10388055
"2013-02-08",21,193,3,1,11220101,374074,10388055
"2013-02-08",21,209,3,1,11220101,374074,10388055
"2013-02-08",21,213,3,1,11220101,374074,10388055
"2013-02-08",21,218,3,1,11220101,374074,10388055
"2013-02-08",21,216,3,1,11220101,374074,10388055
"2013-02-08",21,220,3,1,11220101,374074,10388055
"2013-02-08",22,217,3,0,8291072,297572,10388055
"2013-02-08",22,192,3,0,8291072,297572,10388055
"2013-02-08",22,198,3,0,8291072,297572,10388055
"2013-02-08",22,228,3,0,8291072,297572,10388055
"2013-02-08",22,193,3,0,8291072,297572,10388055
"2013-02-08",22,198,3,0,8291072,297572,10388055
"2013-02-08",22,193,3,0,8291072,297572,10388055
"2013-02-08",22,194,3,0,8291072,297572,10388055
"2013-02-08",22,200,3,0,8291072,297572,10388055
"2013-02-08",22,189,3,0,8291072,297572,10388055
"2013-02-08",22,200,3,0,8291072,297572,10388055
"2013-02-08",22,180,3,0,8291072,297572,10388055
"2013-02-08",23,198,3,0,5655106,239321,10388055
"2013-02-08",23,187,3,0,5655106,239321,10388055
"2013-02-08",23,167,3,0,5655106,239321,10388055
"2013-02-08",23,175,3,0,5655106,239321,10388055
"2013-02-08",23,107,3,0,5655106,239321,10388055
"2013-02-08",23,99,3,0,5655106,239321,10388055
"2013-02-08",23,94,3,0,5655106,239321,10388055
"2013-02-08",23,93,3,0,5655106,239321,10388055
"2013-02-08",23,74,3,0,5655106,239321,10388055
"2013-02-08",23,91,3,0,5655106,239321,10388055
"2013-02-08",23,86,3,0,5655106,239321,10388055
"2014-01-29",0,81,4,0,3551327,179224,10369593
"2014-01-29",0,73,4,0,3551327,179224,10369593
"2014-01-29",0,84,4,0,3551327,179224,10369593
"2014-01-29",0,75,4,0,3551327,179224,10369593
"2014-01-29",0,85,4,0,3551327,179224,10369593
"2014-01-29",0,79,4,0,3551327,179224,10369593
"2014-01-29",0,83,4,0,3551327,179224,10369593
"2014-01-29",0,77,4,0,3551327,179224,10369593
"2014-01-29",0,87,4,0,3551327,179224,10369593
"2014-01-29",0,82,4,0,3551327,179224,10369593
"2014-01-29",0,88,4,0,3551327,179224,10369593
"2014-01-29",0,80,4,0,3551327,179224,10369593
"2014-01-29",1,76,4,0,2379600,172692,10369593
"2014-01-29",1,81,4,0,2379600,172692,10369593
"2014-01-29",1,87,4,0,2379600,172692,10369593
"2014-01-29",1,71,4,0,2379600,172692,10369593
"2014-01-29",1,92,4,0,2379600,172692,10369593
"2014-01-29",1,82,4,0,2379600,172692,10369593
"2014-01-29",1,77,4,0,2379600,172692,10369593
"2014-01-29",1,84,4,0,2379600,172692,10369593
"2014-01-29",1,76,4,0,2379600,172692,10369593
"2014-01-29",1,88,4,0,2379600,172692,10369593
"2014-01-29",1,84,4,0,2379600,172692,10369593
"2014-01-29",1,79,4,0,2379600,172692,10369593
"2014-01-29",2,78,4,0,1755680,206269,10369593
"2014-01-29",2,86,4,0,1755680,206269,10369593
"2014-01-29",2,89,4,0,1755680,206269,10369593
"2014-01-29",2,82,4,0,1755680,206269,10369593
"2014-01-29",2,86,4,0,1755680,206269,10369593
"2014-01-29",2,116,4,0,1755680,206269,10369593
"2014-01-29",2,80,4,0,1755680,206269,10369593
"2014-01-29",2,89,4,0,1755680,206269,10369593
"2014-01-29",2,83,4,0,1755680,206269,10369593
"2014-01-29",2,89,4,0,1755680,206269,10369593
"2014-01-29",2,81,4,0,1755680,206269,10369593
"2014-01-29",3,82,4,0,1560879,263359,10369593
"2014-01-29",3,78,4,0,1560879,263359,10369593
"2014-01-29",3,106,4,0,1560879,263359,10369593
"2014-01-29",3,80,4,0,1560879,263359,10369593
"2014-01-29",3,84,4,0,1560879,263359,10369593
"2014-01-29",3,92,4,0,1560879,263359,10369593
"2014-01-29",3,88,4,0,1560879,263359,10369593
"2014-01-29",3,85,4,0,1560879,263359,10369593
"2014-01-29",3,92,4,0,1560879,263359,10369593
"2014-01-29",3,89,4,0,1560879,263359,10369593
"2014-01-29",4,77,4,0,2171128,394981,10369593
"2014-01-29",4,98,4,0,2171128,394981,10369593
"2014-01-29",4,70,4,0,2171128,394981,10369593
"2014-01-29",4,79,4,0,2171128,394981,10369593
"2014-01-29",4,75,4,0,2171128,394981,10369593
"2014-01-29",4,75,4,0,2171128,394981,10369593
"2014-01-29",4,71,4,0,2171128,394981,10369593
"2014-01-29",4,76,4,0,2171128,394981,10369593
"2014-01-29",5,76,4,0,5066315,680975,10369593
"2014-01-29",5,73,4,0,5066315,680975,10369593
"2014-01-29",5,79,4,0,5066315,680975,10369593
"2014-01-29",5,75,4,0,5066315,680975,10369593
"2014-01-29",5,71,4,0,5066315,680975,10369593
"2014-01-29",5,75,4,0,5066315,680975,10369593
"2014-01-29",5,70,4,0,5066315,680975,10369593
"2014-01-29",5,78,4,0,5066315,680975,10369593
"2014-01-29",5,82,4,0,5066315,680975,10369593
"2014-01-29",5,75,4,0,5066315,680975,10369593
"2014-01-29",5,83,4,0,5066315,680975,10369593
"2014-01-29",5,82,4,0,5066315,680975,10369593
"2014-01-29",6,80,4,0,10406430,1085883,10369593
"2014-01-29",6,82,4,0,10406430,1085883,10369593
"2014-01-29",6,79,4,0,10406430,1085883,10369593
"2014-01-29",6,84,4,0,10406430,1085883,10369593
"2014-01-29",6,81,4,0,10406430,1085883,10369593
"2014-01-29",6,72,4,0,10406430,1085883,10369593
"2014-01-29",6,83,4,0,10406430,1085883,10369593
"2014-01-29",6,86,4,0,10406430,1085883,10369593
"2014-01-29",6,78,4,0,10406430,1085883,10369593
"2014-01-29",6,98,4,0,10406430,1085883,10369593
"2014-01-29",6,87,4,0,10406430,1085883,10369593
"2014-01-29",7,81,4,0,15221692,1225733,10369593
"2014-01-29",7,88,4,0,15221692,1225733,10369593
"2014-01-29",7,77,4,0,15221692,1225733,10369593
"2014-01-29",7,89,4,0,15221692,1225733,10369593
"2014-01-29",7,84,4,0,15221692,1225733,10369593
"2014-01-29",7,90,4,0,15221692,1225733,10369593
"2014-01-29",7,92,4,0,15221692,1225733,10369593
"2014-01-29",7,87,4,0,15221692,1225733,10369593
"2014-01-29",7,93,4,0,15221692,1225733,10369593
"2014-01-29",7,85,4,0,15221692,1225733,10369593
"2014-01-29",7,95,4,0,15221692,1225733,10369593
"2014-01-29",7,86,4,0,15221692,1225733,10369593
"2014-01-29",8,91,4,0,16710517,1462189,10369593
"2014-01-29",8,84,4,0,16710517,1462189,10369593
"2014-01-29",8,82,4,0,16710517,1462189,10369593
"2014-01-29",8,92,4,0,16710517,1462189,10369593
"2014-01-29",8,77,4,0,16710517,1462189,10369593
"2014-01-29",8,93,4,0,16710517,1462189,10369593
"2014-01-29",8,84,4,0,16710517,1462189,10369593
"2014-01-29",8,89,4,0,16710517,1462189,10369593
"2014-01-29",8,94,4,0,16710517,1462189,10369593
"2014-01-29",8,77,4,0,16710517,1462189,10369593
"2014-01-29",8,95,4,0,16710517,1462189,10369593
"2014-01-29",8,88,4,0,16710517,1462189,10369593
"2014-01-29",9,77,4,0,18634958,1720856,10369593
"2014-01-29",9,79,4,0,18634958,1720856,10369593
"2014-01-29",9,89,4,0,18634958,1720856,10369593
"2014-01-29",9,83,4,0,18634958,1720856,10369593
"2014-01-29",9,87,4,0,18634958,1720856,10369593
"2014-01-29",9,88,4,0,18634958,1720856,10369593
"2014-01-29",9,85,4,0,18634958,1720856,10369593
"2014-01-29",9,89,4,0,18634958,1720856,10369593
"2014-01-29",9,86,4,0,18634958,1720856,10369593
"2014-01-29",9,89,4,0,18634958,1720856,10369593
"2014-01-29",9,86,4,0,18634958,1720856,10369593
"2014-01-29",10,80,4,0,20704719,1720531,10369593
"2014-01-29",10,91,4,0,20704719,1720531,10369593
"2014-01-29",10,81,4,0,20704719,1720531,10369593
"2014-01-29",10,87,4,0,20704719,1720531,10369593
"2014-01-29",10,82,4,0,20704719,1720531,10369593
"2014-01-29",10,92,4,0,20704719,1720531,10369593
"2014-01-29",10,84,4,0,20704719,1720531,10369593
"2014-01-29",10,109,4,0,20704719,1720531,10369593
"2014-01-29",10,85,4,0,20704719,1720531,10369593
"2014-01-29",10,91,4,0,20704719,1720531,10369593
"2014-01-29",10,72,4,0,20704719,1720531,10369593
"2014-01-29",10,89,4,0,20704719,1720531,10369593
"2014-01-29",11,91,4,0,20216244,1576422,10369593
"2014-01-29",11,100,4,0,20216244,1576422,10369593
"2014-01-29",11,115,4,0,20216244,1576422,10369593
"2014-01-29",11,102,4,0,20216244,1576422,10369593
"2014-01-29",11,98,4,0,20216244,1576422,10369593
"2014-01-29",11,104,4,0,20216244,1576422,10369593
"2014-01-29",11,98,4,0,20216244,1576422,10369593
"2014-01-29",11,103,4,0,20216244,1576422,10369593
"2014-01-29",11,96,4,0,20216244,1576422,10369593
"2014-01-29",11,102,4,0,20216244,1576422,10369593
"2014-01-29",11,105,4,0,20216244,1576422,10369593
"2014-01-29",11,97,4,0,20216244,1576422,10369593
"2014-01-29",12,103,4,0,19194886,1405197,10369593
"2014-01-29",12,106,4,0,19194886,1405197,10369593
"2014-01-29",12,103,4,0,19194886,1405197,10369593
"2014-01-29",12,113,4,0,19194886,1405197,10369593
"2014-01-29",12,122,4,0,19194886,1405197,10369593
"2014-01-29",12,115,4,0,19194886,1405197,10369593
"2014-01-29",12,98,4,0,19194886,1405197,10369593
"2014-01-29",12,112,4,0,19194886,1405197,10369593
"2014-01-29",12,132,4,0,19194886,1405197,10369593
"2014-01-29",12,103,4,0,19194886,1405197,10369593
"2014-01-29",12,113,4,0,19194886,1405197,10369593
"2014-01-29",12,108,4,0,19194886,1405197,10369593
"2014-01-29",13,131,4,0,20755272,1433045,10369593
"2014-01-29",13,149,4,0,20755272,1433045,10369593
"2014-01-29",13,119,4,0,20755272,1433045,10369593
"2014-01-29",13,103,4,0,20755272,1433045,10369593
"2014-01-29",13,119,4,0,20755272,1433045,10369593
"2014-01-29",13,110,4,0,20755272,1433045,10369593
"2014-01-29",13,121,4,0,20755272,1433045,10369593
"2014-01-29",13,98,4,0,20755272,1433045,10369593
"2014-01-29",13,124,4,0,20755272,1433045,10369593
"2014-01-29",13,113,4,0,20755272,1433045,10369593
"2014-01-29",13,131,4,0,20755272,1433045,10369593
"2014-01-29",13,115,4,0,20755272,1433045,10369593
"2014-01-29",14,138,4,0,21816978,1476089,10369593
"2014-01-29",14,131,4,0,21816978,1476089,10369593
"2014-01-29",14,132,4,0,21816978,1476089,10369593
"2014-01-29",14,124,4,0,21816978,1476089,10369593
"2014-01-29",14,130,4,0,21816978,1476089,10369593
"2014-01-29",14,130,4,0,21816978,1476089,10369593
"2014-01-29",14,137,4,0,21816978,1476089,10369593
"2014-01-29",14,127,4,0,21816978,1476089,10369593
"2014-01-29",14,126,4,0,21816978,1476089,10369593
"2014-01-29",14,135,4,0,21816978,1476089,10369593
"2014-01-29",14,135,4,0,21816978,1476089,10369593
"2014-01-29",14,142,4,0,21816978,1476089,10369593
"2014-01-29",15,132,4,0,22353936,1379857,10369593
"2014-01-29",15,141,4,0,22353936,1379857,10369593
"2014-01-29",15,129,4,0,22353936,1379857,10369593
"2014-01-29",15,143,4,0,22353936,1379857,10369593
"2014-01-29",15,146,4,0,22353936,1379857,10369593
"2014-01-29",15,130,4,0,22353936,1379857,10369593
"2014-01-29",15,174,4,0,22353936,1379857,10369593
"2014-01-29",15,140,4,0,22353936,1379857,10369593
"2014-01-29",15,139,4,0,22353936,1379857,10369593
"2014-01-29",15,142,4,0,22353936,1379857,10369593
"2014-01-29",15,143,4,0,22353936,1379857,10369593
"2014-01-29",15,136,4,0,22353936,1379857,10369593
"2014-01-29",16,142,4,0,22658379,1240158,10369593
"2014-01-29",16,149,4,0,22658379,1240158,10369593
"2014-01-29",16,141,4,0,22658379,1240158,10369593
"2014-01-29",16,139,4,0,22658379,1240158,10369593
"2014-01-29",16,153,4,0,22658379,1240158,10369593
"2014-01-29",16,156,4,0,22658379,1240158,10369593
"2014-01-29",16,153,4,0,22658379,1240158,10369593
"2014-01-29",16,159,4,0,22658379,1240158,10369593
"2014-01-29",16,157,4,0,22658379,1240158,10369593
"2014-01-29",16,158,4,0,22658379,1240158,10369593
"2014-01-29",16,162,4,0,22658379,1240158,10369593
"2014-01-29",16,156,4,0,22658379,1240158,10369593
"2014-01-29",17,171,4,0,23013125,1060793,10369593
"2014-01-29",17,170,4,0,23013125,1060793,10369593
"2014-01-29",17,154,4,0,23013125,1060793,10369593
"2014-01-29",17,186,4,0,23013125,1060793,10369593
"2014-01-29",17,214,4,0,23013125,1060793,10369593
"2014-01-29",17,190,4,0,23013125,1060793,10369593
"2014-01-29",17,185,4,0,23013125,1060793,10369593
"2014-01-29",17,199,4,0,23013125,1060793,10369593
"2014-01-29",17,196,4,0,23013125,1060793,10369593
"2014-01-29",17,185,4,0,23013125,1060793,10369593
"2014-01-29",17,193,4,0,23013125,1060793,10369593
"2014-01-29",17,188,4,0,23013125,1060793,10369593
"2014-01-29",18,190,4,0,20109610,768213,10369593
"2014-01-29",18,211,4,0,20109610,768213,10369593
"2014-01-29",18,198,4,0,20109610,768213,10369593
"2014-01-29",18,151,4,0,20109610,768213,10369593
"2014-01-29",18,233,4,0,20109610,768213,10369593
"2014-01-29",18,185,4,0,20109610,768213,10369593
"2014-01-29",18,232,4,0,20109610,768213,10369593
"2014-01-29",18,193,4,0,20109610,768213,10369593
"2014-01-29",18,192,4,0,20109610,768213,10369593
"2014-01-29",18,178,4,0,20109610,768213,10369593
"2014-01-29",18,187,4,0,20109610,768213,10369593
"2014-01-29",18,207,4,0,20109610,768213,10369593
"2014-01-29",19,220,4,0,15455642,553550,10369593
"2014-01-29",19,201,4,0,15455642,553550,10369593
"2014-01-29",19,210,4,0,15455642,553550,10369593
"2014-01-29",19,229,4,0,15455642,553550,10369593
"2014-01-29",19,221,4,0,15455642,553550,10369593
"2014-01-29",19,211,4,0,15455642,553550,10369593
"2014-01-29",19,183,4,0,15455642,553550,10369593
"2014-01-29",19,226,4,0,15455642,553550,10369593
"2014-01-29",19,231,4,0,15455642,553550,10369593
"2014-01-29",19,229,4,0,15455642,553550,10369593
"2014-01-29",19,230,4,0,15455642,553550,10369593
"2014-01-29",19,226,4,0,15455642,553550,10369593
"2014-01-29",20,252,4,0,12710244,405901,10369593
"2014-01-29",20,234,4,0,12710244,405901,10369593
"2014-01-29",20,223,4,0,12710244,405901,10369593
"2014-01-29",20,233,4,0,12710244,405901,10369593
"2014-01-29",20,261,4,0,12710244,405901,10369593
"2014-01-29",20,228,4,0,12710244,405901,10369593
"2014-01-29",20,241,4,0,12710244,405901,10369593
"2014-01-29",20,245,4,0,12710244,405901,10369593
"2014-01-29",20,238,4,0,12710244,405901,10369593
"2014-01-29",20,250,4,0,12710244,405901,10369593
"2014-01-29",20,239,4,0,12710244,405901,10369593
"2014-01-29",20,242,4,0,12710244,405901,10369593
"2014-01-29",21,254,4,0,10473982,311397,10369593
"2014-01-29",21,227,4,0,10473982,311397,10369593
"2014-01-29",21,236,4,0,10473982,311397,10369593
"2014-01-29",21,230,4,0,10473982,311397,10369593
"2014-01-29",21,232,4,0,10473982,311397,10369593
"2014-01-29",21,239,4,0,10473982,311397,10369593
"2014-01-29",21,216,4,0,10473982,311397,10369593
"2014-01-29",21,231,4,0,10473982,311397,10369593
"2014-01-29",21,241,4,0,10473982,311397,10369593
"2014-01-29",21,333,4,0,10473982,311397,10369593
"2014-01-29",21,230,4,0,10473982,311397,10369593
"2014-01-29",21,329,4,0,10473982,311397,10369593
"2014-01-29",22,248,4,0,7763743,239495,10369593
"2014-01-29",22,241,4,0,7763743,239495,10369593
"2014-01-29",22,245,4,0,7763743,239495,10369593
"2014-01-29",22,232,4,0,7763743,239495,10369593
"2014-01-29",22,241,4,0,7763743,239495,10369593
"2014-01-29",22,235,4,0,7763743,239495,10369593
"2014-01-29",22,230,4,0,7763743,239495,10369593
"2014-01-29",22,244,4,0,7763743,239495,10369593
"2014-01-29",22,227,4,0,7763743,239495,10369593
"2014-01-29",22,220,4,0,7763743,239495,10369593
"2014-01-29",22,259,4,0,7763743,239495,10369593
"2014-01-29",22,223,4,0,7763743,239495,10369593
"2014-01-29",23,208,4,0,5279820,199497,10369593
"2014-01-29",23,211,4,0,5279820,199497,10369593
"2014-01-29",23,181,4,0,5279820,199497,10369593
"2014-01-29",23,252,4,0,5279820,199497,10369593
"2014-01-29",23,115,4,0,5279820,199497,10369593
"2014-01-29",23,112,4,0,5279820,199497,10369593
"2014-01-29",23,101,4,0,5279820,199497,10369593
"2014-01-29",23,101,4,0,5279820,199497,10369593
"2014-01-29",23,98,4,0,5279820,199497,10369593
"2014-01-29",23,99,4,0,5279820,199497,10369593
"2014-01-29",23,106,4,0,5279820,199497,10369593
"2014-01-29",23,97,4,0,5279820,199497,10369593
"2015-02-17",0,106,5,1,3117065,141548,10297138
"2015-02-17",0,88,5,1,3117065,141548,10297138
"2015-02-17",0,95,5,1,3117065,141548,10297138
"2015-02-17",0,79,5,1,3117065,141548,10297138
"2015-02-17",0,86,5,1,3117065,141548,10297138
"2015-02-17",0,79,5,1,3117065,141548,10297138
"2015-02-17",0,84,5,1,3117065,141548,10297138
"2015-02-17",0,79,5,1,3117065,141548,10297138
"2015-02-17",0,73,5,1,3117065,141548,10297138
"2015-02-17",0,77,5,1,3117065,141548,10297138
"2015-02-17",0,84,5,1,3117065,141548,10297138
"2015-02-17",0,94,5,1,3117065,141548,10297138
"2015-02-17",1,83,5,0,2088998,141617,10297138
"2015-02-17",1,79,5,0,2088998,141617,10297138
"2015-02-17",1,85,5,0,2088998,141617,10297138
"2015-02-17",1,78,5,0,2088998,141617,10297138
"2015-02-17",1,88,5,0,2088998,141617,10297138
"2015-02-17",1,83,5,0,2088998,141617,10297138
"2015-02-17",1,89,5,0,2088998,141617,10297138
"2015-02-17",1,82,5,0,2088998,141617,10297138
"2015-02-17",1,89,5,0,2088998,141617,10297138
"2015-02-17",1,80,5,0,2088998,141617,10297138
"2015-02-17",1,85,5,0,2088998,141617,10297138
"2015-02-17",1,80,5,0,2088998,141617,10297138
"2015-02-17",2,91,5,0,1541438,154967,10297138
"2015-02-17",2,85,5,0,1541438,154967,10297138
"2015-02-17",2,77,5,0,1541438,154967,10297138
"2015-02-17",2,87,5,0,1541438,154967,10297138
"2015-02-17",2,82,5,0,1541438,154967,10297138
"2015-02-17",2,91,5,0,1541438,154967,10297138
"2015-02-17",2,96,5,0,1541438,154967,10297138
"2015-02-17",2,89,5,0,1541438,154967,10297138
"2015-02-17",2,102,5,0,1541438,154967,10297138
"2015-02-17",2,94,5,0,1541438,154967,10297138
"2015-02-17",2,101,5,0,1541438,154967,10297138
"2015-02-17",2,90,5,0,1541438,154967,10297138
"2015-02-17",3,93,5,1,1393356,200633,10297138
"2015-02-17",3,97,5,1,1393356,200633,10297138
"2015-02-17",3,90,5,1,1393356,200633,10297138
"2015-02-17",3,81,5,1,1393356,200633,10297138
"2015-02-17",3,89,5,1,1393356,200633,10297138
"2015-02-17",3,93,5,1,1393356,200633,10297138
"2015-02-17",3,88,5,1,1393356,200633,10297138
"2015-02-17",3,84,5,1,1393356,200633,10297138
"2015-02-17",3,92,5,1,1393356,200633,10297138
"2015-02-17",3,82,5,1,1393356,200633,10297138
"2015-02-17",3,88,5,1,1393356,200633,10297138
"2015-02-17",4,85,5,0,1965195,313330,10297138
"2015-02-17",4,76,5,0,1965195,313330,10297138
"2015-02-17",4,80,5,0,1965195,313330,10297138
"2015-02-17",4,87,5,0,1965195,313330,10297138
"2015-02-17",4,91,5,0,1965195,313330,10297138
"2015-02-17",4,84,5,0,1965195,313330,10297138
"2015-02-17",4,89,5,0,1965195,313330,10297138
"2015-02-17",4,79,5,0,1965195,313330,10297138
"2015-02-17",4,87,5,0,1965195,313330,10297138
"2015-02-17",4,82,5,0,1965195,313330,10297138
"2015-02-17",4,74,5,0,1965195,313330,10297138
"2015-02-17",4,82,5,0,1965195,313330,10297138
"2015-02-17",5,95,5,0,4642716,569084,10297138
"2015-02-17",5,97,5,0,4642716,569084,10297138
"2015-02-17",5,78,5,0,4642716,569084,10297138
"2015-02-17",5,96,5,0,4642716,569084,10297138
"2015-02-17",5,89,5,0,4642716,569084,10297138
"2015-02-17",5,125,5,0,4642716,569084,10297138
"2015-02-17",5,99,5,0,4642716,569084,10297138
"2015-02-17",5,91,5,0,4642716,569084,10297138
"2015-02-17",5,114,5,0,4642716,569084,10297138
"2015-02-17",5,106,5,0,4642716,569084,10297138
"2015-02-17",5,97,5,0,4642716,569084,10297138
"2015-02-17",5,100,5,0,4642716,569084,10297138
"2015-02-17",6,104,5,0,9289639,910190,10297138
"2015-02-17",6,120,5,0,9289639,910190,10297138
"2015-02-17",6,105,5,0,9289639,910190,10297138
"2015-02-17",6,107,5,0,9289639,910190,10297138
"2015-02-17",6,102,5,0,9289639,910190,10297138
"2015-02-17",6,99,5,0,9289639,910190,10297138
"2015-02-17",6,111,5,0,9289639,910190,10297138
"2015-02-17",6,95,5,0,9289639,910190,10297138
"2015-02-17",6,105,5,0,9289639,910190,10297138
"2015-02-17",6,103,5,0,9289639,910190,10297138
"2015-02-17",6,108,5,0,9289639,910190,10297138
"2015-02-17",6,100,5,0,9289639,910190,10297138
"2015-02-17",7,99,5,0,13384876,1032145,10297138
"2015-02-17",7,106,5,0,13384876,1032145,10297138
"2015-02-17",7,83,5,0,13384876,1032145,10297138
"2015-02-17",7,89,5,0,13384876,1032145,10297138
"2015-02-17",7,99,5,0,13384876,1032145,10297138
"2015-02-17",7,96,5,0,13384876,1032145,10297138
"2015-02-17",7,92,5,0,13384876,1032145,10297138
"2015-02-17",7,95,5,0,13384876,1032145,10297138
"2015-02-17",7,97,5,0,13384876,1032145,10297138
"2015-02-17",7,103,5,0,13384876,1032145,10297138
"2015-02-17",7,105,5,0,13384876,1032145,10297138
"2015-02-17",7,96,5,0,13384876,1032145,10297138
"2015-02-17",8,95,5,0,14753459,1209263,10297138
"2015-02-17",8,102,5,0,14753459,1209263,10297138
"2015-02-17",8,99,5,0,14753459,1209263,10297138
"2015-02-17",8,90,5,0,14753459,1209263,10297138
"2015-02-17",8,94,5,0,14753459,1209263,10297138
"2015-02-17",8,83,5,0,14753459,1209263,10297138
"2015-02-17",8,88,5,0,14753459,1209263,10297138
"2015-02-17",8,90,5,0,14753459,1209263,10297138
"2015-02-17",8,94,5,0,14753459,1209263,10297138
"2015-02-17",8,91,5,0,14753459,1209263,10297138
"2015-02-17",8,84,5,0,14753459,1209263,10297138
"2015-02-17",8,92,5,0,14753459,1209263,10297138
"2015-02-17",9,87,5,0,16662426,1416714,10297138
"2015-02-17",9,93,5,0,16662426,1416714,10297138
"2015-02-17",9,81,5,0,16662426,1416714,10297138
"2015-02-17",9,79,5,0,16662426,1416714,10297138
"2015-02-17",9,92,5,0,16662426,1416714,10297138
"2015-02-17",9,85,5,0,16662426,1416714,10297138
"2015-02-17",9,95,5,0,16662426,1416714,10297138
"2015-02-17",9,90,5,0,16662426,1416714,10297138
"2015-02-17",9,96,5,0,16662426,1416714,10297138
"2015-02-17",9,100,5,0,16662426,1416714,10297138
"2015-02-17",9,99,5,0,16662426,1416714,10297138
"2015-02-17",9,91,5,0,16662426,1416714,10297138
"2015-02-17",10,97,5,0,18460017,1404372,10297138
"2015-02-17",10,95,5,0,18460017,1404372,10297138
"2015-02-17",10,89,5,0,18460017,1404372,10297138
"2015-02-17",10,101,5,0,18460017,1404372,10297138
"2015-02-17",10,90,5,0,18460017,1404372,10297138
"2015-02-17",10,100,5,0,18460017,1404372,10297138
"2015-02-17",10,96,5,0,18460017,1404372,10297138
"2015-02-17",10,107,5,0,18460017,1404372,10297138
"2015-02-17",10,98,5,0,18460017,1404372,10297138
"2015-02-17",10,94,5,0,18460017,1404372,10297138
"2015-02-17",10,98,5,0,18460017,1404372,10297138
"2015-02-17",10,100,5,0,18460017,1404372,10297138
"2015-02-17",11,101,5,0,17990220,1278377,10297138
"2015-02-17",11,94,5,0,17990220,1278377,10297138
"2015-02-17",11,84,5,0,17990220,1278377,10297138
"2015-02-17",11,98,5,0,17990220,1278377,10297138
"2015-02-17",11,106,5,0,17990220,1278377,10297138
"2015-02-17",11,91,5,0,17990220,1278377,10297138
"2015-02-17",11,107,5,0,17990220,1278377,10297138
"2015-02-17",11,111,5,0,17990220,1278377,10297138
"2015-02-17",11,137,5,0,17990220,1278377,10297138
"2015-02-17",11,112,5,0,17990220,1278377,10297138
"2015-02-17",11,107,5,0,17990220,1278377,10297138
"2015-02-17",11,117,5,0,17990220,1278377,10297138
"2015-02-17",12,120,5,0,17145747,1155349,10297138
"2015-02-17",12,130,5,0,17145747,1155349,10297138
"2015-02-17",12,127,5,0,17145747,1155349,10297138
"2015-02-17",12,104,5,0,17145747,1155349,10297138
"2015-02-17",12,122,5,0,17145747,1155349,10297138
"2015-02-17",12,112,5,0,17145747,1155349,10297138
"2015-02-17",12,124,5,0,17145747,1155349,10297138
"2015-02-17",12,117,5,0,17145747,1155349,10297138
"2015-02-17",12,131,5,0,17145747,1155349,10297138
"2015-02-17",12,179,5,0,17145747,1155349,10297138
"2015-02-17",12,131,5,0,17145747,1155349,10297138
"2015-02-17",12,121,5,0,17145747,1155349,10297138
"2015-02-17",13,116,5,0,18521112,1172609,10297138
"2015-02-17",13,112,5,0,18521112,1172609,10297138
"2015-02-17",13,104,5,0,18521112,1172609,10297138
"2015-02-17",13,175,5,0,18521112,1172609,10297138
"2015-02-17",13,123,5,0,18521112,1172609,10297138
"2015-02-17",13,123,5,0,18521112,1172609,10297138
"2015-02-17",13,116,5,0,18521112,1172609,10297138
"2015-02-17",13,127,5,0,18521112,1172609,10297138
"2015-02-17",13,113,5,0,18521112,1172609,10297138
"2015-02-17",13,110,5,0,18521112,1172609,10297138
"2015-02-17",13,115,5,0,18521112,1172609,10297138
"2015-02-17",13,106,5,0,18521112,1172609,10297138
"2015-02-17",14,125,5,0,19422715,1201678,10297138
"2015-02-17",14,117,5,0,19422715,1201678,10297138
"2015-02-17",14,132,5,0,19422715,1201678,10297138
"2015-02-17",14,144,5,0,19422715,1201678,10297138
"2015-02-17",14,129,5,0,19422715,1201678,10297138
"2015-02-17",14,157,5,0,19422715,1201678,10297138
"2015-02-17",14,127,5,0,19422715,1201678,10297138
"2015-02-17",14,141,5,0,19422715,1201678,10297138
"2015-02-17",14,132,5,0,19422715,1201678,10297138
"2015-02-17",14,140,5,0,19422715,1201678,10297138
"2015-02-17",14,131,5,0,19422715,1201678,10297138
"2015-02-17",14,137,5,0,19422715,1201678,10297138
"2015-02-17",15,151,5,0,19877237,1126585,10297138
"2015-02-17",15,139,5,0,19877237,1126585,10297138
"2015-02-17",15,145,5,0,19877237,1126585,10297138
"2015-02-17",15,154,5,0,19877237,1126585,10297138
"2015-02-17",15,144,5,0,19877237,1126585,10297138
"2015-02-17",15,180,5,0,19877237,1126585,10297138
"2015-02-17",15,136,5,0,19877237,1126585,10297138
"2015-02-17",15,150,5,0,19877237,1126585,10297138
"2015-02-17",15,143,5,0,19877237,1126585,10297138
"2015-02-17",15,149,5,0,19877237,1126585,10297138
"2015-02-17",15,144,5,0,19877237,1126585,10297138
"2015-02-17",15,149,5,0,19877237,1126585,10297138
"2015-02-17",16,153,5,0,20110893,1012096,10297138
"2015-02-17",16,145,5,0,20110893,1012096,10297138
"2015-02-17",16,162,5,0,20110893,1012096,10297138
"2015-02-17",16,187,5,0,20110893,1012096,10297138
"2015-02-17",16,165,5,0,20110893,1012096,10297138
"2015-02-17",16,173,5,0,20110893,1012096,10297138
"2015-02-17",16,161,5,0,20110893,1012096,10297138
"2015-02-17",16,159,5,0,20110893,1012096,10297138
"2015-02-17",16,225,5,0,20110893,1012096,10297138
"2015-02-17",16,171,5,0,20110893,1012096,10297138
"2015-02-17",16,164,5,0,20110893,1012096,10297138
"2015-02-17",16,168,5,0,20110893,1012096,10297138
"2015-02-17",17,206,5,0,20261661,870086,10297138
"2015-02-17",17,159,5,0,20261661,870086,10297138
"2015-02-17",17,185,5,0,20261661,870086,10297138
"2015-02-17",17,183,5,0,20261661,870086,10297138
"2015-02-17",17,187,5,0,20261661,870086,10297138
"2015-02-17",17,166,5,0,20261661,870086,10297138
"2015-02-17",17,169,5,0,20261661,870086,10297138
"2015-02-17",17,167,5,0,20261661,870086,10297138
"2015-02-17",17,176,5,0,20261661,870086,10297138
"2015-02-17",17,171,5,0,20261661,870086,10297138
"2015-02-17",17,179,5,0,20261661,870086,10297138
"2015-02-17",17,181,5,0,20261661,870086,10297138
"2015-02-17",18,151,5,0,17543348,614827,10297138
"2015-02-17",18,180,5,0,17543348,614827,10297138
"2015-02-17",18,196,5,0,17543348,614827,10297138
"2015-02-17",18,211,5,0,17543348,614827,10297138
"2015-02-17",18,188,5,0,17543348,614827,10297138
"2015-02-17",18,190,5,0,17543348,614827,10297138
"2015-02-17",18,188,5,0,17543348,614827,10297138
"2015-02-17",18,198,5,0,17543348,614827,10297138
"2015-02-17",18,187,5,0,17543348,614827,10297138
"2015-02-17",18,197,5,0,17543348,614827,10297138
"2015-02-17",18,199,5,0,17543348,614827,10297138
"2015-02-17",18,186,5,0,17543348,614827,10297138
"2015-02-17",19,189,5,0,13465160,442135,10297138
"2015-02-17",19,211,5,0,13465160,442135,10297138
"2015-02-17",19,202,5,0,13465160,442135,10297138
"2015-02-17",19,216,5,0,13465160,442135,10297138
"2015-02-17",19,216,5,0,13465160,442135,10297138
"2015-02-17",19,219,5,0,13465160,442135,10297138
"2015-02-17",19,215,5,0,13465160,442135,10297138
"2015-02-17",19,222,5,0,13465160,442135,10297138
"2015-02-17",19,229,5,0,13465160,442135,10297138
"2015-02-17",19,219,5,0,13465160,442135,10297138
"2015-02-17",19,236,5,0,13465160,442135,10297138
"2015-02-17",19,224,5,0,13465160,442135,10297138
"2015-02-17",20,249,5,0,11171349,323293,10297138
"2015-02-17",20,244,5,0,11171349,323293,10297138
"2015-02-17",20,248,5,0,11171349,323293,10297138
"2015-02-17",20,253,5,0,11171349,323293,10297138
"2015-02-17",20,249,5,0,11171349,323293,10297138
"2015-02-17",20,247,5,0,11171349,323293,10297138
"2015-02-17",20,211,5,0,11171349,323293,10297138
"2015-02-17",20,269,5,0,11171349,323293,10297138
"2015-02-17",20,240,5,0,11171349,323293,10297138
"2015-02-17",20,241,5,0,11171349,323293,10297138
"2015-02-17",20,247,5,0,11171349,323293,10297138
"2015-02-17",20,263,5,0,11171349,323293,10297138
"2015-02-17",21,257,5,0,9194389,240153,10297138
"2015-02-17",21,253,5,0,9194389,240153,10297138
"2015-02-17",21,253,5,0,9194389,240153,10297138
"2015-02-17",21,275,5,0,9194389,240153,10297138
"2015-02-17",21,240,5,0,9194389,240153,10297138
"2015-02-17",21,250,5,0,9194389,240153,10297138
"2015-02-17",21,257,5,0,9194389,240153,10297138
"2015-02-17",21,256,5,0,9194389,240153,10297138
"2015-02-17",21,234,5,0,9194389,240153,10297138
"2015-02-17",21,235,5,0,9194389,240153,10297138
"2015-02-17",21,254,5,0,9194389,240153,10297138
"2015-02-17",21,238,5,0,9194389,240153,10297138
"2015-02-17",22,251,5,0,6796676,185327,10297138
"2015-02-17",22,240,5,0,6796676,185327,10297138
"2015-02-17",22,263,5,0,6796676,185327,10297138
"2015-02-17",22,253,5,0,6796676,185327,10297138
"2015-02-17",22,252,5,0,6796676,185327,10297138
"2015-02-17",22,258,5,0,6796676,185327,10297138
"2015-02-17",22,268,5,0,6796676,185327,10297138
"2015-02-17",22,258,5,0,6796676,185327,10297138
"2015-02-17",22,323,5,0,6796676,185327,10297138
"2015-02-17",22,260,5,0,6796676,185327,10297138
"2015-02-17",22,244,5,0,6796676,185327,10297138
"2015-02-17",22,246,5,0,6796676,185327,10297138
"2015-02-17",23,183,5,0,4636096,157563,10297138
"2015-02-17",23,237,5,0,4636096,157563,10297138
"2015-02-17",23,244,5,0,4636096,157563,10297138
"2015-02-17",23,104,5,0,4636096,157563,10297138
"2015-02-17",23,118,5,0,4636096,157563,10297138
"2015-02-17",23,100,5,0,4636096,157563,10297138
"2015-02-17",23,118,5,0,4636096,157563,10297138
"2015-02-17",23,97,5,0,4636096,157563,10297138
"2015-02-17",23,91,5,0,4636096,157563,10297138
"2015-02-17",23,85,5,0,4636096,157563,10297138
"2015-02-17",23,105,5,0,4636096,157563,10297138
"2017-01-26",0,87,4,1,2263990,55522,10124579
"2017-01-26",0,80,4,1,2263990,55522,10124579
"2017-01-26",0,91,4,1,2263990,55522,10124579
"2017-01-26",0,75,4,1,2263990,55522,10124579
"2017-01-26",0,87,4,1,2263990,55522,10124579
"2017-01-26",0,110,4,1,2263990,55522,10124579
"2017-01-26",0,83,4,1,2263990,55522,10124579
"2017-01-26",0,89,4,1,2263990,55522,10124579
"2017-01-26",0,78,4,1,2263990,55522,10124579
"2017-01-26",0,88,4,1,2263990,55522,10124579
"2017-01-26",0,77,4,1,2263990,55522,10124579
"2017-01-26",1,92,4,1,1534668,56025,10124579
"2017-01-26",1,78,4,1,1534668,56025,10124579
"2017-01-26",1,89,4,1,1534668,56025,10124579
"2017-01-26",1,80,4,1,1534668,56025,10124579
"2017-01-26",1,90,4,1,1534668,56025,10124579
"2017-01-26",1,80,4,1,1534668,56025,10124579
"2017-01-26",1,87,4,1,1534668,56025,10124579
"2017-01-26",1,77,4,1,1534668,56025,10124579
"2017-01-26",1,104,4,1,1534668,56025,10124579
"2017-01-26",1,106,4,1,1534668,56025,10124579
"2017-01-26",1,89,4,1,1534668,56025,10124579
"2017-01-26",1,82,4,1,1534668,56025,10124579
"2017-01-26",2,94,4,1,1146168,61401,10124579
"2017-01-26",2,87,4,1,1146168,61401,10124579
"2017-01-26",2,98,4,1,1146168,61401,10124579
"2017-01-26",2,103,4,1,1146168,61401,10124579
"2017-01-26",2,91,4,1,1146168,61401,10124579
"2017-01-26",2,87,4,1,1146168,61401,10124579
"2017-01-26",2,83,4,1,1146168,61401,10124579
"2017-01-26",2,94,4,1,1146168,61401,10124579
"2017-01-26",2,98,4,1,1146168,61401,10124579
"2017-01-26",2,90,4,1,1146168,61401,10124579
"2017-01-26",2,87,4,1,1146168,61401,10124579
"2017-01-26",2,80,4,1,1146168,61401,10124579
"2017-01-26",3,95,4,1,1076856,81915,10124579
"2017-01-26",3,93,4,1,1076856,81915,10124579
"2017-01-26",3,98,4,1,1076856,81915,10124579
"2017-01-26",3,91,4,1,1076856,81915,10124579
"2017-01-26",3,115,4,1,1076856,81915,10124579
"2017-01-26",3,92,4,1,1076856,81915,10124579
"2017-01-26",3,106,4,1,1076856,81915,10124579
"2017-01-26",3,97,4,1,1076856,81915,10124579
"2017-01-26",3,91,4,1,1076856,81915,10124579
"2017-01-26",3,99,4,1,1076856,81915,10124579
"2017-01-26",3,93,4,1,1076856,81915,10124579
"2017-01-26",3,116,4,1,1076856,81915,10124579
"2017-01-26",4,103,4,1,1586722,120295,10124579
"2017-01-26",4,89,4,1,1586722,120295,10124579
"2017-01-26",4,88,4,1,1586722,120295,10124579
"2017-01-26",4,91,4,1,1586722,120295,10124579
"2017-01-26",4,95,4,1,1586722,120295,10124579
"2017-01-26",4,89,4,1,1586722,120295,10124579
"2017-01-26",4,92,4,1,1586722,120295,10124579
"2017-01-26",4,88,4,1,1586722,120295,10124579
"2017-01-26",4,92,4,1,1586722,120295,10124579
"2017-01-26",4,86,4,1,1586722,120295,10124579
"2017-01-26",4,91,4,1,1586722,120295,10124579
"2017-01-26",5,127,4,1,3943211,240688,10124579
"2017-01-26",5,88,4,1,3943211,240688,10124579
"2017-01-26",5,83,4,1,3943211,240688,10124579
"2017-01-26",5,92,4,1,3943211,240688,10124579
"2017-01-26",5,95,4,1,3943211,240688,10124579
"2017-01-26",5,91,4,1,3943211,240688,10124579
"2017-01-26",5,95,4,1,3943211,240688,10124579
"2017-01-26",5,87,4,1,3943211,240688,10124579
"2017-01-26",5,93,4,1,3943211,240688,10124579
"2017-01-26",5,85,4,1,3943211,240688,10124579
"2017-01-26",5,93,4,1,3943211,240688,10124579
"2017-01-26",6,90,4,1,7695815,439642,10124579
"2017-01-26",6,98,4,1,7695815,439642,10124579
"2017-01-26",6,83,4,1,7695815,439642,10124579
"2017-01-26",6,76,4,1,7695815,439642,10124579
"2017-01-26",6,86,4,1,7695815,439642,10124579
"2017-01-26",6,84,4,1,7695815,439642,10124579
"2017-01-26",6,79,4,1,7695815,439642,10124579
"2017-01-26",6,86,4,1,7695815,439642,10124579
"2017-01-26",6,77,4,1,7695815,439642,10124579
"2017-01-26",6,88,4,1,7695815,439642,10124579
"2017-01-26",6,92,4,1,7695815,439642,10124579
"2017-01-26",6,83,4,1,7695815,439642,10124579
"2017-01-26",7,77,4,1,10713741,533512,10124579
"2017-01-26",7,83,4,1,10713741,533512,10124579
"2017-01-26",7,77,4,1,10713741,533512,10124579
"2017-01-26",7,80,4,1,10713741,533512,10124579
"2017-01-26",7,76,4,1,10713741,533512,10124579
"2017-01-26",7,80,4,1,10713741,533512,10124579
"2017-01-26",7,84,4,1,10713741,533512,10124579
"2017-01-26",7,86,4,1,10713741,533512,10124579
"2017-01-26",7,76,4,1,10713741,533512,10124579
"2017-01-26",7,80,4,1,10713741,533512,10124579
"2017-01-26",7,83,4,1,10713741,533512,10124579
"2017-01-26",8,86,4,1,11863474,598953,10124579
"2017-01-26",8,84,4,1,11863474,598953,10124579
"2017-01-26",8,106,4,1,11863474,598953,10124579
"2017-01-26",8,93,4,1,11863474,598953,10124579
"2017-01-26",8,79,4,1,11863474,598953,10124579
"2017-01-26",8,76,4,1,11863474,598953,10124579
"2017-01-26",8,100,4,1,11863474,598953,10124579
"2017-01-26",8,122,4,1,11863474,598953,10124579
"2017-01-26",8,82,4,1,11863474,598953,10124579
"2017-01-26",8,87,4,1,11863474,598953,10124579
"2017-01-26",8,82,4,1,11863474,598953,10124579
"2017-01-26",8,79,4,1,11863474,598953,10124579
"2017-01-26",9,97,4,1,13242181,688415,10124579
"2017-01-26",9,90,4,1,13242181,688415,10124579
"2017-01-26",9,78,4,1,13242181,688415,10124579
"2017-01-26",9,102,4,1,13242181,688415,10124579
"2017-01-26",9,109,4,1,13242181,688415,10124579
"2017-01-26",9,90,4,1,13242181,688415,10124579
"2017-01-26",9,84,4,1,13242181,688415,10124579
"2017-01-26",9,93,4,1,13242181,688415,10124579
"2017-01-26",9,88,4,1,13242181,688415,10124579
"2017-01-26",9,94,4,1,13242181,688415,10124579
"2017-01-26",9,87,4,1,13242181,688415,10124579
"2017-01-26",9,85,4,1,13242181,688415,10124579
"2017-01-26",10,94,4,1,14473087,676177,10124579
"2017-01-26",10,101,4,1,14473087,676177,10124579
"2017-01-26",10,81,4,1,14473087,676177,10124579
"2017-01-26",10,101,4,1,14473087,676177,10124579
"2017-01-26",10,105,4,1,14473087,676177,10124579
"2017-01-26",10,97,4,1,14473087,676177,10124579
"2017-01-26",10,94,4,1,14473087,676177,10124579
"2017-01-26",10,107,4,1,14473087,676177,10124579
"2017-01-26",10,104,4,1,14473087,676177,10124579
"2017-01-26",10,99,4,1,14473087,676177,10124579
"2017-01-26",10,131,4,1,14473087,676177,10124579
"2017-01-26",10,99,4,1,14473087,676177,10124579
"2017-01-26",11,103,4,1,14092662,607412,10124579
"2017-01-26",11,108,4,1,14092662,607412,10124579
"2017-01-26",11,120,4,1,14092662,607412,10124579
"2017-01-26",11,103,4,1,14092662,607412,10124579
"2017-01-26",11,112,4,1,14092662,607412,10124579
"2017-01-26",11,114,4,1,14092662,607412,10124579
"2017-01-26",11,106,4,1,14092662,607412,10124579
"2017-01-26",11,98,4,1,14092662,607412,10124579
"2017-01-26",11,114,4,1,14092662,607412,10124579
"2017-01-26",11,112,4,1,14092662,607412,10124579
"2017-01-26",11,130,4,1,14092662,607412,10124579
"2017-01-26",11,133,4,1,14092662,607412,10124579
"2017-01-26",12,113,4,1,13599682,543005,10124579
"2017-01-26",12,89,4,1,13599682,543005,10124579
"2017-01-26",12,108,4,1,13599682,543005,10124579
"2017-01-26",12,114,4,1,13599682,543005,10124579
"2017-01-26",12,126,4,1,13599682,543005,10124579
"2017-01-26",12,114,4,1,13599682,543005,10124579
"2017-01-26",12,106,4,1,13599682,543005,10124579
"2017-01-26",12,118,4,1,13599682,543005,10124579
"2017-01-26",12,103,4,1,13599682,543005,10124579
"2017-01-26",12,116,4,1,13599682,543005,10124579
"2017-01-26",12,120,4,1,13599682,543005,10124579
"2017-01-26",12,153,4,1,13599682,543005,10124579
"2017-01-26",13,109,4,1,14700451,577625,10124579
"2017-01-26",13,120,4,1,14700451,577625,10124579
"2017-01-26",13,122,4,1,14700451,577625,10124579
"2017-01-26",13,103,4,1,14700451,577625,10124579
"2017-01-26",13,143,4,1,14700451,577625,10124579
"2017-01-26",13,117,4,1,14700451,577625,10124579
"2017-01-26",13,125,4,1,14700451,577625,10124579
"2017-01-26",13,119,4,1,14700451,577625,10124579
"2017-01-26",13,131,4,1,14700451,577625,10124579
"2017-01-26",13,127,4,1,14700451,577625,10124579
"2017-01-26",13,125,4,1,14700451,577625,10124579
"2017-01-26",13,139,4,1,14700451,577625,10124579
"2017-01-26",14,131,4,1,15286525,586611,10124579
"2017-01-26",14,123,4,1,15286525,586611,10124579
"2017-01-26",14,123,4,1,15286525,586611,10124579
"2017-01-26",14,149,4,1,15286525,586611,10124579
"2017-01-26",14,127,4,1,15286525,586611,10124579
"2017-01-26",14,148,4,1,15286525,586611,10124579
"2017-01-26",14,136,4,1,15286525,586611,10124579
"2017-01-26",14,142,4,1,15286525,586611,10124579
"2017-01-26",14,141,4,1,15286525,586611,10124579
"2017-01-26",14,132,4,1,15286525,586611,10124579
"2017-01-26",14,144,4,1,15286525,586611,10124579
"2017-01-26",14,142,4,1,15286525,586611,10124579
"2017-01-26",15,144,4,1,15616153,553681,10124579
"2017-01-26",15,154,4,1,15616153,553681,10124579
"2017-01-26",15,119,4,1,15616153,553681,10124579
"2017-01-26",15,150,4,1,15616153,553681,10124579
"2017-01-26",15,136,4,1,15616153,553681,10124579
"2017-01-26",15,138,4,1,15616153,553681,10124579
"2017-01-26",15,146,4,1,15616153,553681,10124579
"2017-01-26",15,148,4,1,15616153,553681,10124579
"2017-01-26",15,149,4,1,15616153,553681,10124579
"2017-01-26",15,149,4,1,15616153,553681,10124579
"2017-01-26",15,135,4,1,15616153,553681,10124579
"2017-01-26",15,144,4,1,15616153,553681,10124579
"2017-01-26",16,133,4,1,15978700,500434,10124579
"2017-01-26",16,154,4,1,15978700,500434,10124579
"2017-01-26",16,168,4,1,15978700,500434,10124579
"2017-01-26",16,157,4,1,15978700,500434,10124579
"2017-01-26",16,161,4,1,15978700,500434,10124579
"2017-01-26",16,239,4,1,15978700,500434,10124579
"2017-01-26",16,157,4,1,15978700,500434,10124579
"2017-01-26",16,167,4,1,15978700,500434,10124579
"2017-01-26",16,160,4,1,15978700,500434,10124579
"2017-01-26",16,158,4,1,15978700,500434,10124579
"2017-01-26",16,160,4,1,15978700,500434,10124579
"2017-01-26",16,173,4,1,15978700,500434,10124579
"2017-01-26",17,180,4,1,16007163,430053,10124579
"2017-01-26",17,168,4,1,16007163,430053,10124579
"2017-01-26",17,172,4,1,16007163,430053,10124579
"2017-01-26",17,182,4,1,16007163,430053,10124579
"2017-01-26",17,183,4,1,16007163,430053,10124579
"2017-01-26",17,178,4,1,16007163,430053,10124579
"2017-01-26",17,191,4,1,16007163,430053,10124579
"2017-01-26",17,187,4,1,16007163,430053,10124579
"2017-01-26",17,140,4,1,16007163,430053,10124579
"2017-01-26",17,170,4,1,16007163,430053,10124579
"2017-01-26",17,185,4,1,16007163,430053,10124579
"2017-01-26",17,188,4,1,16007163,430053,10124579
"2017-01-26",18,167,4,1,13614141,282458,10124579
"2017-01-26",18,189,4,1,13614141,282458,10124579
"2017-01-26",18,193,4,1,13614141,282458,10124579
"2017-01-26",18,202,4,1,13614141,282458,10124579
"2017-01-26",18,193,4,1,13614141,282458,10124579
"2017-01-26",18,162,4,1,13614141,282458,10124579
"2017-01-26",18,204,4,1,13614141,282458,10124579
"2017-01-26",18,197,4,1,13614141,282458,10124579
"2017-01-26",18,203,4,1,13614141,282458,10124579
"2017-01-26",18,185,4,1,13614141,282458,10124579
"2017-01-26",18,203,4,1,13614141,282458,10124579
"2017-01-26",18,199,4,1,13614141,282458,10124579
"2017-01-26",19,189,4,1,10278326,194536,10124579
"2017-01-26",19,199,4,1,10278326,194536,10124579
"2017-01-26",19,181,4,1,10278326,194536,10124579
"2017-01-26",19,182,4,1,10278326,194536,10124579
"2017-01-26",19,207,4,1,10278326,194536,10124579
"2017-01-26",19,187,4,1,10278326,194536,10124579
"2017-01-26",19,190,4,1,10278326,194536,10124579
"2017-01-26",19,203,4,1,10278326,194536,10124579
"2017-01-26",19,196,4,1,10278326,194536,10124579
"2017-01-26",19,184,4,1,10278326,194536,10124579
"2017-01-26",19,202,4,1,10278326,194536,10124579
"2017-01-26",19,177,4,1,10278326,194536,10124579
"2017-01-26",20,191,4,1,8327714,134453,10124579
"2017-01-26",20,241,4,1,8327714,134453,10124579
"2017-01-26",20,195,4,1,8327714,134453,10124579
"2017-01-26",20,183,4,1,8327714,134453,10124579
"2017-01-26",20,183,4,1,8327714,134453,10124579
"2017-01-26",20,193,4,1,8327714,134453,10124579
"2017-01-26",20,191,4,1,8327714,134453,10124579
"2017-01-26",20,189,4,1,8327714,134453,10124579
"2017-01-26",20,179,4,1,8327714,134453,10124579
"2017-01-26",20,183,4,1,8327714,134453,10124579
"2017-01-26",20,197,4,1,8327714,134453,10124579
"2017-01-26",20,186,4,1,8327714,134453,10124579
"2017-01-26",21,288,4,1,6816494,93863,10124579
"2017-01-26",21,210,4,1,6816494,93863,10124579
"2017-01-26",21,197,4,1,6816494,93863,10124579
"2017-01-26",21,229,4,1,6816494,93863,10124579
"2017-01-26",21,214,4,1,6816494,93863,10124579
"2017-01-26",21,203,4,1,6816494,93863,10124579
"2017-01-26",21,215,4,1,6816494,93863,10124579
"2017-01-26",21,223,4,1,6816494,93863,10124579
"2017-01-26",21,219,4,1,6816494,93863,10124579
"2017-01-26",21,216,4,1,6816494,93863,10124579
"2017-01-26",21,210,4,1,6816494,93863,10124579
"2017-01-26",21,230,4,1,6816494,93863,10124579
"2017-01-26",22,215,4,1,4954720,70169,10124579
"2017-01-26",22,221,4,1,4954720,70169,10124579
"2017-01-26",22,198,4,1,4954720,70169,10124579
"2017-01-26",22,230,4,1,4954720,70169,10124579
"2017-01-26",22,208,4,1,4954720,70169,10124579
"2017-01-26",22,221,4,1,4954720,70169,10124579
"2017-01-26",22,186,4,1,4954720,70169,10124579
"2017-01-26",22,208,4,1,4954720,70169,10124579
"2017-01-26",22,220,4,1,4954720,70169,10124579
"2017-01-26",22,251,4,1,4954720,70169,10124579
"2017-01-26",22,219,4,1,4954720,70169,10124579
"2017-01-26",22,256,4,1,4954720,70169,10124579
"2017-01-26",23,199,4,1,3336994,61849,10124579
"2017-01-26",23,252,4,1,3336994,61849,10124579
"2017-01-26",23,130,4,1,3336994,61849,10124579
"2017-01-26",23,146,4,1,3336994,61849,10124579
"2017-01-26",23,110,4,1,3336994,61849,10124579
"2017-01-26",23,108,4,1,3336994,61849,10124579
"2017-01-26",23,108,4,1,3336994,61849,10124579
"2017-01-26",23,120,4,1,3336994,61849,10124579
"2017-01-26",23,106,4,1,3336994,61849,10124579
"2017-01-26",23,112,4,1,3336994,61849,10124579
"2017-01-26",23,104,4,1,3336994,61849,10124579
"2017-01-26",23,101,4,1,3336994,61849,10124579
"2018-02-14",0,95,4,0,2062008,46739,10049607
"2018-02-14",0,89,4,0,2062008,46739,10049607
"2018-02-14",0,76,4,0,2062008,46739,10049607
"2018-02-14",0,94,4,0,2062008,46739,10049607
"2018-02-14",0,85,4,0,2062008,46739,10049607
"2018-02-14",0,96,4,0,2062008,46739,10049607
"2018-02-14",0,85,4,0,2062008,46739,10049607
"2018-02-14",0,92,4,0,2062008,46739,10049607
"2018-02-14",0,83,4,0,2062008,46739,10049607
"2018-02-14",0,108,4,0,2062008,46739,10049607
"2018-02-14",0,86,4,0,2062008,46739,10049607
"2018-02-14",0,82,4,0,2062008,46739,10049607
"2018-02-14",1,89,4,0,1404611,48487,10049607
"2018-02-14",1,79,4,0,1404611,48487,10049607
"2018-02-14",1,92,4,0,1404611,48487,10049607
"2018-02-14",1,96,4,0,1404611,48487,10049607
"2018-02-14",1,84,4,0,1404611,48487,10049607
"2018-02-14",1,93,4,0,1404611,48487,10049607
"2018-02-14",1,84,4,0,1404611,48487,10049607
"2018-02-14",1,91,4,0,1404611,48487,10049607
"2018-02-14",1,95,4,0,1404611,48487,10049607
"2018-02-14",1,72,4,0,1404611,48487,10049607
"2018-02-14",1,98,4,0,1404611,48487,10049607
"2018-02-14",1,91,4,0,1404611,48487,10049607
"2018-02-14",2,84,4,0,1075574,56086,10049607
"2018-02-14",2,81,4,0,1075574,56086,10049607
"2018-02-14",2,88,4,0,1075574,56086,10049607
"2018-02-14",2,80,4,0,1075574,56086,10049607
"2018-02-14",2,103,4,0,1075574,56086,10049607
"2018-02-14",2,80,4,0,1075574,56086,10049607
"2018-02-14",2,84,4,0,1075574,56086,10049607
"2018-02-14",2,81,4,0,1075574,56086,10049607
"2018-02-14",2,89,4,0,1075574,56086,10049607
"2018-02-14",2,79,4,0,1075574,56086,10049607
"2018-02-14",2,83,4,0,1075574,56086,10049607
"2018-02-14",2,86,4,0,1075574,56086,10049607
"2018-02-14",3,87,4,0,1010519,68881,10049607
"2018-02-14",3,92,4,0,1010519,68881,10049607
"2018-02-14",3,107,4,0,1010519,68881,10049607
"2018-02-14",3,83,4,0,1010519,68881,10049607
"2018-02-14",3,90,4,0,1010519,68881,10049607
"2018-02-14",3,88,4,0,1010519,68881,10049607
"2018-02-14",3,99,4,0,1010519,68881,10049607
"2018-02-14",3,75,4,0,1010519,68881,10049607
"2018-02-14",3,109,4,0,1010519,68881,10049607
"2018-02-14",3,101,4,0,1010519,68881,10049607
"2018-02-14",3,92,4,0,1010519,68881,10049607
"2018-02-14",3,96,4,0,1010519,68881,10049607
"2018-02-14",4,83,4,0,1513685,103093,10049607
"2018-02-14",4,108,4,0,1513685,103093,10049607
"2018-02-14",4,95,4,0,1513685,103093,10049607
"2018-02-14",4,84,4,0,1513685,103093,10049607
"2018-02-14",4,88,4,0,1513685,103093,10049607
"2018-02-14",4,82,4,0,1513685,103093,10049607
"2018-02-14",4,90,4,0,1513685,103093,10049607
"2018-02-14",4,86,4,0,1513685,103093,10049607
"2018-02-14",4,92,4,0,1513685,103093,10049607
"2018-02-14",4,86,4,0,1513685,103093,10049607
"2018-02-14",4,93,4,0,1513685,103093,10049607
"2018-02-14",4,89,4,0,1513685,103093,10049607
"2018-02-14",5,82,4,0,3739115,188766,10049607
"2018-02-14",5,92,4,0,3739115,188766,10049607
"2018-02-14",5,99,4,0,3739115,188766,10049607
"2018-02-14",5,90,4,0,3739115,188766,10049607
"2018-02-14",5,88,4,0,3739115,188766,10049607
"2018-02-14",5,85,4,0,3739115,188766,10049607
"2018-02-14",5,70,4,0,3739115,188766,10049607
"2018-02-14",5,89,4,0,3739115,188766,10049607
"2018-02-14",5,94,4,0,3739115,188766,10049607
"2018-02-14",5,85,4,0,3739115,188766,10049607
"2018-02-14",5,80,4,0,3739115,188766,10049607
"2018-02-14",5,91,4,0,3739115,188766,10049607
"2018-02-14",6,87,4,0,7130843,370566,10049607
"2018-02-14",6,83,4,0,7130843,370566,10049607
"2018-02-14",6,114,4,0,7130843,370566,10049607
"2018-02-14",6,87,4,0,7130843,370566,10049607
"2018-02-14",6,78,4,0,7130843,370566,10049607
"2018-02-14",6,84,4,0,7130843,370566,10049607
"2018-02-14",6,88,4,0,7130843,370566,10049607
"2018-02-14",6,81,4,0,7130843,370566,10049607
"2018-02-14",6,88,4,0,7130843,370566,10049607
"2018-02-14",6,81,4,0,7130843,370566,10049607
"2018-02-14",6,85,4,0,7130843,370566,10049607
"2018-02-14",7,83,4,0,10017061,461543,10049607
"2018-02-14",7,88,4,0,10017061,461543,10049607
"2018-02-14",7,89,4,0,10017061,461543,10049607
"2018-02-14",7,90,4,0,10017061,461543,10049607
"2018-02-14",7,85,4,0,10017061,461543,10049607
"2018-02-14",7,89,4,0,10017061,461543,10049607
"2018-02-14",7,78,4,0,10017061,461543,10049607
"2018-02-14",7,86,4,0,10017061,461543,10049607
"2018-02-14",7,91,4,0,10017061,461543,10049607
"2018-02-14",7,85,4,0,10017061,461543,10049607
"2018-02-14",7,92,4,0,10017061,461543,10049607
"2018-02-14",7,87,4,0,10017061,461543,10049607
"2018-02-14",8,88,4,0,11151705,518635,10049607
"2018-02-14",8,79,4,0,11151705,518635,10049607
"2018-02-14",8,86,4,0,11151705,518635,10049607
"2018-02-14",8,77,4,0,11151705,518635,10049607
"2018-02-14",8,88,4,0,11151705,518635,10049607
"2018-02-14",8,82,4,0,11151705,518635,10049607
"2018-02-14",8,76,4,0,11151705,518635,10049607
"2018-02-14",8,81,4,0,11151705,518635,10049607
"2018-02-14",8,79,4,0,11151705,518635,10049607
"2018-02-14",8,89,4,0,11151705,518635,10049607
"2018-02-14",8,79,4,0,11151705,518635,10049607
"2018-02-14",9,109,4,0,12240786,592020,10049607
"2018-02-14",9,92,4,0,12240786,592020,10049607
"2018-02-14",9,90,4,0,12240786,592020,10049607
"2018-02-14",9,84,4,0,12240786,592020,10049607
"2018-02-14",9,92,4,0,12240786,592020,10049607
"2018-02-14",9,96,4,0,12240786,592020,10049607
"2018-02-14",9,98,4,0,12240786,592020,10049607
"2018-02-14",9,97,4,0,12240786,592020,10049607
"2018-02-14",9,94,4,0,12240786,592020,10049607
"2018-02-14",9,88,4,0,12240786,592020,10049607
"2018-02-14",9,74,4,0,12240786,592020,10049607
"2018-02-14",10,87,4,0,13237082,572941,10049607
"2018-02-14",10,90,4,0,13237082,572941,10049607
"2018-02-14",10,96,4,0,13237082,572941,10049607
"2018-02-14",10,94,4,0,13237082,572941,10049607
"2018-02-14",10,83,4,0,13237082,572941,10049607
"2018-02-14",10,95,4,0,13237082,572941,10049607
"2018-02-14",10,87,4,0,13237082,572941,10049607
"2018-02-14",10,132,4,0,13237082,572941,10049607
"2018-02-14",10,106,4,0,13237082,572941,10049607
"2018-02-14",10,82,4,0,13237082,572941,10049607
"2018-02-14",10,94,4,0,13237082,572941,10049607
"2018-02-14",10,87,4,0,13237082,572941,10049607
"2018-02-14",11,89,4,0,12896834,515435,10049607
"2018-02-14",11,122,4,0,12896834,515435,10049607
"2018-02-14",11,109,4,0,12896834,515435,10049607
"2018-02-14",11,99,4,0,12896834,515435,10049607
"2018-02-14",11,105,4,0,12896834,515435,10049607
"2018-02-14",11,95,4,0,12896834,515435,10049607
"2018-02-14",11,89,4,0,12896834,515435,10049607
"2018-02-14",11,99,4,0,12896834,515435,10049607
"2018-02-14",11,102,4,0,12896834,515435,10049607
"2018-02-14",11,107,4,0,12896834,515435,10049607
"2018-02-14",11,111,4,0,12896834,515435,10049607
"2018-02-14",11,130,4,0,12896834,515435,10049607
"2018-02-14",12,114,4,0,12505601,460235,10049607
"2018-02-14",12,103,4,0,12505601,460235,10049607
"2018-02-14",12,111,4,0,12505601,460235,10049607
"2018-02-14",12,119,4,0,12505601,460235,10049607
"2018-02-14",12,106,4,0,12505601,460235,10049607
"2018-02-14",12,108,4,0,12505601,460235,10049607
"2018-02-14",12,118,4,0,12505601,460235,10049607
"2018-02-14",12,108,4,0,12505601,460235,10049607
"2018-02-14",12,113,4,0,12505601,460235,10049607
"2018-02-14",12,134,4,0,12505601,460235,10049607
"2018-02-14",12,115,4,0,12505601,460235,10049607
"2018-02-14",12,119,4,0,12505601,460235,10049607
"2018-02-14",13,111,4,0,13521478,488713,10049607
"2018-02-14",13,93,4,0,13521478,488713,10049607
"2018-02-14",13,112,4,0,13521478,488713,10049607
"2018-02-14",13,108,4,0,13521478,488713,10049607
"2018-02-14",13,103,4,0,13521478,488713,10049607
"2018-02-14",13,109,4,0,13521478,488713,10049607
"2018-02-14",13,105,4,0,13521478,488713,10049607
"2018-02-14",13,109,4,0,13521478,488713,10049607
"2018-02-14",13,116,4,0,13521478,488713,10049607
"2018-02-14",13,101,4,0,13521478,488713,10049607
"2018-02-14",13,105,4,0,13521478,488713,10049607
"2018-02-14",13,114,4,0,13521478,488713,10049607
"2018-02-14",14,118,4,0,14037169,500614,10049607
"2018-02-14",14,108,4,0,14037169,500614,10049607
"2018-02-14",14,113,4,0,14037169,500614,10049607
"2018-02-14",14,132,4,0,14037169,500614,10049607
"2018-02-14",14,116,4,0,14037169,500614,10049607
"2018-02-14",14,113,4,0,14037169,500614,10049607
"2018-02-14",14,115,4,0,14037169,500614,10049607
"2018-02-14",14,107,4,0,14037169,500614,10049607
"2018-02-14",14,116,4,0,14037169,500614,10049607
"2018-02-14",14,113,4,0,14037169,500614,10049607
"2018-02-14",14,118,4,0,14037169,500614,10049607
"2018-02-14",14,122,4,0,14037169,500614,10049607
"2018-02-14",15,123,4,0,14342853,469771,10049607
"2018-02-14",15,129,4,0,14342853,469771,10049607
"2018-02-14",15,123,4,0,14342853,469771,10049607
"2018-02-14",15,126,4,0,14342853,469771,10049607
"2018-02-14",15,133,4,0,14342853,469771,10049607
"2018-02-14",15,123,4,0,14342853,469771,10049607
"2018-02-14",15,140,4,0,14342853,469771,10049607
"2018-02-14",15,135,4,0,14342853,469771,10049607
"2018-02-14",15,124,4,0,14342853,469771,10049607
"2018-02-14",15,131,4,0,14342853,469771,10049607
"2018-02-14",15,98,4,0,14342853,469771,10049607
"2018-02-14",15,118,4,0,14342853,469771,10049607
"2018-02-14",16,129,4,0,14725316,425221,10049607
"2018-02-14",16,141,4,0,14725316,425221,10049607
"2018-02-14",16,141,4,0,14725316,425221,10049607
"2018-02-14",16,182,4,0,14725316,425221,10049607
"2018-02-14",16,125,4,0,14725316,425221,10049607
"2018-02-14",16,148,4,0,14725316,425221,10049607
"2018-02-14",16,140,4,0,14725316,425221,10049607
"2018-02-14",16,137,4,0,14725316,425221,10049607
"2018-02-14",16,146,4,0,14725316,425221,10049607
"2018-02-14",16,141,4,0,14725316,425221,10049607
"2018-02-14",16,137,4,0,14725316,425221,10049607
"2018-02-14",16,149,4,0,14725316,425221,10049607
"2018-02-14",17,137,4,0,14811510,358830,10049607
"2018-02-14",17,155,4,0,14811510,358830,10049607
"2018-02-14",17,156,4,0,14811510,358830,10049607
"2018-02-14",17,149,4,0,14811510,358830,10049607
"2018-02-14",17,147,4,0,14811510,358830,10049607
"2018-02-14",17,157,4,0,14811510,358830,10049607
"2018-02-14",17,160,4,0,14811510,358830,10049607
"2018-02-14",17,188,4,0,14811510,358830,10049607
"2018-02-14",17,148,4,0,14811510,358830,10049607
"2018-02-14",17,182,4,0,14811510,358830,10049607
"2018-02-14",17,164,4,0,14811510,358830,10049607
"2018-02-14",17,162,4,0,14811510,358830,10049607
"2018-02-14",18,173,4,0,12616185,229294,10049607
"2018-02-14",18,166,4,0,12616185,229294,10049607
"2018-02-14",18,218,4,0,12616185,229294,10049607
"2018-02-14",18,174,4,0,12616185,229294,10049607
"2018-02-14",18,183,4,0,12616185,229294,10049607
"2018-02-14",18,172,4,0,12616185,229294,10049607
"2018-02-14",18,256,4,0,12616185,229294,10049607
"2018-02-14",18,126,4,0,12616185,229294,10049607
"2018-02-14",18,177,4,0,12616185,229294,10049607
"2018-02-14",18,174,4,0,12616185,229294,10049607
"2018-02-14",18,172,4,0,12616185,229294,10049607
"2018-02-14",18,174,4,0,12616185,229294,10049607
"2018-02-14",19,170,4,0,9387736,154941,10049607
"2018-02-14",19,171,4,0,9387736,154941,10049607
"2018-02-14",19,158,4,0,9387736,154941,10049607
"2018-02-14",19,168,4,0,9387736,154941,10049607
"2018-02-14",19,176,4,0,9387736,154941,10049607
"2018-02-14",19,196,4,0,9387736,154941,10049607
"2018-02-14",19,183,4,0,9387736,154941,10049607
"2018-02-14",19,165,4,0,9387736,154941,10049607
"2018-02-14",19,171,4,0,9387736,154941,10049607
"2018-02-14",19,136,4,0,9387736,154941,10049607
"2018-02-14",19,168,4,0,9387736,154941,10049607
"2018-02-14",19,175,4,0,9387736,154941,10049607
"2018-02-14",20,149,4,0,7572362,108346,10049607
"2018-02-14",20,172,4,0,7572362,108346,10049607
"2018-02-14",20,179,4,0,7572362,108346,10049607
"2018-02-14",20,164,4,0,7572362,108346,10049607
"2018-02-14",20,246,4,0,7572362,108346,10049607
"2018-02-14",20,174,4,0,7572362,108346,10049607
"2018-02-14",20,178,4,0,7572362,108346,10049607
"2018-02-14",20,189,4,0,7572362,108346,10049607
"2018-02-14",20,166,4,0,7572362,108346,10049607
"2018-02-14",20,169,4,0,7572362,108346,10049607
"2018-02-14",20,163,4,0,7572362,108346,10049607
"2018-02-14",20,179,4,0,7572362,108346,10049607
"2018-02-14",21,172,4,0,6205753,77044,10049607
"2018-02-14",21,191,4,0,6205753,77044,10049607
"2018-02-14",21,181,4,0,6205753,77044,10049607
"2018-02-14",21,171,4,0,6205753,77044,10049607
"2018-02-14",21,164,4,0,6205753,77044,10049607
"2018-02-14",21,184,4,0,6205753,77044,10049607
"2018-02-14",21,175,4,0,6205753,77044,10049607
"2018-02-14",21,179,4,0,6205753,77044,10049607
"2018-02-14",21,151,4,0,6205753,77044,10049607
"2018-02-14",21,175,4,0,6205753,77044,10049607
"2018-02-14",21,194,4,0,6205753,77044,10049607
"2018-02-14",21,190,4,0,6205753,77044,10049607
"2018-02-14",22,176,4,0,4511182,58402,10049607
"2018-02-14",22,183,4,0,4511182,58402,10049607
"2018-02-14",22,164,4,0,4511182,58402,10049607
"2018-02-14",22,170,4,0,4511182,58402,10049607
"2018-02-14",22,186,4,0,4511182,58402,10049607
"2018-02-14",22,170,4,0,4511182,58402,10049607
"2018-02-14",22,169,4,0,4511182,58402,10049607
"2018-02-14",22,210,4,0,4511182,58402,10049607
"2018-02-14",22,221,4,0,4511182,58402,10049607
"2018-02-14",22,169,4,0,4511182,58402,10049607
"2018-02-14",22,177,4,0,4511182,58402,10049607
"2018-02-14",22,170,4,0,4511182,58402,10049607
"2018-02-14",23,144,4,0,3057070,55743,10049607
"2018-02-14",23,181,4,0,3057070,55743,10049607
"2018-02-14",23,212,4,0,3057070,55743,10049607
"2020-01-23",0,74,4,0,6931877,654882,9911088
"2020-01-23",0,70,4,0,6931877,654882,9911088
"2020-01-23",0,80,4,0,6931877,654882,9911088
"2020-01-23",0,73,4,0,6931877,654882,9911088
"2020-01-23",0,80,4,0,6931877,654882,9911088
"2020-01-23",0,76,4,0,6931877,654882,9911088
"2020-01-23",0,83,4,0,6931877,654882,9911088
"2020-01-23",0,78,4,0,6931877,654882,9911088
"2020-01-23",0,89,4,0,6931877,654882,9911088
"2020-01-23",0,98,4,0,6931877,654882,9911088
"2020-01-23",1,76,4,0,3910325,423050,9911088
"2020-01-23",1,82,4,0,3910325,423050,9911088
"2020-01-23",1,76,4,0,3910325,423050,9911088
"2020-01-23",1,84,4,0,3910325,423050,9911088
"2020-01-23",1,105,4,0,3910325,423050,9911088
"2020-01-23",1,86,4,0,3910325,423050,9911088
"2020-01-23",1,80,4,0,3910325,423050,9911088
"2020-01-23",1,86,4,0,3910325,423050,9911088
"2020-01-23",1,80,4,0,3910325,423050,9911088
"2020-01-23",1,86,4,0,3910325,423050,9911088
"2020-01-23",1,80,4,0,3910325,423050,9911088
"2020-01-23",1,89,4,0,3910325,423050,9911088
"2020-01-23",2,72,4,0,3073500,479703,9911088
"2020-01-23",2,82,4,0,3073500,479703,9911088
"2020-01-23",2,86,4,0,3073500,479703,9911088
"2020-01-23",2,82,4,0,3073500,479703,9911088
"2020-01-23",2,87,4,0,3073500,479703,9911088
"2020-01-23",2,79,4,0,3073500,479703,9911088
"2020-01-23",2,85,4,0,3073500,479703,9911088
"2020-01-23",2,82,4,0,3073500,479703,9911088
"2020-01-23",2,89,4,0,3073500,479703,9911088
"2020-01-23",2,87,4,0,3073500,479703,9911088
"2020-01-23",2,82,4,0,3073500,479703,9911088
"2020-01-23",3,87,4,0,3184334,577997,9911088
"2020-01-23",3,82,4,0,3184334,577997,9911088
"2020-01-23",3,89,4,0,3184334,577997,9911088
"2020-01-23",3,94,4,0,3184334,577997,9911088
"2020-01-23",3,85,4,0,3184334,577997,9911088
"2020-01-23",3,112,4,0,3184334,577997,9911088
"2020-01-23",3,86,4,0,3184334,577997,9911088
"2020-01-23",3,93,4,0,3184334,577997,9911088
"2020-01-23",3,76,4,0,3184334,577997,9911088
"2020-01-23",3,93,4,0,3184334,577997,9911088
"2020-01-23",3,88,4,0,3184334,577997,9911088
"2020-01-23",3,91,4,0,3184334,577997,9911088
"2020-01-23",4,87,4,0,5676460,765750,9911088
"2020-01-23",4,91,4,0,5676460,765750,9911088
"2020-01-23",4,79,4,0,5676460,765750,9911088
"2020-01-23",4,96,4,0,5676460,765750,9911088
"2020-01-23",4,84,4,0,5676460,765750,9911088
"2020-01-23",4,81,4,0,5676460,765750,9911088
"2020-01-23",4,89,4,0,5676460,765750,9911088
"2020-01-23",4,82,4,0,5676460,765750,9911088
"2020-01-23",4,104,4,0,5676460,765750,9911088
"2020-01-23",4,79,4,0,5676460,765750,9911088
"2020-01-23",4,87,4,0,5676460,765750,9911088
"2020-01-23",4,89,4,0,5676460,765750,9911088
"2020-01-23",6,94,4,0,33702462,1629920,9911088
"2020-01-23",6,108,4,0,33702462,1629920,9911088
"2020-01-23",6,94,4,0,33702462,1629920,9911088
"2020-01-23",6,98,4,0,33702462,1629920,9911088
"2020-01-23",6,94,4,0,33702462,1629920,9911088
"2020-01-23",6,88,4,0,33702462,1629920,9911088
"2020-01-23",6,92,4,0,33702462,1629920,9911088
"2020-01-23",6,97,4,0,33702462,1629920,9911088
"2020-01-23",6,91,4,0,33702462,1629920,9911088
"2020-01-23",6,95,4,0,33702462,1629920,9911088
"2020-01-23",6,93,4,0,33702462,1629920,9911088
"2020-01-23",6,90,4,0,33702462,1629920,9911088
"2020-01-23",7,91,4,0,51388364,1765147,9911088
"2020-01-23",7,84,4,0,51388364,1765147,9911088
"2020-01-23",7,92,4,0,51388364,1765147,9911088
"2020-01-23",7,77,4,0,51388364,1765147,9911088
"2020-01-23",7,130,4,0,51388364,1765147,9911088
"2020-01-23",7,91,4,0,51388364,1765147,9911088
"2020-01-23",7,88,4,0,51388364,1765147,9911088
"2020-01-23",7,73,4,0,51388364,1765147,9911088
"2020-01-23",7,88,4,0,51388364,1765147,9911088
"2020-01-23",7,94,4,0,51388364,1765147,9911088
"2020-01-23",7,91,4,0,51388364,1765147,9911088
"2020-01-23",7,91,4,0,51388364,1765147,9911088
"2020-01-23",8,102,4,0,51740388,2010702,9911088
"2020-01-23",8,99,4,0,51740388,2010702,9911088
"2020-01-23",8,89,4,0,51740388,2010702,9911088
"2020-01-23",8,106,4,0,51740388,2010702,9911088
"2020-01-23",8,114,4,0,51740388,2010702,9911088
"2020-01-23",8,104,4,0,51740388,2010702,9911088
"2020-01-23",8,96,4,0,51740388,2010702,9911088
"2020-01-23",8,98,4,0,51740388,2010702,9911088
"2020-01-23",8,94,4,0,51740388,2010702,9911088
"2020-01-23",8,103,4,0,51740388,2010702,9911088
"2020-01-23",8,104,4,0,51740388,2010702,9911088
"2020-01-23",8,97,4,0,51740388,2010702,9911088
"2020-01-23",9,100,4,0,49797211,2208959,9911088
"2020-01-23",9,102,4,0,49797211,2208959,9911088
"2020-01-23",9,93,4,0,49797211,2208959,9911088
"2020-01-23",9,126,4,0,49797211,2208959,9911088
"2020-01-23",9,99,4,0,49797211,2208959,9911088
"2020-01-23",9,102,4,0,49797211,2208959,9911088
"2020-01-23",9,93,4,0,49797211,2208959,9911088
"2020-01-23",9,99,4,0,49797211,2208959,9911088
"2020-01-23",9,103,4,0,49797211,2208959,9911088
"2020-01-23",9,107,4,0,49797211,2208959,9911088
"2020-01-23",9,125,4,0,49797211,2208959,9911088
"2020-01-23",9,118,4,0,49797211,2208959,9911088
"2020-01-23",10,96,4,0,53135274,2023882,9911088
"2020-01-23",10,94,4,0,53135274,2023882,9911088
"2020-01-23",10,93,4,0,53135274,2023882,9911088
"2020-01-23",10,110,4,0,53135274,2023882,9911088
"2020-01-23",10,97,4,0,53135274,2023882,9911088
"2020-01-23",10,90,4,0,53135274,2023882,9911088
"2020-01-23",10,119,4,0,53135274,2023882,9911088
"2020-01-23",10,96,4,0,53135274,2023882,9911088
"2020-01-23",10,87,4,0,53135274,2023882,9911088
"2020-01-23",10,83,4,0,53135274,2023882,9911088
"2020-01-23",10,102,4,0,53135274,2023882,9911088
"2020-01-23",10,93,4,0,53135274,2023882,9911088
"2020-01-23",11,94,4,0,52246935,1820612,9911088
"2020-01-23",11,108,4,0,52246935,1820612,9911088
"2020-01-23",11,87,4,0,52246935,1820612,9911088
"2020-01-23",11,116,4,0,52246935,1820612,9911088
"2020-01-23",11,99,4,0,52246935,1820612,9911088
"2020-01-23",11,108,4,0,52246935,1820612,9911088
"2020-01-23",11,111,4,0,52246935,1820612,9911088
"2020-01-23",11,102,4,0,52246935,1820612,9911088
"2020-01-23",11,95,4,0,52246935,1820612,9911088
"2020-01-23",11,106,4,0,52246935,1820612,9911088
"2020-01-23",11,90,4,0,52246935,1820612,9911088
"2020-01-23",11,104,4,0,52246935,1820612,9911088
"2020-01-23",12,107,4,0,50664256,1586687,9911088
"2020-01-23",12,104,4,0,50664256,1586687,9911088
"2020-01-23",12,108,4,0,50664256,1586687,9911088
"2020-01-23",12,120,4,0,50664256,1586687,9911088
"2020-01-23",12,99,4,0,50664256,1586687,9911088
"2020-01-23",12,136,4,0,50664256,1586687,9911088
"2020-01-23",12,105,4,0,50664256,1586687,9911088
"2020-01-23",12,101,4,0,50664256,1586687,9911088
"2020-01-23",12,111,4,0,50664256,1586687,9911088
"2020-01-23",12,109,4,0,50664256,1586687,9911088
"2020-01-23",12,80,4,0,50664256,1586687,9911088
"2020-01-23",12,110,4,0,50664256,1586687,9911088
"2020-01-23",13,104,4,0,55434200,1651664,9911088
"2020-01-23",13,112,4,0,55434200,1651664,9911088
"2020-01-23",13,104,4,0,55434200,1651664,9911088
"2020-01-23",13,102,4,0,55434200,1651664,9911088
"2020-01-23",13,111,4,0,55434200,1651664,9911088
"2020-01-23",13,113,4,0,55434200,1651664,9911088
"2020-01-23",13,115,4,0,55434200,1651664,9911088
"2020-01-23",13,123,4,0,55434200,1651664,9911088
"2020-01-23",13,111,4,0,55434200,1651664,9911088
"2020-01-23",13,108,4,0,55434200,1651664,9911088
"2020-01-23",13,113,4,0,55434200,1651664,9911088
"2020-01-23",13,102,4,0,55434200,1651664,9911088
"2020-01-23",14,105,4,0,57668715,1654545,9911088
"2020-01-23",14,122,4,0,57668715,1654545,9911088
"2020-01-23",14,124,4,0,57668715,1654545,9911088
"2020-01-23",14,126,4,0,57668715,1654545,9911088
"2020-01-23",14,118,4,0,57668715,1654545,9911088
"2020-01-23",14,119,4,0,57668715,1654545,9911088
"2020-01-23",14,117,4,0,57668715,1654545,9911088
"2020-01-23",14,130,4,0,57668715,1654545,9911088
"2020-01-23",14,127,4,0,57668715,1654545,9911088
"2020-01-23",14,115,4,0,57668715,1654545,9911088
"2020-01-23",14,119,4,0,57668715,1654545,9911088
"2020-01-23",14,120,4,0,57668715,1654545,9911088
"2020-01-23",15,119,4,0,58538861,1523451,9911088
"2020-01-23",15,129,4,0,58538861,1523451,9911088
"2020-01-23",15,103,4,0,58538861,1523451,9911088
"2020-01-23",15,97,4,0,58538861,1523451,9911088
"2020-01-23",15,118,4,0,58538861,1523451,9911088
"2020-01-23",15,98,4,0,58538861,1523451,9911088
"2020-01-23",15,105,4,0,58538861,1523451,9911088
"2020-01-23",15,126,4,0,58538861,1523451,9911088
"2020-01-23",15,122,4,0,58538861,1523451,9911088
"2020-01-23",15,123,4,0,58538861,1523451,9911088
"2020-01-23",15,121,4,0,58538861,1523451,9911088
"2020-01-23",15,135,4,0,58538861,1523451,9911088
"2020-01-23",16,132,4,0,60586463,1352887,9911088
"2020-01-23",16,155,4,0,60586463,1352887,9911088
"2020-01-23",16,134,4,0,60586463,1352887,9911088
"2020-01-23",16,149,4,0,60586463,1352887,9911088
"2020-01-23",16,138,4,0,60586463,1352887,9911088
"2020-01-23",16,155,4,0,60586463,1352887,9911088
"2020-01-23",16,147,4,0,60586463,1352887,9911088
"2020-01-23",16,162,4,0,60586463,1352887,9911088
"2020-01-23",16,142,4,0,60586463,1352887,9911088
"2020-01-23",16,144,4,0,60586463,1352887,9911088
"2020-01-23",16,142,4,0,60586463,1352887,9911088
"2020-01-23",16,134,4,0,60586463,1352887,9911088
"2020-01-23",17,157,4,0,63006617,1122638,9911088
"2020-01-23",17,144,4,0,63006617,1122638,9911088
"2020-01-23",17,145,4,0,63006617,1122638,9911088
"2020-01-23",17,167,4,0,63006617,1122638,9911088
"2020-01-23",17,151,4,0,63006617,1122638,9911088
"2020-01-23",17,217,4,0,63006617,1122638,9911088
"2020-01-23",17,155,4,0,63006617,1122638,9911088
"2020-01-23",17,151,4,0,63006617,1122638,9911088
"2020-01-23",17,162,4,0,63006617,1122638,9911088
"2020-01-23",17,109,4,0,63006617,1122638,9911088
"2020-01-23",17,151,4,0,63006617,1122638,9911088
"2020-01-23",17,167,4,0,63006617,1122638,9911088
"2020-01-23",18,159,4,0,55025143,820619,9911088
"2020-01-23",18,156,4,0,55025143,820619,9911088
"2020-01-23",18,177,4,0,55025143,820619,9911088
"2020-01-23",18,154,4,0,55025143,820619,9911088
"2020-01-23",18,168,4,0,55025143,820619,9911088
"2020-01-23",18,156,4,0,55025143,820619,9911088
"2020-01-23",18,165,4,0,55025143,820619,9911088
"2020-01-23",18,158,4,0,55025143,820619,9911088
"2020-01-23",18,166,4,0,55025143,820619,9911088
"2020-01-23",18,155,4,0,55025143,820619,9911088
"2020-01-23",18,168,4,0,55025143,820619,9911088
"2020-01-23",18,170,4,0,55025143,820619,9911088
"2020-01-23",19,171,4,0,37614683,636968,9911088
"2020-01-23",19,160,4,0,37614683,636968,9911088
"2020-01-23",19,167,4,0,37614683,636968,9911088
"2020-01-23",19,180,4,0,37614683,636968,9911088
"2020-01-23",19,174,4,0,37614683,636968,9911088
"2020-01-23",19,177,4,0,37614683,636968,9911088
"2020-01-23",19,189,4,0,37614683,636968,9911088
"2020-01-23",19,183,4,0,37614683,636968,9911088
"2020-01-23",19,197,4,0,37614683,636968,9911088
"2020-01-23",19,174,4,0,37614683,636968,9911088
"2020-01-23",19,180,4,0,37614683,636968,9911088
"2020-01-23",19,175,4,0,37614683,636968,9911088
"2020-01-23",20,156,4,0,29794437,488107,9911088
"2020-01-23",20,180,4,0,29794437,488107,9911088
"2020-01-23",20,189,4,0,29794437,488107,9911088
"2020-01-23",20,195,4,0,29794437,488107,9911088
"2020-01-23",20,201,4,0,29794437,488107,9911088
"2020-01-23",20,182,4,0,29794437,488107,9911088
"2020-01-23",20,193,4,0,29794437,488107,9911088
"2020-01-23",20,197,4,0,29794437,488107,9911088
"2020-01-23",20,198,4,0,29794437,488107,9911088
"2020-01-23",20,199,4,0,29794437,488107,9911088
"2020-01-23",20,190,4,0,29794437,488107,9911088
"2020-01-23",20,191,4,0,29794437,488107,9911088
"2020-01-23",21,204,4,0,22938920,417156,9911088
"2020-01-23",21,187,4,0,22938920,417156,9911088
"2020-01-23",21,189,4,0,22938920,417156,9911088
"2020-01-23",21,166,4,0,22938920,417156,9911088
"2020-01-23",21,163,4,0,22938920,417156,9911088
"2020-01-23",21,178,4,0,22938920,417156,9911088
"2020-01-23",21,171,4,0,22938920,417156,9911088
"2020-01-23",21,188,4,0,22938920,417156,9911088
"2020-01-23",21,180,4,0,22938920,417156,9911088
"2020-01-23",21,179,4,0,22938920,417156,9911088
"2020-01-23",21,170,4,0,22938920,417156,9911088
"2020-01-23",21,175,4,0,22938920,417156,9911088
"2020-01-23",22,175,4,0,15357956,360587,9911088
"2020-01-23",22,188,4,0,15357956,360587,9911088
"2020-01-23",22,172,4,0,15357956,360587,9911088
"2020-01-23",22,180,4,0,15357956,360587,9911088
"2020-01-23",22,174,4,0,15357956,360587,9911088
"2020-01-23",22,193,4,0,15357956,360587,9911088
"2020-01-23",22,167,4,0,15357956,360587,9911088
"2020-01-23",22,184,4,0,15357956,360587,9911088
"2020-01-23",22,168,4,0,15357956,360587,9911088
"2020-01-23",22,195,4,0,15357956,360587,9911088
"2020-01-23",22,251,4,0,15357956,360587,9911088
"2020-01-23",22,177,4,0,15357956,360587,9911088
"2020-01-23",23,192,4,0,9510468,370481,9911088
"2020-01-23",23,187,4,0,9510468,370481,9911088
"2020-01-23",23,131,4,0,9510468,370481,9911088
"2020-01-23",23,193,4,0,9510468,370481,9911088
"2020-01-23",23,168,4,0,9510468,370481,9911088
"2020-01-23",23,184,4,0,9510468,370481,9911088
"2020-01-23",23,169,4,0,9510468,370481,9911088
"2020-01-23",23,188,4,0,9510468,370481,9911088
"2020-01-23",23,176,4,0,9510468,370481,9911088
"2020-01-23",23,171,4,0,9510468,370481,9911088
"2020-01-23",23,145,4,0,9510468,370481,9911088
"2020-01-23",23,163,4,0,9510468,370481,9911088
