날짜,분,출발시간,연휴길이,눈비,1종 교통량,2종 교통량,서울인구수 ,소요시간
2013-02-08,1,0,3,TRUE,3793419,229419,10388055,97
2013-02-08,2,0,3,TRUE,3793419,229419,10388055,96
2013-02-08,3,0,3,TRUE,3793419,229419,10388055,82
2013-02-08,4,0,3,TRUE,3793419,229419,10388055,0
2013-02-08,5,0,3,TRUE,3793419,229419,10388055,93
2013-02-08,6,0,3,TRUE,3793419,229419,10388055,94
2013-02-08,7,0,3,TRUE,3793419,229419,10388055,94
2013-02-08,8,0,3,TRUE,3793419,229419,10388055,97
2013-02-08,9,0,3,TRUE,3793419,229419,10388055,93
2013-02-08,10,0,3,TRUE,3793419,229419,10388055,96
2013-02-08,11,0,3,TRUE,3793419,229419,10388055,92
2013-02-08,12,0,3,TRUE,3793419,229419,10388055,96
2014-01-29,1,0,4,FALSE,3551327,179224,10369593,88
2014-01-29,2,0,4,FALSE,3551327,179224,10369593,80
2014-01-29,3,0,4,FALSE,3551327,179224,10369593,84
2014-01-29,4,0,4,FALSE,3551327,179224,10369593,82
2014-01-29,5,0,4,FALSE,3551327,179224,10369593,85
2014-01-29,6,0,4,FALSE,3551327,179224,10369593,86
2014-01-29,7,0,4,FALSE,3551327,179224,10369593,83
2014-01-29,8,0,4,FALSE,3551327,179224,10369593,84
2014-01-29,9,0,4,FALSE,3551327,179224,10369593,87
2014-01-29,10,0,4,FALSE,3551327,179224,10369593,89
2014-01-29,11,0,4,FALSE,3551327,179224,10369593,88
2014-01-29,12,0,4,FALSE,3551327,179224,10369593,87
2015-02-17,1,0,5,TRUE,3117065,141548,10297138,106
2015-02-17,2,0,5,TRUE,3117065,141548,10297138,95
2015-02-17,3,0,5,TRUE,3117065,141548,10297138,95
2015-02-17,4,0,5,TRUE,3117065,141548,10297138,86
2015-02-17,5,0,5,TRUE,3117065,141548,10297138,86
2015-02-17,6,0,5,TRUE,3117065,141548,10297138,86
2015-02-17,7,0,5,TRUE,3117065,141548,10297138,84
2015-02-17,8,0,5,TRUE,3117065,141548,10297138,86
2015-02-17,9,0,5,TRUE,3117065,141548,10297138,86
2015-02-17,10,0,5,TRUE,3117065,141548,10297138,84
2015-02-17,11,0,5,TRUE,3117065,141548,10297138,84
2015-02-17,12,0,5,TRUE,3117065,141548,10297138,85
2017-01-26,1,0,4,TRUE,2263990,55522,10124579,87
2017-01-26,2,0,4,TRUE,2263990,55522,10124579,87
2017-01-26,3,0,4,TRUE,2263990,55522,10124579,91
2017-01-26,4,0,4,TRUE,2263990,55522,10124579,82
2017-01-26,5,0,4,TRUE,2263990,55522,10124579,87
2017-01-26,6,0,4,TRUE,2263990,55522,10124579,0
2017-01-26,7,0,4,TRUE,2263990,55522,10124579,92
2017-01-26,8,0,4,TRUE,2263990,55522,10124579,90
2017-01-26,9,0,4,TRUE,2263990,55522,10124579,89
2017-01-26,10,0,4,TRUE,2263990,55522,10124579,85
2017-01-26,11,0,4,TRUE,2263990,55522,10124579,88
2017-01-26,12,0,4,TRUE,2263990,55522,10124579,84
2018-02-14,1,0,4,FALSE,2062008,46739,10049607,95
2018-02-14,2,0,4,FALSE,2062008,46739,10049607,96
2018-02-14,3,0,4,FALSE,2062008,46739,10049607,83
2018-02-14,4,0,4,FALSE,2062008,46739,10049607,94
2018-02-14,5,0,4,FALSE,2062008,46739,10049607,92
2018-02-14,6,0,4,FALSE,2062008,46739,10049607,96
2018-02-14,7,0,4,FALSE,2062008,46739,10049607,92
2018-02-14,8,0,4,FALSE,2062008,46739,10049607,92
2018-02-14,9,0,4,FALSE,2062008,46739,10049607,90
2018-02-14,10,0,4,FALSE,2062008,46739,10049607,90
2018-02-14,11,0,4,FALSE,2062008,46739,10049607,93
2018-02-14,12,0,4,FALSE,2062008,46739,10049607,89
2020-01-23,1,0,4,FALSE,6931877,654882,9911088,76
2020-01-23,2,0,4,FALSE,6931877,654882,9911088,74
2020-01-23,3,0,4,FALSE,6931877,654882,9911088,77
2020-01-23,4,0,4,FALSE,6931877,654882,9911088,70
2020-01-23,5,0,4,FALSE,6931877,654882,9911088,80
2020-01-23,6,0,4,FALSE,6931877,654882,9911088,80
2020-01-23,7,0,4,FALSE,6931877,654882,9911088,80
2020-01-23,8,0,4,FALSE,6931877,654882,9911088,83
2020-01-23,9,0,4,FALSE,6931877,654882,9911088,83
2020-01-23,10,0,4,FALSE,6931877,654882,9911088,85
2020-01-23,11,0,4,FALSE,6931877,654882,9911088,89
2020-01-23,12,0,4,FALSE,6931877,654882,9911088,89
2013-02-08,1,1,3,TRUE,2514790,203047,10388055,89
2013-02-08,2,1,3,TRUE,2514790,203047,10388055,93
2013-02-08,3,1,3,TRUE,2514790,203047,10388055,85
2013-02-08,4,1,3,TRUE,2514790,203047,10388055,88
2013-02-08,5,1,3,TRUE,2514790,203047,10388055,90
2013-02-08,6,1,3,TRUE,2514790,203047,10388055,91
2013-02-08,7,1,3,TRUE,2514790,203047,10388055,91
2013-02-08,8,1,3,TRUE,2514790,203047,10388055,94
2013-02-08,9,1,3,TRUE,2514790,203047,10388055,89
2013-02-08,10,1,3,TRUE,2514790,203047,10388055,92
2013-02-08,11,1,3,TRUE,2514790,203047,10388055,93
2013-02-08,12,1,3,TRUE,2514790,203047,10388055,92
2014-01-29,1,1,4,FALSE,2379600,172692,10369593,82
2014-01-29,2,1,4,FALSE,2379600,172692,10369593,81
2014-01-29,3,1,4,FALSE,2379600,172692,10369593,87
2014-01-29,4,1,4,FALSE,2379600,172692,10369593,78
2014-01-29,5,1,4,FALSE,2379600,172692,10369593,92
2014-01-29,6,1,4,FALSE,2379600,172692,10369593,88
2014-01-29,7,1,4,FALSE,2379600,172692,10369593,84
2014-01-29,8,1,4,FALSE,2379600,172692,10369593,84
2014-01-29,9,1,4,FALSE,2379600,172692,10369593,83
2014-01-29,10,1,4,FALSE,2379600,172692,10369593,88
2014-01-29,11,1,4,FALSE,2379600,172692,10369593,90
2014-01-29,12,1,4,FALSE,2379600,172692,10369593,85
2015-02-17,1,1,5,FALSE,2088998,141617,10297138,83
2015-02-17,2,1,5,FALSE,2088998,141617,10297138,85
2015-02-17,3,1,5,FALSE,2088998,141617,10297138,85
2015-02-17,4,1,5,FALSE,2088998,141617,10297138,85
2015-02-17,5,1,5,FALSE,2088998,141617,10297138,88
2015-02-17,6,1,5,FALSE,2088998,141617,10297138,89
2015-02-17,7,1,5,FALSE,2088998,141617,10297138,89
2015-02-17,8,1,5,FALSE,2088998,141617,10297138,89
2015-02-17,9,1,5,FALSE,2088998,141617,10297138,89
2015-02-17,10,1,5,FALSE,2088998,141617,10297138,87
2015-02-17,11,1,5,FALSE,2088998,141617,10297138,85
2015-02-17,12,1,5,FALSE,2088998,141617,10297138,86
2017-01-26,1,1,4,TRUE,1534668,56025,10124579,92
2017-01-26,2,1,4,TRUE,1534668,56025,10124579,84
2017-01-26,3,1,4,TRUE,1534668,56025,10124579,89
2017-01-26,4,1,4,TRUE,1534668,56025,10124579,86
2017-01-26,5,1,4,TRUE,1534668,56025,10124579,90
2017-01-26,6,1,4,TRUE,1534668,56025,10124579,87
2017-01-26,7,1,4,TRUE,1534668,56025,10124579,87
2017-01-26,8,1,4,TRUE,1534668,56025,10124579,83
2017-01-26,9,1,4,TRUE,1534668,56025,10124579,87
2017-01-26,10,1,4,TRUE,1534668,56025,10124579,82
2017-01-26,11,1,4,TRUE,1534668,56025,10124579,89
2017-01-26,12,1,4,TRUE,1534668,56025,10124579,88
2018-02-14,1,1,4,FALSE,1404611,48487,10049607,89
2018-02-14,2,1,4,FALSE,1404611,48487,10049607,86
2018-02-14,3,1,4,FALSE,1404611,48487,10049607,92
2018-02-14,4,1,4,FALSE,1404611,48487,10049607,96
2018-02-14,5,1,4,FALSE,1404611,48487,10049607,90
2018-02-14,6,1,4,FALSE,1404611,48487,10049607,93
2018-02-14,7,1,4,FALSE,1404611,48487,10049607,91
2018-02-14,8,1,4,FALSE,1404611,48487,10049607,91
2018-02-14,9,1,4,FALSE,1404611,48487,10049607,95
2018-02-14,10,1,4,FALSE,1404611,48487,10049607,91
2018-02-14,11,1,4,FALSE,1404611,48487,10049607,98
2018-02-14,12,1,4,FALSE,1404611,48487,10049607,97
2020-01-23,1,1,4,FALSE,3910325,423050,9911088,83
2020-01-23,2,1,4,FALSE,3910325,423050,9911088,82
2020-01-23,3,1,4,FALSE,3910325,423050,9911088,83
2020-01-23,4,1,4,FALSE,3910325,423050,9911088,84
2020-01-23,5,1,4,FALSE,3910325,423050,9911088,82
2020-01-23,6,1,4,FALSE,3910325,423050,9911088,86
2020-01-23,7,1,4,FALSE,3910325,423050,9911088,87
2020-01-23,8,1,4,FALSE,3910325,423050,9911088,86
2020-01-23,9,1,4,FALSE,3910325,423050,9911088,86
2020-01-23,10,1,4,FALSE,3910325,423050,9911088,86
2020-01-23,11,1,4,FALSE,3910325,423050,9911088,87
2020-01-23,12,1,4,FALSE,3910325,423050,9911088,89
2013-02-08,1,2,3,TRUE,1846564,235137,10388055,91
2013-02-08,2,2,3,TRUE,1846564,235137,10388055,93
2013-02-08,3,2,3,TRUE,1846564,235137,10388055,92
2013-02-08,4,2,3,TRUE,1846564,235137,10388055,92
2013-02-08,5,2,3,TRUE,1846564,235137,10388055,89
2013-02-08,6,2,3,TRUE,1846564,235137,10388055,94
2013-02-08,7,2,3,TRUE,1846564,235137,10388055,92
2013-02-08,8,2,3,TRUE,1846564,235137,10388055,96
2013-02-08,9,2,3,TRUE,1846564,235137,10388055,98
2013-02-08,10,2,3,TRUE,1846564,235137,10388055,92
2013-02-08,11,2,3,TRUE,1846564,235137,10388055,90
2013-02-08,12,2,3,TRUE,1846564,235137,10388055,93
2014-01-29,1,2,4,FALSE,1755680,206269,10369593,83
2014-01-29,2,2,4,FALSE,1755680,206269,10369593,86
2014-01-29,3,2,4,FALSE,1755680,206269,10369593,0
2014-01-29,4,2,4,FALSE,1755680,206269,10369593,89
2014-01-29,5,2,4,FALSE,1755680,206269,10369593,89
2014-01-29,6,2,4,FALSE,1755680,206269,10369593,86
2014-01-29,7,2,4,FALSE,1755680,206269,10369593,89
2014-01-29,8,2,4,FALSE,1755680,206269,10369593,86
2014-01-29,9,2,4,FALSE,1755680,206269,10369593,89
2014-01-29,10,2,4,FALSE,1755680,206269,10369593,88
2014-01-29,11,2,4,FALSE,1755680,206269,10369593,89
2014-01-29,12,2,4,FALSE,1755680,206269,10369593,86
2015-02-17,1,2,5,FALSE,1541438,154967,10297138,91
2015-02-17,2,2,5,FALSE,1541438,154967,10297138,92
2015-02-17,3,2,5,FALSE,1541438,154967,10297138,90
2015-02-17,4,2,5,FALSE,1541438,154967,10297138,92
2015-02-17,5,2,5,FALSE,1541438,154967,10297138,96
2015-02-17,6,2,5,FALSE,1541438,154967,10297138,97
2015-02-17,7,2,5,FALSE,1541438,154967,10297138,96
2015-02-17,8,2,5,FALSE,1541438,154967,10297138,96
2015-02-17,9,2,5,FALSE,1541438,154967,10297138,102
2015-02-17,10,2,5,FALSE,1541438,154967,10297138,100
2015-02-17,11,2,5,FALSE,1541438,154967,10297138,101
2015-02-17,12,2,5,FALSE,1541438,154967,10297138,95
2017-01-26,1,2,4,TRUE,1146168,61401,10124579,94
2017-01-26,2,2,4,TRUE,1146168,61401,10124579,94
2017-01-26,3,2,4,TRUE,1146168,61401,10124579,98
2017-01-26,4,2,4,TRUE,1146168,61401,10124579,103
2017-01-26,5,2,4,TRUE,1146168,61401,10124579,98
2017-01-26,6,2,4,TRUE,1146168,61401,10124579,94
2017-01-26,7,2,4,TRUE,1146168,61401,10124579,88
2017-01-26,8,2,4,TRUE,1146168,61401,10124579,94
2017-01-26,9,2,4,TRUE,1146168,61401,10124579,98
2017-01-26,10,2,4,TRUE,1146168,61401,10124579,96
2017-01-26,11,2,4,TRUE,1146168,61401,10124579,93
2017-01-26,12,2,4,TRUE,1146168,61401,10124579,94
2018-02-14,1,2,4,FALSE,1075574,56086,10049607,90
2018-02-14,2,2,4,FALSE,1075574,56086,10049607,86
2018-02-14,3,2,4,FALSE,1075574,56086,10049607,88
2018-02-14,4,2,4,FALSE,1075574,56086,10049607,85
2018-02-14,5,2,4,FALSE,1075574,56086,10049607,86
2018-02-14,6,2,4,FALSE,1075574,56086,10049607,87
2018-02-14,7,2,4,FALSE,1075574,56086,10049607,84
2018-02-14,8,2,4,FALSE,1075574,56086,10049607,86
2018-02-14,9,2,4,FALSE,1075574,56086,10049607,89
2018-02-14,10,2,4,FALSE,1075574,56086,10049607,86
2018-02-14,11,2,4,FALSE,1075574,56086,10049607,83
2018-02-14,12,2,4,FALSE,1075574,56086,10049607,86
2020-01-23,1,2,4,FALSE,3073500,479703,9911088,78
2020-01-23,2,2,4,FALSE,3073500,479703,9911088,82
2020-01-23,3,2,4,FALSE,3073500,479703,9911088,86
2020-01-23,4,2,4,FALSE,3073500,479703,9911088,87
2020-01-23,5,2,4,FALSE,3073500,479703,9911088,87
2020-01-23,6,2,4,FALSE,3073500,479703,9911088,86
2020-01-23,7,2,4,FALSE,3073500,479703,9911088,85
2020-01-23,8,2,4,FALSE,3073500,479703,9911088,88
2020-01-23,9,2,4,FALSE,3073500,479703,9911088,89
2020-01-23,10,2,4,FALSE,3073500,479703,9911088,87
2020-01-23,11,2,4,FALSE,3073500,479703,9911088,87
2020-01-23,12,2,4,FALSE,3073500,479703,9911088,88
2013-02-08,1,3,3,TRUE,1632415,305994,10388055,117
2013-02-08,2,3,3,TRUE,1632415,305994,10388055,92
2013-02-08,3,3,3,TRUE,1632415,305994,10388055,91
2013-02-08,4,3,3,TRUE,1632415,305994,10388055,86
2013-02-08,5,3,3,TRUE,1632415,305994,10388055,92
2013-02-08,6,3,3,TRUE,1632415,305994,10388055,91
2013-02-08,7,3,3,TRUE,1632415,305994,10388055,91
2013-02-08,8,3,3,TRUE,1632415,305994,10388055,90
2013-02-08,9,3,3,TRUE,1632415,305994,10388055,96
2013-02-08,10,3,3,TRUE,1632415,305994,10388055,90
2013-02-08,11,3,3,TRUE,1632415,305994,10388055,90
2013-02-08,12,3,3,TRUE,1632415,305994,10388055,92
2014-01-29,1,3,4,FALSE,1560879,263359,10369593,86
2014-01-29,2,3,4,FALSE,1560879,263359,10369593,84
2014-01-29,3,3,4,FALSE,1560879,263359,10369593,88
2014-01-29,4,3,4,FALSE,1560879,263359,10369593,86
2014-01-29,5,3,4,FALSE,1560879,263359,10369593,84
2014-01-29,6,3,4,FALSE,1560879,263359,10369593,88
2014-01-29,7,3,4,FALSE,1560879,263359,10369593,92
2014-01-29,8,3,4,FALSE,1560879,263359,10369593,95
2014-01-29,9,3,4,FALSE,1560879,263359,10369593,91
2014-01-29,10,3,4,FALSE,1560879,263359,10369593,92
2014-01-29,11,3,4,FALSE,1560879,263359,10369593,0
2014-01-29,12,3,4,FALSE,1560879,263359,10369593,89
2015-02-17,1,3,5,TRUE,1393356,200633,10297138,93
2015-02-17,2,3,5,TRUE,1393356,200633,10297138,97
2015-02-17,3,3,5,TRUE,1393356,200633,10297138,94
2015-02-17,4,3,5,TRUE,1393356,200633,10297138,87
2015-02-17,5,3,5,TRUE,1393356,200633,10297138,0
2015-02-17,6,3,5,TRUE,1393356,200633,10297138,89
2015-02-17,7,3,5,TRUE,1393356,200633,10297138,93
2015-02-17,8,3,5,TRUE,1393356,200633,10297138,92
2015-02-17,9,3,5,TRUE,1393356,200633,10297138,91
2015-02-17,10,3,5,TRUE,1393356,200633,10297138,92
2015-02-17,11,3,5,TRUE,1393356,200633,10297138,89
2015-02-17,12,3,5,TRUE,1393356,200633,10297138,88
2017-01-26,1,3,4,TRUE,1076856,81915,10124579,95
2017-01-26,2,3,4,TRUE,1076856,81915,10124579,97
2017-01-26,3,3,4,TRUE,1076856,81915,10124579,98
2017-01-26,4,3,4,TRUE,1076856,81915,10124579,95
2017-01-26,5,3,4,TRUE,1076856,81915,10124579,96
2017-01-26,6,3,4,TRUE,1076856,81915,10124579,99
2017-01-26,7,3,4,TRUE,1076856,81915,10124579,95
2017-01-26,8,3,4,TRUE,1076856,81915,10124579,97
2017-01-26,9,3,4,TRUE,1076856,81915,10124579,97
2017-01-26,10,3,4,TRUE,1076856,81915,10124579,99
2017-01-26,11,3,4,TRUE,1076856,81915,10124579,100
2017-01-26,12,3,4,TRUE,1076856,81915,10124579,97
2018-02-14,1,3,4,FALSE,1010519,68881,10049607,91
2018-02-14,2,3,4,FALSE,1010519,68881,10049607,92
2018-02-14,3,3,4,FALSE,1010519,68881,10049607,107
2018-02-14,4,3,4,FALSE,1010519,68881,10049607,88
2018-02-14,5,3,4,FALSE,1010519,68881,10049607,90
2018-02-14,6,3,4,FALSE,1010519,68881,10049607,92
2018-02-14,7,3,4,FALSE,1010519,68881,10049607,99
2018-02-14,8,3,4,FALSE,1010519,68881,10049607,95
2018-02-14,9,3,4,FALSE,1010519,68881,10049607,91
2018-02-14,10,3,4,FALSE,1010519,68881,10049607,90
2018-02-14,11,3,4,FALSE,1010519,68881,10049607,92
2018-02-14,12,3,4,FALSE,1010519,68881,10049607,96
2020-01-23,1,3,4,FALSE,3184334,577997,9911088,92
2020-01-23,2,3,4,FALSE,3184334,577997,9911088,89
2020-01-23,3,3,4,FALSE,3184334,577997,9911088,89
2020-01-23,4,3,4,FALSE,3184334,577997,9911088,94
2020-01-23,5,3,4,FALSE,3184334,577997,9911088,92
2020-01-23,6,3,4,FALSE,3184334,577997,9911088,93
2020-01-23,7,3,4,FALSE,3184334,577997,9911088,91
2020-01-23,8,3,4,FALSE,3184334,577997,9911088,93
2020-01-23,9,3,4,FALSE,3184334,577997,9911088,96
2020-01-23,10,3,4,FALSE,3184334,577997,9911088,93
2020-01-23,11,3,4,FALSE,3184334,577997,9911088,94
2020-01-23,12,3,4,FALSE,3184334,577997,9911088,91
2013-02-08,1,4,3,TRUE,2247045,444384,10388055,95
2013-02-08,2,4,3,TRUE,2247045,444384,10388055,93
2013-02-08,3,4,3,TRUE,2247045,444384,10388055,91
2013-02-08,4,4,3,TRUE,2247045,444384,10388055,94
2013-02-08,5,4,3,TRUE,2247045,444384,10388055,95
2013-02-08,6,4,3,TRUE,2247045,444384,10388055,95
2013-02-08,7,4,3,TRUE,2247045,444384,10388055,97
2013-02-08,8,4,3,TRUE,2247045,444384,10388055,94
2013-02-08,9,4,3,TRUE,2247045,444384,10388055,104
2013-02-08,10,4,3,TRUE,2247045,444384,10388055,100
2013-02-08,11,4,3,TRUE,2247045,444384,10388055,103
2013-02-08,12,4,3,TRUE,2247045,444384,10388055,98
2014-01-29,1,4,4,FALSE,2171128,394981,10369593,82
2014-01-29,2,4,4,FALSE,2171128,394981,10369593,82
2014-01-29,3,4,4,FALSE,2171128,394981,10369593,75
2014-01-29,4,4,4,FALSE,2171128,394981,10369593,79
2014-01-29,5,4,4,FALSE,2171128,394981,10369593,79
2014-01-29,6,4,4,FALSE,2171128,394981,10369593,79
2014-01-29,7,4,4,FALSE,2171128,394981,10369593,76
2014-01-29,8,4,4,FALSE,2171128,394981,10369593,75
2014-01-29,9,4,4,FALSE,2171128,394981,10369593,0
2014-01-29,10,4,4,FALSE,2171128,394981,10369593,75
2014-01-29,11,4,4,FALSE,2171128,394981,10369593,77
2014-01-29,12,4,4,FALSE,2171128,394981,10369593,76
2015-02-17,1,4,5,FALSE,1965195,313330,10297138,85
2015-02-17,2,4,5,FALSE,1965195,313330,10297138,83
2015-02-17,3,4,5,FALSE,1965195,313330,10297138,80
2015-02-17,4,4,5,FALSE,1965195,313330,10297138,87
2015-02-17,5,4,5,FALSE,1965195,313330,10297138,91
2015-02-17,6,4,5,FALSE,1965195,313330,10297138,88
2015-02-17,7,4,5,FALSE,1965195,313330,10297138,89
2015-02-17,8,4,5,FALSE,1965195,313330,10297138,86
2015-02-17,9,4,5,FALSE,1965195,313330,10297138,87
2015-02-17,10,4,5,FALSE,1965195,313330,10297138,89
2015-02-17,11,4,5,FALSE,1965195,313330,10297138,87
2015-02-17,12,4,5,FALSE,1965195,313330,10297138,87
2017-01-26,1,4,4,TRUE,1586722,120295,10124579,103
2017-01-26,2,4,4,TRUE,1586722,120295,10124579,95
2017-01-26,3,4,4,TRUE,1586722,120295,10124579,0
2017-01-26,4,4,4,TRUE,1586722,120295,10124579,88
2017-01-26,5,4,4,TRUE,1586722,120295,10124579,91
2017-01-26,6,4,4,TRUE,1586722,120295,10124579,95
2017-01-26,7,4,4,TRUE,1586722,120295,10124579,94
2017-01-26,8,4,4,TRUE,1586722,120295,10124579,92
2017-01-26,9,4,4,TRUE,1586722,120295,10124579,92
2017-01-26,10,4,4,TRUE,1586722,120295,10124579,92
2017-01-26,11,4,4,TRUE,1586722,120295,10124579,91
2017-01-26,12,4,4,TRUE,1586722,120295,10124579,91
2018-02-14,1,4,4,FALSE,1513685,103093,10049607,90
2018-02-14,2,4,4,FALSE,1513685,103093,10049607,90
2018-02-14,3,4,4,FALSE,1513685,103093,10049607,95
2018-02-14,4,4,4,FALSE,1513685,103093,10049607,89
2018-02-14,5,4,4,FALSE,1513685,103093,10049607,88
2018-02-14,6,4,4,FALSE,1513685,103093,10049607,89
2018-02-14,7,4,4,FALSE,1513685,103093,10049607,90
2018-02-14,8,4,4,FALSE,1513685,103093,10049607,91
2018-02-14,9,4,4,FALSE,1513685,103093,10049607,92
2018-02-14,10,4,4,FALSE,1513685,103093,10049607,91
2018-02-14,11,4,4,FALSE,1513685,103093,10049607,93
2018-02-14,12,4,4,FALSE,1513685,103093,10049607,94
2020-01-23,1,4,4,FALSE,5676460,765750,9911088,90
2020-01-23,2,4,4,FALSE,5676460,765750,9911088,91
2020-01-23,3,4,4,FALSE,5676460,765750,9911088,86
2020-01-23,4,4,4,FALSE,5676460,765750,9911088,96
2020-01-23,5,4,4,FALSE,5676460,765750,9911088,88
2020-01-23,6,4,4,FALSE,5676460,765750,9911088,87
2020-01-23,7,4,4,FALSE,5676460,765750,9911088,89
2020-01-23,8,4,4,FALSE,5676460,765750,9911088,86
2020-01-23,9,4,4,FALSE,5676460,765750,9911088,87
2020-01-23,10,4,4,FALSE,5676460,765750,9911088,83
2020-01-23,11,4,4,FALSE,5676460,765750,9911088,87
2020-01-23,12,4,4,FALSE,5676460,765750,9911088,89
2013-02-08,1,5,3,TRUE,5186824,774325,10388055,104
2013-02-08,2,5,3,TRUE,5186824,774325,10388055,105
2013-02-08,3,5,3,TRUE,5186824,774325,10388055,101
2013-02-08,4,5,3,TRUE,5186824,774325,10388055,106
2013-02-08,5,5,3,TRUE,5186824,774325,10388055,98
2013-02-08,6,5,3,TRUE,5186824,774325,10388055,104
2013-02-08,7,5,3,TRUE,5186824,774325,10388055,104
2013-02-08,8,5,3,TRUE,5186824,774325,10388055,101
2013-02-08,9,5,3,TRUE,5186824,774325,10388055,105
2013-02-08,10,5,3,TRUE,5186824,774325,10388055,105
2013-02-08,11,5,3,TRUE,5186824,774325,10388055,98
2013-02-08,12,5,3,TRUE,5186824,774325,10388055,97
2014-01-29,1,5,4,FALSE,5066315,680975,10369593,79
2014-01-29,2,5,4,FALSE,5066315,680975,10369593,79
2014-01-29,3,5,4,FALSE,5066315,680975,10369593,79
2014-01-29,4,5,4,FALSE,5066315,680975,10369593,79
2014-01-29,5,5,4,FALSE,5066315,680975,10369593,78
2014-01-29,6,5,4,FALSE,5066315,680975,10369593,75
2014-01-29,7,5,4,FALSE,5066315,680975,10369593,74
2014-01-29,8,5,4,FALSE,5066315,680975,10369593,78
2014-01-29,9,5,4,FALSE,5066315,680975,10369593,82
2014-01-29,10,5,4,FALSE,5066315,680975,10369593,81
2014-01-29,11,5,4,FALSE,5066315,680975,10369593,83
2014-01-29,12,5,4,FALSE,5066315,680975,10369593,84
2015-02-17,1,5,5,FALSE,4642716,569084,10297138,95
2015-02-17,2,5,5,FALSE,4642716,569084,10297138,97
2015-02-17,3,5,5,FALSE,4642716,569084,10297138,81
2015-02-17,4,5,5,FALSE,4642716,569084,10297138,96
2015-02-17,5,5,5,FALSE,4642716,569084,10297138,94
2015-02-17,6,5,5,FALSE,4642716,569084,10297138,104
2015-02-17,7,5,5,FALSE,4642716,569084,10297138,103
2015-02-17,8,5,5,FALSE,4642716,569084,10297138,96
2015-02-17,9,5,5,FALSE,4642716,569084,10297138,95
2015-02-17,10,5,5,FALSE,4642716,569084,10297138,94
2015-02-17,11,5,5,FALSE,4642716,569084,10297138,97
2015-02-17,12,5,5,FALSE,4642716,569084,10297138,100
2017-01-26,1,5,4,TRUE,3943211,240688,10124579,127
2017-01-26,2,5,4,TRUE,3943211,240688,10124579,92
2017-01-26,3,5,4,TRUE,3943211,240688,10124579,89
2017-01-26,4,5,4,TRUE,3943211,240688,10124579,0
2017-01-26,5,5,4,TRUE,3943211,240688,10124579,92
2017-01-26,6,5,4,TRUE,3943211,240688,10124579,95
2017-01-26,7,5,4,TRUE,3943211,240688,10124579,93
2017-01-26,8,5,4,TRUE,3943211,240688,10124579,95
2017-01-26,9,5,4,TRUE,3943211,240688,10124579,91
2017-01-26,10,5,4,TRUE,3943211,240688,10124579,93
2017-01-26,11,5,4,TRUE,3943211,240688,10124579,90
2017-01-26,12,5,4,TRUE,3943211,240688,10124579,93
2018-02-14,1,5,4,FALSE,3739115,188766,10049607,88
2018-02-14,2,5,4,FALSE,3739115,188766,10049607,92
2018-02-14,3,5,4,FALSE,3739115,188766,10049607,99
2018-02-14,4,5,4,FALSE,3739115,188766,10049607,95
2018-02-14,5,5,4,FALSE,3739115,188766,10049607,91
2018-02-14,6,5,4,FALSE,3739115,188766,10049607,90
2018-02-14,7,5,4,FALSE,3739115,188766,10049607,93
2018-02-14,8,5,4,FALSE,3739115,188766,10049607,95
2018-02-14,9,5,4,FALSE,3739115,188766,10049607,94
2018-02-14,10,5,4,FALSE,3739115,188766,10049607,88
2018-02-14,11,5,4,FALSE,3739115,188766,10049607,94
2018-02-14,12,5,4,FALSE,3739115,188766,10049607,93
2020-01-23,1,5,4,FALSE,16524701,1139063,9911088,0
2020-01-23,2,5,4,FALSE,16524701,1139063,9911088,0
2020-01-23,3,5,4,FALSE,16524701,1139063,9911088,0
2020-01-23,4,5,4,FALSE,16524701,1139063,9911088,0
2020-01-23,5,5,4,FALSE,16524701,1139063,9911088,0
2020-01-23,6,5,4,FALSE,16524701,1139063,9911088,0
2020-01-23,7,5,4,FALSE,16524701,1139063,9911088,0
2020-01-23,8,5,4,FALSE,16524701,1139063,9911088,0
2020-01-23,9,5,4,FALSE,16524701,1139063,9911088,0
2020-01-23,10,5,4,FALSE,16524701,1139063,9911088,0
2020-01-23,11,5,4,FALSE,16524701,1139063,9911088,0
2020-01-23,12,5,4,FALSE,16524701,1139063,9911088,0
2013-02-08,1,6,3,TRUE,10866409,1206051,10388055,101
2013-02-08,2,6,3,TRUE,10866409,1206051,10388055,105
2013-02-08,3,6,3,TRUE,10866409,1206051,10388055,97
2013-02-08,4,6,3,TRUE,10866409,1206051,10388055,95
2013-02-08,5,6,3,TRUE,10866409,1206051,10388055,95
2013-02-08,6,6,3,TRUE,10866409,1206051,10388055,101
2013-02-08,7,6,3,TRUE,10866409,1206051,10388055,101
2013-02-08,8,6,3,TRUE,10866409,1206051,10388055,96
2013-02-08,9,6,3,TRUE,10866409,1206051,10388055,99
2013-02-08,10,6,3,TRUE,10866409,1206051,10388055,100
2013-02-08,11,6,3,TRUE,10866409,1206051,10388055,100
2013-02-08,12,6,3,TRUE,10866409,1206051,10388055,93
2014-01-29,1,6,4,FALSE,10406430,1085883,10369593,82
2014-01-29,2,6,4,FALSE,10406430,1085883,10369593,82
2014-01-29,3,6,4,FALSE,10406430,1085883,10369593,85
2014-01-29,4,6,4,FALSE,10406430,1085883,10369593,84
2014-01-29,5,6,4,FALSE,10406430,1085883,10369593,82
2014-01-29,6,6,4,FALSE,10406430,1085883,10369593,85
2014-01-29,7,6,4,FALSE,10406430,1085883,10369593,85
2014-01-29,8,6,4,FALSE,10406430,1085883,10369593,86
2014-01-29,9,6,4,FALSE,10406430,1085883,10369593,83
2014-01-29,10,6,4,FALSE,10406430,1085883,10369593,82
2014-01-29,11,6,4,FALSE,10406430,1085883,10369593,0
2014-01-29,12,6,4,FALSE,10406430,1085883,10369593,87
2015-02-17,1,6,5,FALSE,9289639,910190,10297138,104
2015-02-17,2,6,5,FALSE,9289639,910190,10297138,106
2015-02-17,3,6,5,FALSE,9289639,910190,10297138,105
2015-02-17,4,6,5,FALSE,9289639,910190,10297138,107
2015-02-17,5,6,5,FALSE,9289639,910190,10297138,103
2015-02-17,6,6,5,FALSE,9289639,910190,10297138,102
2015-02-17,7,6,5,FALSE,9289639,910190,10297138,111
2015-02-17,8,6,5,FALSE,9289639,910190,10297138,101
2015-02-17,9,6,5,FALSE,9289639,910190,10297138,105
2015-02-17,10,6,5,FALSE,9289639,910190,10297138,105
2015-02-17,11,6,5,FALSE,9289639,910190,10297138,108
2015-02-17,12,6,5,FALSE,9289639,910190,10297138,107
2017-01-26,1,6,4,TRUE,7695815,439642,10124579,94
2017-01-26,2,6,4,TRUE,7695815,439642,10124579,98
2017-01-26,3,6,4,TRUE,7695815,439642,10124579,88
2017-01-26,4,6,4,TRUE,7695815,439642,10124579,83
2017-01-26,5,6,4,TRUE,7695815,439642,10124579,86
2017-01-26,6,6,4,TRUE,7695815,439642,10124579,85
2017-01-26,7,6,4,TRUE,7695815,439642,10124579,85
2017-01-26,8,6,4,TRUE,7695815,439642,10124579,86
2017-01-26,9,6,4,TRUE,7695815,439642,10124579,84
2017-01-26,10,6,4,TRUE,7695815,439642,10124579,88
2017-01-26,11,6,4,TRUE,7695815,439642,10124579,92
2017-01-26,12,6,4,TRUE,7695815,439642,10124579,87
2018-02-14,1,6,4,FALSE,7130843,370566,10049607,87
2018-02-14,2,6,4,FALSE,7130843,370566,10049607,84
2018-02-14,3,6,4,FALSE,7130843,370566,10049607,95
2018-02-14,4,6,4,FALSE,7130843,370566,10049607,94
2018-02-14,5,6,4,FALSE,7130843,370566,10049607,87
2018-02-14,6,6,4,FALSE,7130843,370566,10049607,85
2018-02-14,7,6,4,FALSE,7130843,370566,10049607,84
2018-02-14,8,6,4,FALSE,7130843,370566,10049607,88
2018-02-14,9,6,4,FALSE,7130843,370566,10049607,87
2018-02-14,10,6,4,FALSE,7130843,370566,10049607,88
2018-02-14,11,6,4,FALSE,7130843,370566,10049607,85
2018-02-14,12,6,4,FALSE,7130843,370566,10049607,85
2020-01-23,1,6,4,FALSE,33702462,1629920,9911088,94
2020-01-23,2,6,4,FALSE,33702462,1629920,9911088,93
2020-01-23,3,6,4,FALSE,33702462,1629920,9911088,94
2020-01-23,4,6,4,FALSE,33702462,1629920,9911088,98
2020-01-23,5,6,4,FALSE,33702462,1629920,9911088,99
2020-01-23,6,6,4,FALSE,33702462,1629920,9911088,95
2020-01-23,7,6,4,FALSE,33702462,1629920,9911088,92
2020-01-23,8,6,4,FALSE,33702462,1629920,9911088,97
2020-01-23,9,6,4,FALSE,33702462,1629920,9911088,94
2020-01-23,10,6,4,FALSE,33702462,1629920,9911088,95
2020-01-23,11,6,4,FALSE,33702462,1629920,9911088,97
2020-01-23,12,6,4,FALSE,33702462,1629920,9911088,95
2013-02-08,1,7,3,TRUE,15984740,1349972,10388055,90
2013-02-08,2,7,3,TRUE,15984740,1349972,10388055,93
2013-02-08,3,7,3,TRUE,15984740,1349972,10388055,101
2013-02-08,4,7,3,TRUE,15984740,1349972,10388055,91
2013-02-08,5,7,3,TRUE,15984740,1349972,10388055,99
2013-02-08,6,7,3,TRUE,15984740,1349972,10388055,91
2013-02-08,7,7,3,TRUE,15984740,1349972,10388055,92
2013-02-08,8,7,3,TRUE,15984740,1349972,10388055,93
2013-02-08,9,7,3,TRUE,15984740,1349972,10388055,93
2013-02-08,10,7,3,TRUE,15984740,1349972,10388055,102
2013-02-08,11,7,3,TRUE,15984740,1349972,10388055,94
2013-02-08,12,7,3,TRUE,15984740,1349972,10388055,99
2014-01-29,1,7,4,FALSE,15221692,1225733,10369593,88
2014-01-29,2,7,4,FALSE,15221692,1225733,10369593,88
2014-01-29,3,7,4,FALSE,15221692,1225733,10369593,83
2014-01-29,4,7,4,FALSE,15221692,1225733,10369593,89
2014-01-29,5,7,4,FALSE,15221692,1225733,10369593,87
2014-01-29,6,7,4,FALSE,15221692,1225733,10369593,90
2014-01-29,7,7,4,FALSE,15221692,1225733,10369593,92
2014-01-29,8,7,4,FALSE,15221692,1225733,10369593,92
2014-01-29,9,7,4,FALSE,15221692,1225733,10369593,93
2014-01-29,10,7,4,FALSE,15221692,1225733,10369593,90
2014-01-29,11,7,4,FALSE,15221692,1225733,10369593,95
2014-01-29,12,7,4,FALSE,15221692,1225733,10369593,91
2015-02-17,1,7,5,FALSE,13384876,1032145,10297138,99
2015-02-17,2,7,5,FALSE,13384876,1032145,10297138,95
2015-02-17,3,7,5,FALSE,13384876,1032145,10297138,98
2015-02-17,4,7,5,FALSE,13384876,1032145,10297138,91
2015-02-17,5,7,5,FALSE,13384876,1032145,10297138,99
2015-02-17,6,7,5,FALSE,13384876,1032145,10297138,97
2015-02-17,7,7,5,FALSE,13384876,1032145,10297138,95
2015-02-17,8,7,5,FALSE,13384876,1032145,10297138,95
2015-02-17,9,7,5,FALSE,13384876,1032145,10297138,97
2015-02-17,10,7,5,FALSE,13384876,1032145,10297138,103
2015-02-17,11,7,5,FALSE,13384876,1032145,10297138,105
2015-02-17,12,7,5,FALSE,13384876,1032145,10297138,99
2017-01-26,1,7,4,TRUE,10713741,533512,10124579,81
2017-01-26,2,7,4,TRUE,10713741,533512,10124579,83
2017-01-26,3,7,4,TRUE,10713741,533512,10124579,78
2017-01-26,4,7,4,TRUE,10713741,533512,10124579,80
2017-01-26,5,7,4,TRUE,10713741,533512,10124579,81
2017-01-26,6,7,4,TRUE,10713741,533512,10124579,80
2017-01-26,7,7,4,TRUE,10713741,533512,10124579,84
2017-01-26,8,7,4,TRUE,10713741,533512,10124579,86
2017-01-26,9,7,4,TRUE,10713741,533512,10124579,82
2017-01-26,10,7,4,TRUE,10713741,533512,10124579,80
2017-01-26,11,7,4,TRUE,10713741,533512,10124579,83
2017-01-26,12,7,4,TRUE,10713741,533512,10124579,81
2018-02-14,1,7,4,FALSE,10017061,461543,10049607,83
2018-02-14,2,7,4,FALSE,10017061,461543,10049607,88
2018-02-14,3,7,4,FALSE,10017061,461543,10049607,89
2018-02-14,4,7,4,FALSE,10017061,461543,10049607,90
2018-02-14,5,7,4,FALSE,10017061,461543,10049607,87
2018-02-14,6,7,4,FALSE,10017061,461543,10049607,89
2018-02-14,7,7,4,FALSE,10017061,461543,10049607,92
2018-02-14,8,7,4,FALSE,10017061,461543,10049607,89
2018-02-14,9,7,4,FALSE,10017061,461543,10049607,91
2018-02-14,10,7,4,FALSE,10017061,461543,10049607,91
2018-02-14,11,7,4,FALSE,10017061,461543,10049607,92
2018-02-14,12,7,4,FALSE,10017061,461543,10049607,88
2020-01-23,1,7,4,FALSE,51388364,1765147,9911088,91
2020-01-23,2,7,4,FALSE,51388364,1765147,9911088,88
2020-01-23,3,7,4,FALSE,51388364,1765147,9911088,92
2020-01-23,4,7,4,FALSE,51388364,1765147,9911088,83
2020-01-23,5,7,4,FALSE,51388364,1765147,9911088,93
2020-01-23,6,7,4,FALSE,51388364,1765147,9911088,92
2020-01-23,7,7,4,FALSE,51388364,1765147,9911088,93
2020-01-23,8,7,4,FALSE,51388364,1765147,9911088,97
2020-01-23,9,7,4,FALSE,51388364,1765147,9911088,93
2020-01-23,10,7,4,FALSE,51388364,1765147,9911088,94
2020-01-23,11,7,4,FALSE,51388364,1765147,9911088,93
2020-01-23,12,7,4,FALSE,51388364,1765147,9911088,91
2013-02-08,1,8,3,TRUE,17462577,1624836,10388055,95
2013-02-08,2,8,3,TRUE,17462577,1624836,10388055,91
2013-02-08,3,8,3,TRUE,17462577,1624836,10388055,0
2013-02-08,4,8,3,TRUE,17462577,1624836,10388055,88
2013-02-08,5,8,3,TRUE,17462577,1624836,10388055,88
2013-02-08,6,8,3,TRUE,17462577,1624836,10388055,89
2013-02-08,7,8,3,TRUE,17462577,1624836,10388055,138
2013-02-08,8,8,3,TRUE,17462577,1624836,10388055,95
2013-02-08,9,8,3,TRUE,17462577,1624836,10388055,92
2013-02-08,10,8,3,TRUE,17462577,1624836,10388055,98
2013-02-08,11,8,3,TRUE,17462577,1624836,10388055,91
2013-02-08,12,8,3,TRUE,17462577,1624836,10388055,99
2014-01-29,1,8,4,FALSE,16710517,1462189,10369593,91
2014-01-29,2,8,4,FALSE,16710517,1462189,10369593,87
2014-01-29,3,8,4,FALSE,16710517,1462189,10369593,82
2014-01-29,4,8,4,FALSE,16710517,1462189,10369593,92
2014-01-29,5,8,4,FALSE,16710517,1462189,10369593,91
2014-01-29,6,8,4,FALSE,16710517,1462189,10369593,92
2014-01-29,7,8,4,FALSE,16710517,1462189,10369593,89
2014-01-29,8,8,4,FALSE,16710517,1462189,10369593,89
2014-01-29,9,8,4,FALSE,16710517,1462189,10369593,94
2014-01-29,10,8,4,FALSE,16710517,1462189,10369593,94
2014-01-29,11,8,4,FALSE,16710517,1462189,10369593,95
2014-01-29,12,8,4,FALSE,16710517,1462189,10369593,91
2015-02-17,1,8,5,FALSE,14753459,1209263,10297138,95
2015-02-17,2,8,5,FALSE,14753459,1209263,10297138,102
2015-02-17,3,8,5,FALSE,14753459,1209263,10297138,99
2015-02-17,4,8,5,FALSE,14753459,1209263,10297138,90
2015-02-17,5,8,5,FALSE,14753459,1209263,10297138,94
2015-02-17,6,8,5,FALSE,14753459,1209263,10297138,89
2015-02-17,7,8,5,FALSE,14753459,1209263,10297138,88
2015-02-17,8,8,5,FALSE,14753459,1209263,10297138,90
2015-02-17,9,8,5,FALSE,14753459,1209263,10297138,94
2015-02-17,10,8,5,FALSE,14753459,1209263,10297138,95
2015-02-17,11,8,5,FALSE,14753459,1209263,10297138,91
2015-02-17,12,8,5,FALSE,14753459,1209263,10297138,92
2017-01-26,1,8,4,TRUE,11863474,598953,10124579,86
2017-01-26,2,8,4,TRUE,11863474,598953,10124579,87
2017-01-26,3,8,4,TRUE,11863474,598953,10124579,88
2017-01-26,4,8,4,TRUE,11863474,598953,10124579,93
2017-01-26,5,8,4,TRUE,11863474,598953,10124579,84
2017-01-26,6,8,4,TRUE,11863474,598953,10124579,81
2017-01-26,7,8,4,TRUE,11863474,598953,10124579,83
2017-01-26,8,8,4,TRUE,11863474,598953,10124579,86
2017-01-26,9,8,4,TRUE,11863474,598953,10124579,85
2017-01-26,10,8,4,TRUE,11863474,598953,10124579,87
2017-01-26,11,8,4,TRUE,11863474,598953,10124579,88
2017-01-26,12,8,4,TRUE,11863474,598953,10124579,82
2018-02-14,1,8,4,FALSE,11151705,518635,10049607,87
2018-02-14,2,8,4,FALSE,11151705,518635,10049607,86
2018-02-14,3,8,4,FALSE,11151705,518635,10049607,85
2018-02-14,4,8,4,FALSE,11151705,518635,10049607,84
2018-02-14,5,8,4,FALSE,11151705,518635,10049607,88
2018-02-14,6,8,4,FALSE,11151705,518635,10049607,87
2018-02-14,7,8,4,FALSE,11151705,518635,10049607,82
2018-02-14,8,8,4,FALSE,11151705,518635,10049607,81
2018-02-14,9,8,4,FALSE,11151705,518635,10049607,81
2018-02-14,10,8,4,FALSE,11151705,518635,10049607,81
2018-02-14,11,8,4,FALSE,11151705,518635,10049607,70
2018-02-14,12,8,4,FALSE,11151705,518635,10049607,79
2020-01-23,1,8,4,FALSE,51740388,2010702,9911088,102
2020-01-23,2,8,4,FALSE,51740388,2010702,9911088,99
2020-01-23,3,8,4,FALSE,51740388,2010702,9911088,95
2020-01-23,4,8,4,FALSE,51740388,2010702,9911088,106
2020-01-23,5,8,4,FALSE,51740388,2010702,9911088,96
2020-01-23,6,8,4,FALSE,51740388,2010702,9911088,90
2020-01-23,7,8,4,FALSE,51740388,2010702,9911088,96
2020-01-23,8,8,4,FALSE,51740388,2010702,9911088,98
2020-01-23,9,8,4,FALSE,51740388,2010702,9911088,100
2020-01-23,10,8,4,FALSE,51740388,2010702,9911088,103
2020-01-23,11,8,4,FALSE,51740388,2010702,9911088,104
2020-01-23,12,8,4,FALSE,51740388,2010702,9911088,102
2013-02-08,1,9,3,TRUE,19314963,1932103,10388055,99
2013-02-08,2,9,3,TRUE,19314963,1932103,10388055,95
2013-02-08,3,9,3,TRUE,19314963,1932103,10388055,97
2013-02-08,4,9,3,TRUE,19314963,1932103,10388055,94
2013-02-08,5,9,3,TRUE,19314963,1932103,10388055,94
2013-02-08,6,9,3,TRUE,19314963,1932103,10388055,95
2013-02-08,7,9,3,TRUE,19314963,1932103,10388055,99
2013-02-08,8,9,3,TRUE,19314963,1932103,10388055,102
2013-02-08,9,9,3,TRUE,19314963,1932103,10388055,100
2013-02-08,10,9,3,TRUE,19314963,1932103,10388055,94
2013-02-08,11,9,3,TRUE,19314963,1932103,10388055,98
2013-02-08,12,9,3,TRUE,19314963,1932103,10388055,95
2014-01-29,1,9,4,FALSE,18634958,1720856,10369593,90
2014-01-29,2,9,4,FALSE,18634958,1720856,10369593,87
2014-01-29,3,9,4,FALSE,18634958,1720856,10369593,81
2014-01-29,4,9,4,FALSE,18634958,1720856,10369593,88
2014-01-29,5,9,4,FALSE,18634958,1720856,10369593,86
2014-01-29,6,9,4,FALSE,18634958,1720856,10369593,87
2014-01-29,7,9,4,FALSE,18634958,1720856,10369593,86
2014-01-29,8,9,4,FALSE,18634958,1720856,10369593,87
2014-01-29,9,9,4,FALSE,18634958,1720856,10369593,89
2014-01-29,10,9,4,FALSE,18634958,1720856,10369593,86
2014-01-29,11,9,4,FALSE,18634958,1720856,10369593,89
2014-01-29,12,9,4,FALSE,18634958,1720856,10369593,87
2015-02-17,1,9,5,FALSE,16662426,1416714,10297138,87
2015-02-17,2,9,5,FALSE,16662426,1416714,10297138,93
2015-02-17,3,9,5,FALSE,16662426,1416714,10297138,81
2015-02-17,4,9,5,FALSE,16662426,1416714,10297138,83
2015-02-17,5,9,5,FALSE,16662426,1416714,10297138,92
2015-02-17,6,9,5,FALSE,16662426,1416714,10297138,91
2015-02-17,7,9,5,FALSE,16662426,1416714,10297138,95
2015-02-17,8,9,5,FALSE,16662426,1416714,10297138,97
2015-02-17,9,9,5,FALSE,16662426,1416714,10297138,96
2015-02-17,10,9,5,FALSE,16662426,1416714,10297138,100
2015-02-17,11,9,5,FALSE,16662426,1416714,10297138,100
2015-02-17,12,9,5,FALSE,16662426,1416714,10297138,98
2017-01-26,1,9,4,TRUE,13242181,688415,10124579,87
2017-01-26,2,9,4,TRUE,13242181,688415,10124579,90
2017-01-26,3,9,4,TRUE,13242181,688415,10124579,81
2017-01-26,4,9,4,TRUE,13242181,688415,10124579,102
2017-01-26,5,9,4,TRUE,13242181,688415,10124579,91
2017-01-26,6,9,4,TRUE,13242181,688415,10124579,91
2017-01-26,7,9,4,TRUE,13242181,688415,10124579,90
2017-01-26,8,9,4,TRUE,13242181,688415,10124579,93
2017-01-26,9,9,4,TRUE,13242181,688415,10124579,90
2017-01-26,10,9,4,TRUE,13242181,688415,10124579,94
2017-01-26,11,9,4,TRUE,13242181,688415,10124579,91
2017-01-26,12,9,4,TRUE,13242181,688415,10124579,87
2018-02-14,1,9,4,FALSE,12240786,592020,10049607,91
2018-02-14,2,9,4,FALSE,12240786,592020,10049607,91
2018-02-14,3,9,4,FALSE,12240786,592020,10049607,90
2018-02-14,4,9,4,FALSE,12240786,592020,10049607,91
2018-02-14,5,9,4,FALSE,12240786,592020,10049607,92
2018-02-14,6,9,4,FALSE,12240786,592020,10049607,96
2018-02-14,7,9,4,FALSE,12240786,592020,10049607,96
2018-02-14,8,9,4,FALSE,12240786,592020,10049607,98
2018-02-14,9,9,4,FALSE,12240786,592020,10049607,97
2018-02-14,10,9,4,FALSE,12240786,592020,10049607,96
2018-02-14,11,9,4,FALSE,12240786,592020,10049607,101
2018-02-14,12,9,4,FALSE,12240786,592020,10049607,76
2020-01-23,1,9,4,FALSE,49797211,2208959,9911088,100
2020-01-23,2,9,4,FALSE,49797211,2208959,9911088,102
2020-01-23,3,9,4,FALSE,49797211,2208959,9911088,96
2020-01-23,4,9,4,FALSE,49797211,2208959,9911088,105
2020-01-23,5,9,4,FALSE,49797211,2208959,9911088,103
2020-01-23,6,9,4,FALSE,49797211,2208959,9911088,102
2020-01-23,7,9,4,FALSE,49797211,2208959,9911088,95
2020-01-23,8,9,4,FALSE,49797211,2208959,9911088,99
2020-01-23,9,9,4,FALSE,49797211,2208959,9911088,103
2020-01-23,10,9,4,FALSE,49797211,2208959,9911088,106
2020-01-23,11,9,4,FALSE,49797211,2208959,9911088,104
2020-01-23,12,9,4,FALSE,49797211,2208959,9911088,99
2013-02-08,1,10,3,TRUE,21570894,1937699,10388055,91
2013-02-08,2,10,3,TRUE,21570894,1937699,10388055,95
2013-02-08,3,10,3,TRUE,21570894,1937699,10388055,90
2013-02-08,4,10,3,TRUE,21570894,1937699,10388055,87
2013-02-08,5,10,3,TRUE,21570894,1937699,10388055,96
2013-02-08,6,10,3,TRUE,21570894,1937699,10388055,92
2013-02-08,7,10,3,TRUE,21570894,1937699,10388055,96
2013-02-08,8,10,3,TRUE,21570894,1937699,10388055,98
2013-02-08,9,10,3,TRUE,21570894,1937699,10388055,93
2013-02-08,10,10,3,TRUE,21570894,1937699,10388055,95
2013-02-08,11,10,3,TRUE,21570894,1937699,10388055,91
2013-02-08,12,10,3,TRUE,21570894,1937699,10388055,87
2014-01-29,1,10,4,FALSE,20704719,1720531,10369593,85
2014-01-29,2,10,4,FALSE,20704719,1720531,10369593,91
2014-01-29,3,10,4,FALSE,20704719,1720531,10369593,88
2014-01-29,4,10,4,FALSE,20704719,1720531,10369593,84
2014-01-29,5,10,4,FALSE,20704719,1720531,10369593,88
2014-01-29,6,10,4,FALSE,20704719,1720531,10369593,91
2014-01-29,7,10,4,FALSE,20704719,1720531,10369593,90
2014-01-29,8,10,4,FALSE,20704719,1720531,10369593,109
2014-01-29,9,10,4,FALSE,20704719,1720531,10369593,88
2014-01-29,10,10,4,FALSE,20704719,1720531,10369593,91
2014-01-29,11,10,4,FALSE,20704719,1720531,10369593,91
2014-01-29,12,10,4,FALSE,20704719,1720531,10369593,89
2015-02-17,1,10,5,FALSE,18460017,1404372,10297138,95
2015-02-17,2,10,5,FALSE,18460017,1404372,10297138,95
2015-02-17,3,10,5,FALSE,18460017,1404372,10297138,92
2015-02-17,4,10,5,FALSE,18460017,1404372,10297138,101
2015-02-17,5,10,5,FALSE,18460017,1404372,10297138,93
2015-02-17,6,10,5,FALSE,18460017,1404372,10297138,99
2015-02-17,7,10,5,FALSE,18460017,1404372,10297138,97
2015-02-17,8,10,5,FALSE,18460017,1404372,10297138,95
2015-02-17,9,10,5,FALSE,18460017,1404372,10297138,98
2015-02-17,10,10,5,FALSE,18460017,1404372,10297138,94
2015-02-17,11,10,5,FALSE,18460017,1404372,10297138,98
2015-02-17,12,10,5,FALSE,18460017,1404372,10297138,98
2017-01-26,1,10,4,TRUE,14473087,676177,10124579,98
2017-01-26,2,10,4,TRUE,14473087,676177,10124579,101
2017-01-26,3,10,4,TRUE,14473087,676177,10124579,85
2017-01-26,4,10,4,TRUE,14473087,676177,10124579,99
2017-01-26,5,10,4,TRUE,14473087,676177,10124579,105
2017-01-26,6,10,4,TRUE,14473087,676177,10124579,99
2017-01-26,7,10,4,TRUE,14473087,676177,10124579,100
2017-01-26,8,10,4,TRUE,14473087,676177,10124579,106
2017-01-26,9,10,4,TRUE,14473087,676177,10124579,104
2017-01-26,10,10,4,TRUE,14473087,676177,10124579,101
2017-01-26,11,10,4,TRUE,14473087,676177,10124579,108
2017-01-26,12,10,4,TRUE,14473087,676177,10124579,99
2018-02-14,1,10,4,FALSE,13237082,572941,10049607,90
2018-02-14,2,10,4,FALSE,13237082,572941,10049607,89
2018-02-14,3,10,4,FALSE,13237082,572941,10049607,96
2018-02-14,4,10,4,FALSE,13237082,572941,10049607,94
2018-02-14,5,10,4,FALSE,13237082,572941,10049607,90
2018-02-14,6,10,4,FALSE,13237082,572941,10049607,95
2018-02-14,7,10,4,FALSE,13237082,572941,10049607,90
2018-02-14,8,10,4,FALSE,13237082,572941,10049607,93
2018-02-14,9,10,4,FALSE,13237082,572941,10049607,90
2018-02-14,10,10,4,FALSE,13237082,572941,10049607,88
2018-02-14,11,10,4,FALSE,13237082,572941,10049607,94
2018-02-14,12,10,4,FALSE,13237082,572941,10049607,91
2020-01-23,1,10,4,FALSE,53135274,2023882,9911088,94
2020-01-23,2,10,4,FALSE,53135274,2023882,9911088,96
2020-01-23,3,10,4,FALSE,53135274,2023882,9911088,93
2020-01-23,4,10,4,FALSE,53135274,2023882,9911088,109
2020-01-23,5,10,4,FALSE,53135274,2023882,9911088,98
2020-01-23,6,10,4,FALSE,53135274,2023882,9911088,95
2020-01-23,7,10,4,FALSE,53135274,2023882,9911088,96
2020-01-23,8,10,4,FALSE,53135274,2023882,9911088,99
2020-01-23,9,10,4,FALSE,53135274,2023882,9911088,100
2020-01-23,10,10,4,FALSE,53135274,2023882,9911088,100
2020-01-23,11,10,4,FALSE,53135274,2023882,9911088,102
2020-01-23,12,10,4,FALSE,53135274,2023882,9911088,98
2013-02-08,1,11,3,TRUE,20983137,1768677,10388055,96
2013-02-08,2,11,3,TRUE,20983137,1768677,10388055,105
2013-02-08,3,11,3,TRUE,20983137,1768677,10388055,98
2013-02-08,4,11,3,TRUE,20983137,1768677,10388055,101
2013-02-08,5,11,3,TRUE,20983137,1768677,10388055,106
2013-02-08,6,11,3,TRUE,20983137,1768677,10388055,99
2013-02-08,7,11,3,TRUE,20983137,1768677,10388055,97
2013-02-08,8,11,3,TRUE,20983137,1768677,10388055,101
2013-02-08,9,11,3,TRUE,20983137,1768677,10388055,146
2013-02-08,10,11,3,TRUE,20983137,1768677,10388055,96
2013-02-08,11,11,3,TRUE,20983137,1768677,10388055,96
2013-02-08,12,11,3,TRUE,20983137,1768677,10388055,98
2014-01-29,1,11,4,FALSE,20216244,1576422,10369593,96
2014-01-29,2,11,4,FALSE,20216244,1576422,10369593,96
2014-01-29,3,11,4,FALSE,20216244,1576422,10369593,102
2014-01-29,4,11,4,FALSE,20216244,1576422,10369593,98
2014-01-29,5,11,4,FALSE,20216244,1576422,10369593,104
2014-01-29,6,11,4,FALSE,20216244,1576422,10369593,104
2014-01-29,7,11,4,FALSE,20216244,1576422,10369593,98
2014-01-29,8,11,4,FALSE,20216244,1576422,10369593,103
2014-01-29,9,11,4,FALSE,20216244,1576422,10369593,99
2014-01-29,10,11,4,FALSE,20216244,1576422,10369593,102
2014-01-29,11,11,4,FALSE,20216244,1576422,10369593,101
2014-01-29,12,11,4,FALSE,20216244,1576422,10369593,97
2015-02-17,1,11,5,FALSE,17990220,1278377,10297138,101
2015-02-17,2,11,5,FALSE,17990220,1278377,10297138,96
2015-02-17,3,11,5,FALSE,17990220,1278377,10297138,108
2015-02-17,4,11,5,FALSE,17990220,1278377,10297138,98
2015-02-17,5,11,5,FALSE,17990220,1278377,10297138,103
2015-02-17,6,11,5,FALSE,17990220,1278377,10297138,97
2015-02-17,7,11,5,FALSE,17990220,1278377,10297138,107
2015-02-17,8,11,5,FALSE,17990220,1278377,10297138,111
2015-02-17,9,11,5,FALSE,17990220,1278377,10297138,114
2015-02-17,10,11,5,FALSE,17990220,1278377,10297138,112
2015-02-17,11,11,5,FALSE,17990220,1278377,10297138,107
2015-02-17,12,11,5,FALSE,17990220,1278377,10297138,117
2017-01-26,1,11,4,TRUE,14092662,607412,10124579,104
2017-01-26,2,11,4,TRUE,14092662,607412,10124579,108
2017-01-26,3,11,4,TRUE,14092662,607412,10124579,116
2017-01-26,4,11,4,TRUE,14092662,607412,10124579,107
2017-01-26,5,11,4,TRUE,14092662,607412,10124579,112
2017-01-26,6,11,4,TRUE,14092662,607412,10124579,113
2017-01-26,7,11,4,TRUE,14092662,607412,10124579,110
2017-01-26,8,11,4,TRUE,14092662,607412,10124579,105
2017-01-26,9,11,4,TRUE,14092662,607412,10124579,112
2017-01-26,10,11,4,TRUE,14092662,607412,10124579,115
2017-01-26,11,11,4,TRUE,14092662,607412,10124579,112
2017-01-26,12,11,4,TRUE,14092662,607412,10124579,108
2018-02-14,1,11,4,FALSE,12896834,515435,10049607,92
2018-02-14,2,11,4,FALSE,12896834,515435,10049607,102
2018-02-14,3,11,4,FALSE,12896834,515435,10049607,105
2018-02-14,4,11,4,FALSE,12896834,515435,10049607,106
2018-02-14,5,11,4,FALSE,12896834,515435,10049607,105
2018-02-14,6,11,4,FALSE,12896834,515435,10049607,100
2018-02-14,7,11,4,FALSE,12896834,515435,10049607,105
2018-02-14,8,11,4,FALSE,12896834,515435,10049607,99
2018-02-14,9,11,4,FALSE,12896834,515435,10049607,102
2018-02-14,10,11,4,FALSE,12896834,515435,10049607,103
2018-02-14,11,11,4,FALSE,12896834,515435,10049607,107
2018-02-14,12,11,4,FALSE,12896834,515435,10049607,130
2020-01-23,1,11,4,FALSE,52246935,1820612,9911088,99
2020-01-23,2,11,4,FALSE,52246935,1820612,9911088,108
2020-01-23,3,11,4,FALSE,52246935,1820612,9911088,93
2020-01-23,4,11,4,FALSE,52246935,1820612,9911088,113
2020-01-23,5,11,4,FALSE,52246935,1820612,9911088,104
2020-01-23,6,11,4,FALSE,52246935,1820612,9911088,108
2020-01-23,7,11,4,FALSE,52246935,1820612,9911088,109
2020-01-23,8,11,4,FALSE,52246935,1820612,9911088,102
2020-01-23,9,11,4,FALSE,52246935,1820612,9911088,100
2020-01-23,10,11,4,FALSE,52246935,1820612,9911088,106
2020-01-23,11,11,4,FALSE,52246935,1820612,9911088,93
2020-01-23,12,11,4,FALSE,52246935,1820612,9911088,104
2013-02-08,1,12,3,TRUE,19894414,1596595,10388055,105
2013-02-08,2,12,3,TRUE,19894414,1596595,10388055,122
2013-02-08,3,12,3,TRUE,19894414,1596595,10388055,105
2013-02-08,4,12,3,TRUE,19894414,1596595,10388055,116
2013-02-08,5,12,3,TRUE,19894414,1596595,10388055,128
2013-02-08,6,12,3,TRUE,19894414,1596595,10388055,120
2013-02-08,7,12,3,TRUE,19894414,1596595,10388055,119
2013-02-08,8,12,3,TRUE,19894414,1596595,10388055,125
2013-02-08,9,12,3,TRUE,19894414,1596595,10388055,126
2013-02-08,10,12,3,TRUE,19894414,1596595,10388055,123
2013-02-08,11,12,3,TRUE,19894414,1596595,10388055,113
2013-02-08,12,12,3,TRUE,19894414,1596595,10388055,115
2014-01-29,1,12,4,FALSE,19194886,1405197,10369593,103
2014-01-29,2,12,4,FALSE,19194886,1405197,10369593,101
2014-01-29,3,12,4,FALSE,19194886,1405197,10369593,108
2014-01-29,4,12,4,FALSE,19194886,1405197,10369593,112
2014-01-29,5,12,4,FALSE,19194886,1405197,10369593,122
2014-01-29,6,12,4,FALSE,19194886,1405197,10369593,117
2014-01-29,7,12,4,FALSE,19194886,1405197,10369593,105
2014-01-29,8,12,4,FALSE,19194886,1405197,10369593,108
2014-01-29,9,12,4,FALSE,19194886,1405197,10369593,114
2014-01-29,10,12,4,FALSE,19194886,1405197,10369593,106
2014-01-29,11,12,4,FALSE,19194886,1405197,10369593,109
2014-01-29,12,12,4,FALSE,19194886,1405197,10369593,114
2015-02-17,1,12,5,FALSE,17145747,1155349,10297138,118
2015-02-17,2,12,5,FALSE,17145747,1155349,10297138,126
2015-02-17,3,12,5,FALSE,17145747,1155349,10297138,129
2015-02-17,4,12,5,FALSE,17145747,1155349,10297138,106
2015-02-17,5,12,5,FALSE,17145747,1155349,10297138,122
2015-02-17,6,12,5,FALSE,17145747,1155349,10297138,116
2015-02-17,7,12,5,FALSE,17145747,1155349,10297138,124
2015-02-17,8,12,5,FALSE,17145747,1155349,10297138,119
2015-02-17,9,12,5,FALSE,17145747,1155349,10297138,131
2015-02-17,10,12,5,FALSE,17145747,1155349,10297138,128
2015-02-17,11,12,5,FALSE,17145747,1155349,10297138,131
2015-02-17,12,12,5,FALSE,17145747,1155349,10297138,122
2017-01-26,1,12,4,TRUE,13599682,543005,10124579,113
2017-01-26,2,12,4,TRUE,13599682,543005,10124579,111
2017-01-26,3,12,4,TRUE,13599682,543005,10124579,108
2017-01-26,4,12,4,TRUE,13599682,543005,10124579,110
2017-01-26,5,12,4,TRUE,13599682,543005,10124579,109
2017-01-26,6,12,4,TRUE,13599682,543005,10124579,114
2017-01-26,7,12,4,TRUE,13599682,543005,10124579,106
2017-01-26,8,12,4,TRUE,13599682,543005,10124579,118
2017-01-26,9,12,4,TRUE,13599682,543005,10124579,107
2017-01-26,10,12,4,TRUE,13599682,543005,10124579,115
2017-01-26,11,12,4,TRUE,13599682,543005,10124579,115
2017-01-26,12,12,4,TRUE,13599682,543005,10124579,114
2018-02-14,1,12,4,FALSE,12505601,460235,10049607,109
2018-02-14,2,12,4,FALSE,12505601,460235,10049607,110
2018-02-14,3,12,4,FALSE,12505601,460235,10049607,111
2018-02-14,4,12,4,FALSE,12505601,460235,10049607,106
2018-02-14,5,12,4,FALSE,12505601,460235,10049607,106
2018-02-14,6,12,4,FALSE,12505601,460235,10049607,108
2018-02-14,7,12,4,FALSE,12505601,460235,10049607,118
2018-02-14,8,12,4,FALSE,12505601,460235,10049607,115
2018-02-14,9,12,4,FALSE,12505601,460235,10049607,113
2018-02-14,10,12,4,FALSE,12505601,460235,10049607,134
2018-02-14,11,12,4,FALSE,12505601,460235,10049607,115
2018-02-14,12,12,4,FALSE,12505601,460235,10049607,116
2020-01-23,1,12,4,FALSE,50664256,1586687,9911088,113
2020-01-23,2,12,4,FALSE,50664256,1586687,9911088,104
2020-01-23,3,12,4,FALSE,50664256,1586687,9911088,108
2020-01-23,4,12,4,FALSE,50664256,1586687,9911088,120
2020-01-23,5,12,4,FALSE,50664256,1586687,9911088,105
2020-01-23,6,12,4,FALSE,50664256,1586687,9911088,109
2020-01-23,7,12,4,FALSE,50664256,1586687,9911088,106
2020-01-23,8,12,4,FALSE,50664256,1586687,9911088,108
2020-01-23,9,12,4,FALSE,50664256,1586687,9911088,109
2020-01-23,10,12,4,FALSE,50664256,1586687,9911088,111
2020-01-23,11,12,4,FALSE,50664256,1586687,9911088,110
2020-01-23,12,12,4,FALSE,50664256,1586687,9911088,108
2013-02-08,1,13,3,TRUE,21519196,1610557,10388055,117
2013-02-08,2,13,3,TRUE,21519196,1610557,10388055,119
2013-02-08,3,13,3,TRUE,21519196,1610557,10388055,120
2013-02-08,4,13,3,TRUE,21519196,1610557,10388055,121
2013-02-08,5,13,3,TRUE,21519196,1610557,10388055,118
2013-02-08,6,13,3,TRUE,21519196,1610557,10388055,119
2013-02-08,7,13,3,TRUE,21519196,1610557,10388055,117
2013-02-08,8,13,3,TRUE,21519196,1610557,10388055,118
2013-02-08,9,13,3,TRUE,21519196,1610557,10388055,117
2013-02-08,10,13,3,TRUE,21519196,1610557,10388055,116
2013-02-08,11,13,3,TRUE,21519196,1610557,10388055,117
2013-02-08,12,13,3,TRUE,21519196,1610557,10388055,119
2014-01-29,1,13,4,FALSE,20755272,1433045,10369593,118
2014-01-29,2,13,4,FALSE,20755272,1433045,10369593,117
2014-01-29,3,13,4,FALSE,20755272,1433045,10369593,115
2014-01-29,4,13,4,FALSE,20755272,1433045,10369593,115
2014-01-29,5,13,4,FALSE,20755272,1433045,10369593,115
2014-01-29,6,13,4,FALSE,20755272,1433045,10369593,114
2014-01-29,7,13,4,FALSE,20755272,1433045,10369593,118
2014-01-29,8,13,4,FALSE,20755272,1433045,10369593,116
2014-01-29,9,13,4,FALSE,20755272,1433045,10369593,119
2014-01-29,10,13,4,FALSE,20755272,1433045,10369593,122
2014-01-29,11,13,4,FALSE,20755272,1433045,10369593,120
2014-01-29,12,13,4,FALSE,20755272,1433045,10369593,119
2015-02-17,1,13,5,FALSE,18521112,1172609,10297138,117
2015-02-17,2,13,5,FALSE,18521112,1172609,10297138,118
2015-02-17,3,13,5,FALSE,18521112,1172609,10297138,101
2015-02-17,4,13,5,FALSE,18521112,1172609,10297138,117
2015-02-17,5,13,5,FALSE,18521112,1172609,10297138,119
2015-02-17,6,13,5,FALSE,18521112,1172609,10297138,119
2015-02-17,7,13,5,FALSE,18521112,1172609,10297138,117
2015-02-17,8,13,5,FALSE,18521112,1172609,10297138,119
2015-02-17,9,13,5,FALSE,18521112,1172609,10297138,117
2015-02-17,10,13,5,FALSE,18521112,1172609,10297138,116
2015-02-17,11,13,5,FALSE,18521112,1172609,10297138,118
2015-02-17,12,13,5,FALSE,18521112,1172609,10297138,120
2017-01-26,1,13,4,TRUE,14700451,577625,10124579,113
2017-01-26,2,13,4,TRUE,14700451,577625,10124579,116
2017-01-26,3,13,4,TRUE,14700451,577625,10124579,117
2017-01-26,4,13,4,TRUE,14700451,577625,10124579,118
2017-01-26,5,13,4,TRUE,14700451,577625,10124579,119
2017-01-26,6,13,4,TRUE,14700451,577625,10124579,121
2017-01-26,7,13,4,TRUE,14700451,577625,10124579,123
2017-01-26,8,13,4,TRUE,14700451,577625,10124579,124
2017-01-26,9,13,4,TRUE,14700451,577625,10124579,124
2017-01-26,10,13,4,TRUE,14700451,577625,10124579,125
2017-01-26,11,13,4,TRUE,14700451,577625,10124579,127
2017-01-26,12,13,4,TRUE,14700451,577625,10124579,128
2018-02-14,1,13,4,FALSE,13521478,488713,10049607,106
2018-02-14,2,13,4,FALSE,13521478,488713,10049607,105
2018-02-14,3,13,4,FALSE,13521478,488713,10049607,110
2018-02-14,4,13,4,FALSE,13521478,488713,10049607,108
2018-02-14,5,13,4,FALSE,13521478,488713,10049607,120
2018-02-14,6,13,4,FALSE,13521478,488713,10049607,108
2018-02-14,7,13,4,FALSE,13521478,488713,10049607,110
2018-02-14,8,13,4,FALSE,13521478,488713,10049607,108
2018-02-14,9,13,4,FALSE,13521478,488713,10049607,111
2018-02-14,10,13,4,FALSE,13521478,488713,10049607,110
2018-02-14,11,13,4,FALSE,13521478,488713,10049607,110
2018-02-14,12,13,4,FALSE,13521478,488713,10049607,111
2020-01-23,1,13,4,FALSE,55434200,1651664,9911088,108
2020-01-23,2,13,4,FALSE,55434200,1651664,9911088,112
2020-01-23,3,13,4,FALSE,55434200,1651664,9911088,110
2020-01-23,4,13,4,FALSE,55434200,1651664,9911088,101
2020-01-23,5,13,4,FALSE,55434200,1651664,9911088,113
2020-01-23,6,13,4,FALSE,55434200,1651664,9911088,113
2020-01-23,7,13,4,FALSE,55434200,1651664,9911088,113
2020-01-23,8,13,4,FALSE,55434200,1651664,9911088,112
2020-01-23,9,13,4,FALSE,55434200,1651664,9911088,110
2020-01-23,10,13,4,FALSE,55434200,1651664,9911088,111
2020-01-23,11,13,4,FALSE,55434200,1651664,9911088,111
2020-01-23,12,13,4,FALSE,55434200,1651664,9911088,111
2013-02-08,1,14,3,TRUE,22670554,1669824,10388055,118
2013-02-08,2,14,3,TRUE,22670554,1669824,10388055,121
2013-02-08,3,14,3,TRUE,22670554,1669824,10388055,121
2013-02-08,4,14,3,TRUE,22670554,1669824,10388055,111
2013-02-08,5,14,3,TRUE,22670554,1669824,10388055,123
2013-02-08,6,14,3,TRUE,22670554,1669824,10388055,122
2013-02-08,7,14,3,TRUE,22670554,1669824,10388055,123
2013-02-08,8,14,3,TRUE,22670554,1669824,10388055,123
2013-02-08,9,14,3,TRUE,22670554,1669824,10388055,122
2013-02-08,10,14,3,TRUE,22670554,1669824,10388055,121
2013-02-08,11,14,3,TRUE,22670554,1669824,10388055,121
2013-02-08,12,14,3,TRUE,22670554,1669824,10388055,121
2014-01-29,1,14,4,FALSE,21816978,1476089,10369593,123
2014-01-29,2,14,4,FALSE,21816978,1476089,10369593,128
2014-01-29,3,14,4,FALSE,21816978,1476089,10369593,127
2014-01-29,4,14,4,FALSE,21816978,1476089,10369593,133
2014-01-29,5,14,4,FALSE,21816978,1476089,10369593,134
2014-01-29,6,14,4,FALSE,21816978,1476089,10369593,133
2014-01-29,7,14,4,FALSE,21816978,1476089,10369593,136
2014-01-29,8,14,4,FALSE,21816978,1476089,10369593,134
2014-01-29,9,14,4,FALSE,21816978,1476089,10369593,134
2014-01-29,10,14,4,FALSE,21816978,1476089,10369593,134
2014-01-29,11,14,4,FALSE,21816978,1476089,10369593,134
2014-01-29,12,14,4,FALSE,21816978,1476089,10369593,134
2015-02-17,1,14,5,FALSE,19422715,1201678,10297138,124
2015-02-17,2,14,5,FALSE,19422715,1201678,10297138,124
2015-02-17,3,14,5,FALSE,19422715,1201678,10297138,128
2015-02-17,4,14,5,FALSE,19422715,1201678,10297138,140
2015-02-17,5,14,5,FALSE,19422715,1201678,10297138,125
2015-02-17,6,14,5,FALSE,19422715,1201678,10297138,130
2015-02-17,7,14,5,FALSE,19422715,1201678,10297138,130
2015-02-17,8,14,5,FALSE,19422715,1201678,10297138,130
2015-02-17,9,14,5,FALSE,19422715,1201678,10297138,128
2015-02-17,10,14,5,FALSE,19422715,1201678,10297138,133
2015-02-17,11,14,5,FALSE,19422715,1201678,10297138,132
2015-02-17,12,14,5,FALSE,19422715,1201678,10297138,133
2017-01-26,1,14,4,TRUE,15286525,586611,10124579,125
2017-01-26,2,14,4,TRUE,15286525,586611,10124579,125
2017-01-26,3,14,4,TRUE,15286525,586611,10124579,124
2017-01-26,4,14,4,TRUE,15286525,586611,10124579,146
2017-01-26,5,14,4,TRUE,15286525,586611,10124579,130
2017-01-26,6,14,4,TRUE,15286525,586611,10124579,133
2017-01-26,7,14,4,TRUE,15286525,586611,10124579,132
2017-01-26,8,14,4,TRUE,15286525,586611,10124579,136
2017-01-26,9,14,4,TRUE,15286525,586611,10124579,138
2017-01-26,10,14,4,TRUE,15286525,586611,10124579,138
2017-01-26,11,14,4,TRUE,15286525,586611,10124579,139
2017-01-26,12,14,4,TRUE,15286525,586611,10124579,140
2018-02-14,1,14,4,FALSE,14037169,500614,10049607,116
2018-02-14,2,14,4,FALSE,14037169,500614,10049607,115
2018-02-14,3,14,4,FALSE,14037169,500614,10049607,111
2018-02-14,4,14,4,FALSE,14037169,500614,10049607,130
2018-02-14,5,14,4,FALSE,14037169,500614,10049607,117
2018-02-14,6,14,4,FALSE,14037169,500614,10049607,115
2018-02-14,7,14,4,FALSE,14037169,500614,10049607,116
2018-02-14,8,14,4,FALSE,14037169,500614,10049607,114
2018-02-14,9,14,4,FALSE,14037169,500614,10049607,116
2018-02-14,10,14,4,FALSE,14037169,500614,10049607,114
2018-02-14,11,14,4,FALSE,14037169,500614,10049607,117
2018-02-14,12,14,4,FALSE,14037169,500614,10049607,117
2020-01-23,1,14,4,FALSE,57668715,1654545,9911088,118
2020-01-23,2,14,4,FALSE,57668715,1654545,9911088,120
2020-01-23,3,14,4,FALSE,57668715,1654545,9911088,120
2020-01-23,4,14,4,FALSE,57668715,1654545,9911088,119
2020-01-23,5,14,4,FALSE,57668715,1654545,9911088,117
2020-01-23,6,14,4,FALSE,57668715,1654545,9911088,116
2020-01-23,7,14,4,FALSE,57668715,1654545,9911088,119
2020-01-23,8,14,4,FALSE,57668715,1654545,9911088,118
2020-01-23,9,14,4,FALSE,57668715,1654545,9911088,120
2020-01-23,10,14,4,FALSE,57668715,1654545,9911088,120
2020-01-23,11,14,4,FALSE,57668715,1654545,9911088,121
2020-01-23,12,14,4,FALSE,57668715,1654545,9911088,123
2013-02-08,1,15,3,TRUE,23232147,1567158,10388055,126
2013-02-08,2,15,3,TRUE,23232147,1567158,10388055,124
2013-02-08,3,15,3,TRUE,23232147,1567158,10388055,127
2013-02-08,4,15,3,TRUE,23232147,1567158,10388055,128
2013-02-08,5,15,3,TRUE,23232147,1567158,10388055,130
2013-02-08,6,15,3,TRUE,23232147,1567158,10388055,133
2013-02-08,7,15,3,TRUE,23232147,1567158,10388055,134
2013-02-08,8,15,3,TRUE,23232147,1567158,10388055,133
2013-02-08,9,15,3,TRUE,23232147,1567158,10388055,134
2013-02-08,10,15,3,TRUE,23232147,1567158,10388055,133
2013-02-08,11,15,3,TRUE,23232147,1567158,10388055,135
2013-02-08,12,15,3,TRUE,23232147,1567158,10388055,135
2014-01-29,1,15,4,FALSE,22353936,1379857,10369593,137
2014-01-29,2,15,4,FALSE,22353936,1379857,10369593,136
2014-01-29,3,15,4,FALSE,22353936,1379857,10369593,131
2014-01-29,4,15,4,FALSE,22353936,1379857,10369593,141
2014-01-29,5,15,4,FALSE,22353936,1379857,10369593,139
2014-01-29,6,15,4,FALSE,22353936,1379857,10369593,141
2014-01-29,7,15,4,FALSE,22353936,1379857,10369593,140
2014-01-29,8,15,4,FALSE,22353936,1379857,10369593,138
2014-01-29,9,15,4,FALSE,22353936,1379857,10369593,140
2014-01-29,10,15,4,FALSE,22353936,1379857,10369593,139
2014-01-29,11,15,4,FALSE,22353936,1379857,10369593,139
2014-01-29,12,15,4,FALSE,22353936,1379857,10369593,138
2015-02-17,1,15,5,FALSE,19877237,1126585,10297138,144
2015-02-17,2,15,5,FALSE,19877237,1126585,10297138,146
2015-02-17,3,15,5,FALSE,19877237,1126585,10297138,145
2015-02-17,4,15,5,FALSE,19877237,1126585,10297138,146
2015-02-17,5,15,5,FALSE,19877237,1126585,10297138,145
2015-02-17,6,15,5,FALSE,19877237,1126585,10297138,147
2015-02-17,7,15,5,FALSE,19877237,1126585,10297138,146
2015-02-17,8,15,5,FALSE,19877237,1126585,10297138,149
2015-02-17,9,15,5,FALSE,19877237,1126585,10297138,148
2015-02-17,10,15,5,FALSE,19877237,1126585,10297138,149
2015-02-17,11,15,5,FALSE,19877237,1126585,10297138,149
2015-02-17,12,15,5,FALSE,19877237,1126585,10297138,150
2017-01-26,1,15,4,TRUE,15616153,553681,10124579,139
2017-01-26,2,15,4,TRUE,15616153,553681,10124579,140
2017-01-26,3,15,4,TRUE,15616153,553681,10124579,120
2017-01-26,4,15,4,TRUE,15616153,553681,10124579,150
2017-01-26,5,15,4,TRUE,15616153,553681,10124579,139
2017-01-26,6,15,4,TRUE,15616153,553681,10124579,139
2017-01-26,7,15,4,TRUE,15616153,553681,10124579,139
2017-01-26,8,15,4,TRUE,15616153,553681,10124579,141
2017-01-26,9,15,4,TRUE,15616153,553681,10124579,143
2017-01-26,10,15,4,TRUE,15616153,553681,10124579,141
2017-01-26,11,15,4,TRUE,15616153,553681,10124579,140
2017-01-26,12,15,4,TRUE,15616153,553681,10124579,139
2018-02-14,1,15,4,FALSE,14342853,469771,10049607,122
2018-02-14,2,15,4,FALSE,14342853,469771,10049607,127
2018-02-14,3,15,4,FALSE,14342853,469771,10049607,120
2018-02-14,4,15,4,FALSE,14342853,469771,10049607,127
2018-02-14,5,15,4,FALSE,14342853,469771,10049607,127
2018-02-14,6,15,4,FALSE,14342853,469771,10049607,128
2018-02-14,7,15,4,FALSE,14342853,469771,10049607,128
2018-02-14,8,15,4,FALSE,14342853,469771,10049607,130
2018-02-14,9,15,4,FALSE,14342853,469771,10049607,131
2018-02-14,10,15,4,FALSE,14342853,469771,10049607,133
2018-02-14,11,15,4,FALSE,14342853,469771,10049607,135
2018-02-14,12,15,4,FALSE,14342853,469771,10049607,133
2020-01-23,1,15,4,FALSE,58538861,1523451,9911088,119
2020-01-23,2,15,4,FALSE,58538861,1523451,9911088,119
2020-01-23,3,15,4,FALSE,58538861,1523451,9911088,117
2020-01-23,4,15,4,FALSE,58538861,1523451,9911088,106
2020-01-23,5,15,4,FALSE,58538861,1523451,9911088,123
2020-01-23,6,15,4,FALSE,58538861,1523451,9911088,121
2020-01-23,7,15,4,FALSE,58538861,1523451,9911088,120
2020-01-23,8,15,4,FALSE,58538861,1523451,9911088,123
2020-01-23,9,15,4,FALSE,58538861,1523451,9911088,126
2020-01-23,10,15,4,FALSE,58538861,1523451,9911088,125
2020-01-23,11,15,4,FALSE,58538861,1523451,9911088,124
2020-01-23,12,15,4,FALSE,58538861,1523451,9911088,125
2013-02-08,1,16,3,TRUE,23527400,1408343,10388055,140
2013-02-08,2,16,3,TRUE,23527400,1408343,10388055,142
2013-02-08,3,16,3,TRUE,23527400,1408343,10388055,142
2013-02-08,4,16,3,TRUE,23527400,1408343,10388055,143
2013-02-08,5,16,3,TRUE,23527400,1408343,10388055,146
2013-02-08,6,16,3,TRUE,23527400,1408343,10388055,145
2013-02-08,7,16,3,TRUE,23527400,1408343,10388055,143
2013-02-08,8,16,3,TRUE,23527400,1408343,10388055,145
2013-02-08,9,16,3,TRUE,23527400,1408343,10388055,147
2013-02-08,10,16,3,TRUE,23527400,1408343,10388055,146
2013-02-08,11,16,3,TRUE,23527400,1408343,10388055,148
2013-02-08,12,16,3,TRUE,23527400,1408343,10388055,148
2014-01-29,1,16,4,FALSE,22658379,1240158,10369593,143
2014-01-29,2,16,4,FALSE,22658379,1240158,10369593,141
2014-01-29,3,16,4,FALSE,22658379,1240158,10369593,139
2014-01-29,4,16,4,FALSE,22658379,1240158,10369593,149
2014-01-29,5,16,4,FALSE,22658379,1240158,10369593,152
2014-01-29,6,16,4,FALSE,22658379,1240158,10369593,153
2014-01-29,7,16,4,FALSE,22658379,1240158,10369593,154
2014-01-29,8,16,4,FALSE,22658379,1240158,10369593,154
2014-01-29,9,16,4,FALSE,22658379,1240158,10369593,152
2014-01-29,10,16,4,FALSE,22658379,1240158,10369593,154
2014-01-29,11,16,4,FALSE,22658379,1240158,10369593,154
2014-01-29,12,16,4,FALSE,22658379,1240158,10369593,153
2015-02-17,1,16,5,FALSE,20110893,1012096,10297138,152
2015-02-17,2,16,5,FALSE,20110893,1012096,10297138,150
2015-02-17,3,16,5,FALSE,20110893,1012096,10297138,160
2015-02-17,4,16,5,FALSE,20110893,1012096,10297138,178
2015-02-17,5,16,5,FALSE,20110893,1012096,10297138,163
2015-02-17,6,16,5,FALSE,20110893,1012096,10297138,164
2015-02-17,7,16,5,FALSE,20110893,1012096,10297138,162
2015-02-17,8,16,5,FALSE,20110893,1012096,10297138,162
2015-02-17,9,16,5,FALSE,20110893,1012096,10297138,162
2015-02-17,10,16,5,FALSE,20110893,1012096,10297138,165
2015-02-17,11,16,5,FALSE,20110893,1012096,10297138,166
2015-02-17,12,16,5,FALSE,20110893,1012096,10297138,164
2017-01-26,1,16,4,TRUE,15978700,500434,10124579,152
2017-01-26,2,16,4,TRUE,15978700,500434,10124579,150
2017-01-26,3,16,4,TRUE,15978700,500434,10124579,156
2017-01-26,4,16,4,TRUE,15978700,500434,10124579,148
2017-01-26,5,16,4,TRUE,15978700,500434,10124579,156
2017-01-26,6,16,4,TRUE,15978700,500434,10124579,155
2017-01-26,7,16,4,TRUE,15978700,500434,10124579,158
2017-01-26,8,16,4,TRUE,15978700,500434,10124579,159
2017-01-26,9,16,4,TRUE,15978700,500434,10124579,157
2017-01-26,10,16,4,TRUE,15978700,500434,10124579,155
2017-01-26,11,16,4,TRUE,15978700,500434,10124579,158
2017-01-26,12,16,4,TRUE,15978700,500434,10124579,160
2018-02-14,1,16,4,FALSE,14725316,425221,10049607,132
2018-02-14,2,16,4,FALSE,14725316,425221,10049607,134
2018-02-14,3,16,4,FALSE,14725316,425221,10049607,136
2018-02-14,4,16,4,FALSE,14725316,425221,10049607,138
2018-02-14,5,16,4,FALSE,14725316,425221,10049607,140
2018-02-14,6,16,4,FALSE,14725316,425221,10049607,141
2018-02-14,7,16,4,FALSE,14725316,425221,10049607,142
2018-02-14,8,16,4,FALSE,14725316,425221,10049607,140
2018-02-14,9,16,4,FALSE,14725316,425221,10049607,138
2018-02-14,10,16,4,FALSE,14725316,425221,10049607,139
2018-02-14,11,16,4,FALSE,14725316,425221,10049607,138
2018-02-14,12,16,4,FALSE,14725316,425221,10049607,137
2020-01-23,1,16,4,FALSE,60586463,1352887,9911088,130
2020-01-23,2,16,4,FALSE,60586463,1352887,9911088,140
2020-01-23,3,16,4,FALSE,60586463,1352887,9911088,133
2020-01-23,4,16,4,FALSE,60586463,1352887,9911088,145
2020-01-23,5,16,4,FALSE,60586463,1352887,9911088,145
2020-01-23,6,16,4,FALSE,60586463,1352887,9911088,146
2020-01-23,7,16,4,FALSE,60586463,1352887,9911088,147
2020-01-23,8,16,4,FALSE,60586463,1352887,9911088,147
2020-01-23,9,16,4,FALSE,60586463,1352887,9911088,145
2020-01-23,10,16,4,FALSE,60586463,1352887,9911088,143
2020-01-23,11,16,4,FALSE,60586463,1352887,9911088,145
2020-01-23,12,16,4,FALSE,60586463,1352887,9911088,147
2013-02-08,1,17,3,TRUE,24025597,1218600,10388055,151
2013-02-08,2,17,3,TRUE,24025597,1218600,10388055,155
2013-02-08,3,17,3,TRUE,24025597,1218600,10388055,160
2013-02-08,4,17,3,TRUE,24025597,1218600,10388055,156
2013-02-08,5,17,3,TRUE,24025597,1218600,10388055,159
2013-02-08,6,17,3,TRUE,24025597,1218600,10388055,157
2013-02-08,7,17,3,TRUE,24025597,1218600,10388055,157
2013-02-08,8,17,3,TRUE,24025597,1218600,10388055,158
2013-02-08,9,17,3,TRUE,24025597,1218600,10388055,162
2013-02-08,10,17,3,TRUE,24025597,1218600,10388055,164
2013-02-08,11,17,3,TRUE,24025597,1218600,10388055,166
2013-02-08,12,17,3,TRUE,24025597,1218600,10388055,164
2014-01-29,1,17,4,FALSE,23013125,1060793,10369593,164
2014-01-29,2,17,4,FALSE,23013125,1060793,10369593,165
2014-01-29,3,17,4,FALSE,23013125,1060793,10369593,148
2014-01-29,4,17,4,FALSE,23013125,1060793,10369593,177
2014-01-29,5,17,4,FALSE,23013125,1060793,10369593,178
2014-01-29,6,17,4,FALSE,23013125,1060793,10369593,181
2014-01-29,7,17,4,FALSE,23013125,1060793,10369593,181
2014-01-29,8,17,4,FALSE,23013125,1060793,10369593,183
2014-01-29,9,17,4,FALSE,23013125,1060793,10369593,183
2014-01-29,10,17,4,FALSE,23013125,1060793,10369593,184
2014-01-29,11,17,4,FALSE,23013125,1060793,10369593,185
2014-01-29,12,17,4,FALSE,23013125,1060793,10369593,185
2015-02-17,1,17,5,FALSE,20261661,870086,10297138,166
2015-02-17,2,17,5,FALSE,20261661,870086,10297138,165
2015-02-17,3,17,5,FALSE,20261661,870086,10297138,177
2015-02-17,4,17,5,FALSE,20261661,870086,10297138,180
2015-02-17,5,17,5,FALSE,20261661,870086,10297138,170
2015-02-17,6,17,5,FALSE,20261661,870086,10297138,169
2015-02-17,7,17,5,FALSE,20261661,870086,10297138,171
2015-02-17,8,17,5,FALSE,20261661,870086,10297138,174
2015-02-17,9,17,5,FALSE,20261661,870086,10297138,174
2015-02-17,10,17,5,FALSE,20261661,870086,10297138,174
2015-02-17,11,17,5,FALSE,20261661,870086,10297138,173
2015-02-17,12,17,5,FALSE,20261661,870086,10297138,174
2017-01-26,1,17,4,TRUE,16007163,430053,10124579,174
2017-01-26,2,17,4,TRUE,16007163,430053,10124579,169
2017-01-26,3,17,4,TRUE,16007163,430053,10124579,166
2017-01-26,4,17,4,TRUE,16007163,430053,10124579,177
2017-01-26,5,17,4,TRUE,16007163,430053,10124579,177
2017-01-26,6,17,4,TRUE,16007163,430053,10124579,180
2017-01-26,7,17,4,TRUE,16007163,430053,10124579,179
2017-01-26,8,17,4,TRUE,16007163,430053,10124579,180
2017-01-26,9,17,4,TRUE,16007163,430053,10124579,180
2017-01-26,10,17,4,TRUE,16007163,430053,10124579,179
2017-01-26,11,17,4,TRUE,16007163,430053,10124579,178
2017-01-26,12,17,4,TRUE,16007163,430053,10124579,178
2018-02-14,1,17,4,FALSE,14811510,358830,10049607,143
2018-02-14,2,17,4,FALSE,14811510,358830,10049607,146
2018-02-14,3,17,4,FALSE,14811510,358830,10049607,147
2018-02-14,4,17,4,FALSE,14811510,358830,10049607,151
2018-02-14,5,17,4,FALSE,14811510,358830,10049607,146
2018-02-14,6,17,4,FALSE,14811510,358830,10049607,150
2018-02-14,7,17,4,FALSE,14811510,358830,10049607,150
2018-02-14,8,17,4,FALSE,14811510,358830,10049607,154
2018-02-14,9,17,4,FALSE,14811510,358830,10049607,153
2018-02-14,10,17,4,FALSE,14811510,358830,10049607,151
2018-02-14,11,17,4,FALSE,14811510,358830,10049607,150
2018-02-14,12,17,4,FALSE,14811510,358830,10049607,152
2020-01-23,1,17,4,FALSE,63006617,1122638,9911088,149
2020-01-23,2,17,4,FALSE,63006617,1122638,9911088,147
2020-01-23,3,17,4,FALSE,63006617,1122638,9911088,147
2020-01-23,4,17,4,FALSE,63006617,1122638,9911088,158
2020-01-23,5,17,4,FALSE,63006617,1122638,9911088,146
2020-01-23,6,17,4,FALSE,63006617,1122638,9911088,149
2020-01-23,7,17,4,FALSE,63006617,1122638,9911088,147
2020-01-23,8,17,4,FALSE,63006617,1122638,9911088,148
2020-01-23,9,17,4,FALSE,63006617,1122638,9911088,149
2020-01-23,10,17,4,FALSE,63006617,1122638,9911088,115
2020-01-23,11,17,4,FALSE,63006617,1122638,9911088,150
2020-01-23,12,17,4,FALSE,63006617,1122638,9911088,152
2013-02-08,1,18,3,TRUE,21219880,899265,10388055,166
2013-02-08,2,18,3,TRUE,21219880,899265,10388055,165
2013-02-08,3,18,3,TRUE,21219880,899265,10388055,175
2013-02-08,4,18,3,TRUE,21219880,899265,10388055,176
2013-02-08,5,18,3,TRUE,21219880,899265,10388055,178
2013-02-08,6,18,3,TRUE,21219880,899265,10388055,177
2013-02-08,7,18,3,TRUE,21219880,899265,10388055,178
2013-02-08,8,18,3,TRUE,21219880,899265,10388055,178
2013-02-08,9,18,3,TRUE,21219880,899265,10388055,180
2013-02-08,10,18,3,TRUE,21219880,899265,10388055,181
2013-02-08,11,18,3,TRUE,21219880,899265,10388055,180
2013-02-08,12,18,3,TRUE,21219880,899265,10388055,180
2014-01-29,1,18,4,FALSE,20109610,768213,10369593,189
2014-01-29,2,18,4,FALSE,20109610,768213,10369593,188
2014-01-29,3,18,4,FALSE,20109610,768213,10369593,190
2014-01-29,4,18,4,FALSE,20109610,768213,10369593,170
2014-01-29,5,18,4,FALSE,20109610,768213,10369593,187
2014-01-29,6,18,4,FALSE,20109610,768213,10369593,186
2014-01-29,7,18,4,FALSE,20109610,768213,10369593,187
2014-01-29,8,18,4,FALSE,20109610,768213,10369593,186
2014-01-29,9,18,4,FALSE,20109610,768213,10369593,185
2014-01-29,10,18,4,FALSE,20109610,768213,10369593,183
2014-01-29,11,18,4,FALSE,20109610,768213,10369593,188
2014-01-29,12,18,4,FALSE,20109610,768213,10369593,190
2015-02-17,1,18,5,FALSE,17543348,614827,10297138,177
2015-02-17,2,18,5,FALSE,17543348,614827,10297138,176
2015-02-17,3,18,5,FALSE,17543348,614827,10297138,180
2015-02-17,4,18,5,FALSE,17543348,614827,10297138,190
2015-02-17,5,18,5,FALSE,17543348,614827,10297138,183
2015-02-17,6,18,5,FALSE,17543348,614827,10297138,184
2015-02-17,7,18,5,FALSE,17543348,614827,10297138,186
2015-02-17,8,18,5,FALSE,17543348,614827,10297138,187
2015-02-17,9,18,5,FALSE,17543348,614827,10297138,188
2015-02-17,10,18,5,FALSE,17543348,614827,10297138,187
2015-02-17,11,18,5,FALSE,17543348,614827,10297138,189
2015-02-17,12,18,5,FALSE,17543348,614827,10297138,191
2017-01-26,1,18,4,TRUE,13614141,282458,10124579,189
2017-01-26,2,18,4,TRUE,13614141,282458,10124579,177
2017-01-26,3,18,4,TRUE,13614141,282458,10124579,189
2017-01-26,4,18,4,TRUE,13614141,282458,10124579,192
2017-01-26,5,18,4,TRUE,13614141,282458,10124579,190
2017-01-26,6,18,4,TRUE,13614141,282458,10124579,190
2017-01-26,7,18,4,TRUE,13614141,282458,10124579,191
2017-01-26,8,18,4,TRUE,13614141,282458,10124579,193
2017-01-26,9,18,4,TRUE,13614141,282458,10124579,193
2017-01-26,10,18,4,TRUE,13614141,282458,10124579,193
2017-01-26,11,18,4,TRUE,13614141,282458,10124579,192
2017-01-26,12,18,4,TRUE,13614141,282458,10124579,201
2018-02-14,1,18,4,FALSE,12616185,229294,10049607,164
2018-02-14,2,18,4,FALSE,12616185,229294,10049607,167
2018-02-14,3,18,4,FALSE,12616185,229294,10049607,155
2018-02-14,4,18,4,FALSE,12616185,229294,10049607,165
2018-02-14,5,18,4,FALSE,12616185,229294,10049607,168
2018-02-14,6,18,4,FALSE,12616185,229294,10049607,169
2018-02-14,7,18,4,FALSE,12616185,229294,10049607,168
2018-02-14,8,18,4,FALSE,12616185,229294,10049607,167
2018-02-14,9,18,4,FALSE,12616185,229294,10049607,167
2018-02-14,10,18,4,FALSE,12616185,229294,10049607,167
2018-02-14,11,18,4,FALSE,12616185,229294,10049607,168
2018-02-14,12,18,4,FALSE,12616185,229294,10049607,169
2020-01-23,1,18,4,FALSE,55025143,820619,9911088,156
2020-01-23,2,18,4,FALSE,55025143,820619,9911088,155
2020-01-23,3,18,4,FALSE,55025143,820619,9911088,159
2020-01-23,4,18,4,FALSE,55025143,820619,9911088,161
2020-01-23,5,18,4,FALSE,55025143,820619,9911088,161
2020-01-23,6,18,4,FALSE,55025143,820619,9911088,161
2020-01-23,7,18,4,FALSE,55025143,820619,9911088,161
2020-01-23,8,18,4,FALSE,55025143,820619,9911088,159
2020-01-23,9,18,4,FALSE,55025143,820619,9911088,160
2020-01-23,10,18,4,FALSE,55025143,820619,9911088,161
2020-01-23,11,18,4,FALSE,55025143,820619,9911088,162
2020-01-23,12,18,4,FALSE,55025143,820619,9911088,164
2013-02-08,1,19,3,TRUE,16408481,655917,10388055,255
2013-02-08,2,19,3,TRUE,16408481,655917,10388055,194
2013-02-08,3,19,3,TRUE,16408481,655917,10388055,195
2013-02-08,4,19,3,TRUE,16408481,655917,10388055,193
2013-02-08,5,19,3,TRUE,16408481,655917,10388055,194
2013-02-08,6,19,3,TRUE,16408481,655917,10388055,196
2013-02-08,7,19,3,TRUE,16408481,655917,10388055,197
2013-02-08,8,19,3,TRUE,16408481,655917,10388055,198
2013-02-08,9,19,3,TRUE,16408481,655917,10388055,196
2013-02-08,10,19,3,TRUE,16408481,655917,10388055,195
2013-02-08,11,19,3,TRUE,16408481,655917,10388055,198
2013-02-08,12,19,3,TRUE,16408481,655917,10388055,197
2014-01-29,1,19,4,FALSE,15455642,553550,10369593,203
2014-01-29,2,19,4,FALSE,15455642,553550,10369593,204
2014-01-29,3,19,4,FALSE,15455642,553550,10369593,203
2014-01-29,4,19,4,FALSE,15455642,553550,10369593,208
2014-01-29,5,19,4,FALSE,15455642,553550,10369593,206
2014-01-29,6,19,4,FALSE,15455642,553550,10369593,207
2014-01-29,7,19,4,FALSE,15455642,553550,10369593,209
2014-01-29,8,19,4,FALSE,15455642,553550,10369593,210
2014-01-29,9,19,4,FALSE,15455642,553550,10369593,212
2014-01-29,10,19,4,FALSE,15455642,553550,10369593,217
2014-01-29,11,19,4,FALSE,15455642,553550,10369593,217
2014-01-29,12,19,4,FALSE,15455642,553550,10369593,217
2015-02-17,1,19,5,FALSE,13465160,442135,10297138,185
2015-02-17,2,19,5,FALSE,13465160,442135,10297138,197
2015-02-17,3,19,5,FALSE,13465160,442135,10297138,190
2015-02-17,4,19,5,FALSE,13465160,442135,10297138,208
2015-02-17,5,19,5,FALSE,13465160,442135,10297138,209
2015-02-17,6,19,5,FALSE,13465160,442135,10297138,208
2015-02-17,7,19,5,FALSE,13465160,442135,10297138,207
2015-02-17,8,19,5,FALSE,13465160,442135,10297138,216
2015-02-17,9,19,5,FALSE,13465160,442135,10297138,217
2015-02-17,10,19,5,FALSE,13465160,442135,10297138,222
2015-02-17,11,19,5,FALSE,13465160,442135,10297138,225
2015-02-17,12,19,5,FALSE,13465160,442135,10297138,225
2017-01-26,1,19,4,TRUE,10278326,194536,10124579,190
2017-01-26,2,19,4,TRUE,10278326,194536,10124579,192
2017-01-26,3,19,4,TRUE,10278326,194536,10124579,189
2017-01-26,4,19,4,TRUE,10278326,194536,10124579,189
2017-01-26,5,19,4,TRUE,10278326,194536,10124579,189
2017-01-26,6,19,4,TRUE,10278326,194536,10124579,187
2017-01-26,7,19,4,TRUE,10278326,194536,10124579,189
2017-01-26,8,19,4,TRUE,10278326,194536,10124579,190
2017-01-26,9,19,4,TRUE,10278326,194536,10124579,187
2017-01-26,10,19,4,TRUE,10278326,194536,10124579,188
2017-01-26,11,19,4,TRUE,10278326,194536,10124579,188
2017-01-26,12,19,4,TRUE,10278326,194536,10124579,188
2018-02-14,1,19,4,FALSE,9387736,154941,10049607,172
2018-02-14,2,19,4,FALSE,9387736,154941,10049607,169
2018-02-14,3,19,4,FALSE,9387736,154941,10049607,164
2018-02-14,4,19,4,FALSE,9387736,154941,10049607,164
2018-02-14,5,19,4,FALSE,9387736,154941,10049607,166
2018-02-14,6,19,4,FALSE,9387736,154941,10049607,164
2018-02-14,7,19,4,FALSE,9387736,154941,10049607,164
2018-02-14,8,19,4,FALSE,9387736,154941,10049607,164
2018-02-14,9,19,4,FALSE,9387736,154941,10049607,164
2018-02-14,10,19,4,FALSE,9387736,154941,10049607,141
2018-02-14,11,19,4,FALSE,9387736,154941,10049607,163
2018-02-14,12,19,4,FALSE,9387736,154941,10049607,165
2020-01-23,1,19,4,FALSE,37614683,636968,9911088,165
2020-01-23,2,19,4,FALSE,37614683,636968,9911088,169
2020-01-23,3,19,4,FALSE,37614683,636968,9911088,170
2020-01-23,4,19,4,FALSE,37614683,636968,9911088,178
2020-01-23,5,19,4,FALSE,37614683,636968,9911088,174
2020-01-23,6,19,4,FALSE,37614683,636968,9911088,175
2020-01-23,7,19,4,FALSE,37614683,636968,9911088,177
2020-01-23,8,19,4,FALSE,37614683,636968,9911088,179
2020-01-23,9,19,4,FALSE,37614683,636968,9911088,179
2020-01-23,10,19,4,FALSE,37614683,636968,9911088,179
2020-01-23,11,19,4,FALSE,37614683,636968,9911088,180
2020-01-23,12,19,4,FALSE,37614683,636968,9911088,180
2013-02-08,1,20,3,FALSE,13599182,486769,10388055,200
2013-02-08,2,20,3,FALSE,13599182,486769,10388055,201
2013-02-08,3,20,3,FALSE,13599182,486769,10388055,203
2013-02-08,4,20,3,FALSE,13599182,486769,10388055,207
2013-02-08,5,20,3,FALSE,13599182,486769,10388055,205
2013-02-08,6,20,3,FALSE,13599182,486769,10388055,203
2013-02-08,7,20,3,FALSE,13599182,486769,10388055,207
2013-02-08,8,20,3,FALSE,13599182,486769,10388055,207
2013-02-08,9,20,3,FALSE,13599182,486769,10388055,207
2013-02-08,10,20,3,FALSE,13599182,486769,10388055,206
2013-02-08,11,20,3,FALSE,13599182,486769,10388055,206
2013-02-08,12,20,3,FALSE,13599182,486769,10388055,207
2014-01-29,1,20,4,FALSE,12710244,405901,10369593,229
2014-01-29,2,20,4,FALSE,12710244,405901,10369593,227
2014-01-29,3,20,4,FALSE,12710244,405901,10369593,232
2014-01-29,4,20,4,FALSE,12710244,405901,10369593,230
2014-01-29,5,20,4,FALSE,12710244,405901,10369593,233
2014-01-29,6,20,4,FALSE,12710244,405901,10369593,236
2014-01-29,7,20,4,FALSE,12710244,405901,10369593,235
2014-01-29,8,20,4,FALSE,12710244,405901,10369593,233
2014-01-29,9,20,4,FALSE,12710244,405901,10369593,232
2014-01-29,10,20,4,FALSE,12710244,405901,10369593,236
2014-01-29,11,20,4,FALSE,12710244,405901,10369593,234
2014-01-29,12,20,4,FALSE,12710244,405901,10369593,235
2015-02-17,1,20,5,FALSE,11171349,323293,10297138,235
2015-02-17,2,20,5,FALSE,11171349,323293,10297138,234
2015-02-17,3,20,5,FALSE,11171349,323293,10297138,236
2015-02-17,4,20,5,FALSE,11171349,323293,10297138,236
2015-02-17,5,20,5,FALSE,11171349,323293,10297138,237
2015-02-17,6,20,5,FALSE,11171349,323293,10297138,239
2015-02-17,7,20,5,FALSE,11171349,323293,10297138,240
2015-02-17,8,20,5,FALSE,11171349,323293,10297138,260
2015-02-17,9,20,5,FALSE,11171349,323293,10297138,239
2015-02-17,10,20,5,FALSE,11171349,323293,10297138,238
2015-02-17,11,20,5,FALSE,11171349,323293,10297138,236
2015-02-17,12,20,5,FALSE,11171349,323293,10297138,238
2017-01-26,1,20,4,TRUE,8327714,134453,10124579,187
2017-01-26,2,20,4,TRUE,8327714,134453,10124579,188
2017-01-26,3,20,4,TRUE,8327714,134453,10124579,186
2017-01-26,4,20,4,TRUE,8327714,134453,10124579,178
2017-01-26,5,20,4,TRUE,8327714,134453,10124579,183
2017-01-26,6,20,4,TRUE,8327714,134453,10124579,183
2017-01-26,7,20,4,TRUE,8327714,134453,10124579,184
2017-01-26,8,20,4,TRUE,8327714,134453,10124579,184
2017-01-26,9,20,4,TRUE,8327714,134453,10124579,184
2017-01-26,10,20,4,TRUE,8327714,134453,10124579,186
2017-01-26,11,20,4,TRUE,8327714,134453,10124579,185
2017-01-26,12,20,4,TRUE,8327714,134453,10124579,188
2018-02-14,1,20,4,FALSE,7572362,108346,10049607,159
2018-02-14,2,20,4,FALSE,7572362,108346,10049607,167
2018-02-14,3,20,4,FALSE,7572362,108346,10049607,166
2018-02-14,4,20,4,FALSE,7572362,108346,10049607,167
2018-02-14,5,20,4,FALSE,7572362,108346,10049607,170
2018-02-14,6,20,4,FALSE,7572362,108346,10049607,169
2018-02-14,7,20,4,FALSE,7572362,108346,10049607,171
2018-02-14,8,20,4,FALSE,7572362,108346,10049607,170
2018-02-14,9,20,4,FALSE,7572362,108346,10049607,169
2018-02-14,10,20,4,FALSE,7572362,108346,10049607,170
2018-02-14,11,20,4,FALSE,7572362,108346,10049607,168
2018-02-14,12,20,4,FALSE,7572362,108346,10049607,167
2020-01-23,1,20,4,FALSE,29794437,488107,9911088,180
2020-01-23,2,20,4,FALSE,29794437,488107,9911088,182
2020-01-23,3,20,4,FALSE,29794437,488107,9911088,177
2020-01-23,4,20,4,FALSE,29794437,488107,9911088,191
2020-01-23,5,20,4,FALSE,29794437,488107,9911088,183
2020-01-23,6,20,4,FALSE,29794437,488107,9911088,184
2020-01-23,7,20,4,FALSE,29794437,488107,9911088,182
2020-01-23,8,20,4,FALSE,29794437,488107,9911088,188
2020-01-23,9,20,4,FALSE,29794437,488107,9911088,188
2020-01-23,10,20,4,FALSE,29794437,488107,9911088,188
2020-01-23,11,20,4,FALSE,29794437,488107,9911088,191
2020-01-23,12,20,4,FALSE,29794437,488107,9911088,190
2013-02-08,1,21,3,TRUE,11220101,374074,10388055,210
2013-02-08,2,21,3,TRUE,11220101,374074,10388055,211
2013-02-08,3,21,3,TRUE,11220101,374074,10388055,200
2013-02-08,4,21,3,TRUE,11220101,374074,10388055,213
2013-02-08,5,21,3,TRUE,11220101,374074,10388055,215
2013-02-08,6,21,3,TRUE,11220101,374074,10388055,214
2013-02-08,7,21,3,TRUE,11220101,374074,10388055,216
2013-02-08,8,21,3,TRUE,11220101,374074,10388055,216
2013-02-08,9,21,3,TRUE,11220101,374074,10388055,214
2013-02-08,10,21,3,TRUE,11220101,374074,10388055,214
2013-02-08,11,21,3,TRUE,11220101,374074,10388055,215
2013-02-08,12,21,3,TRUE,11220101,374074,10388055,215
2014-01-29,1,21,4,FALSE,10473982,311397,10369593,235
2014-01-29,2,21,4,FALSE,10473982,311397,10369593,232
2014-01-29,3,21,4,FALSE,10473982,311397,10369593,228
2014-01-29,4,21,4,FALSE,10473982,311397,10369593,226
2014-01-29,5,21,4,FALSE,10473982,311397,10369593,224
2014-01-29,6,21,4,FALSE,10473982,311397,10369593,223
2014-01-29,7,21,4,FALSE,10473982,311397,10369593,222
2014-01-29,8,21,4,FALSE,10473982,311397,10369593,224
2014-01-29,9,21,4,FALSE,10473982,311397,10369593,224
2014-01-29,10,21,4,FALSE,10473982,311397,10369593,225
2014-01-29,11,21,4,FALSE,10473982,311397,10369593,225
2014-01-29,12,21,4,FALSE,10473982,311397,10369593,227
2015-02-17,1,21,5,FALSE,9194389,240153,10297138,243
2015-02-17,2,21,5,FALSE,9194389,240153,10297138,242
2015-02-17,3,21,5,FALSE,9194389,240153,10297138,245
2015-02-17,4,21,5,FALSE,9194389,240153,10297138,260
2015-02-17,5,21,5,FALSE,9194389,240153,10297138,244
2015-02-17,6,21,5,FALSE,9194389,240153,10297138,243
2015-02-17,7,21,5,FALSE,9194389,240153,10297138,242
2015-02-17,8,21,5,FALSE,9194389,240153,10297138,241
2015-02-17,9,21,5,FALSE,9194389,240153,10297138,242
2015-02-17,10,21,5,FALSE,9194389,240153,10297138,240
2015-02-17,11,21,5,FALSE,9194389,240153,10297138,244
2015-02-17,12,21,5,FALSE,9194389,240153,10297138,245
2017-01-26,1,21,4,TRUE,6816494,93863,10124579,198
2017-01-26,2,21,4,TRUE,6816494,93863,10124579,199
2017-01-26,3,21,4,TRUE,6816494,93863,10124579,204
2017-01-26,4,21,4,TRUE,6816494,93863,10124579,208
2017-01-26,5,21,4,TRUE,6816494,93863,10124579,209
2017-01-26,6,21,4,TRUE,6816494,93863,10124579,207
2017-01-26,7,21,4,TRUE,6816494,93863,10124579,206
2017-01-26,8,21,4,TRUE,6816494,93863,10124579,205
2017-01-26,9,21,4,TRUE,6816494,93863,10124579,204
2017-01-26,10,21,4,TRUE,6816494,93863,10124579,205
2017-01-26,11,21,4,TRUE,6816494,93863,10124579,208
2017-01-26,12,21,4,TRUE,6816494,93863,10124579,207
2018-02-14,1,21,4,FALSE,6205753,77044,10049607,179
2018-02-14,2,21,4,FALSE,6205753,77044,10049607,178
2018-02-14,3,21,4,FALSE,6205753,77044,10049607,177
2018-02-14,4,21,4,FALSE,6205753,77044,10049607,164
2018-02-14,5,21,4,FALSE,6205753,77044,10049607,180
2018-02-14,6,21,4,FALSE,6205753,77044,10049607,181
2018-02-14,7,21,4,FALSE,6205753,77044,10049607,180
2018-02-14,8,21,4,FALSE,6205753,77044,10049607,178
2018-02-14,9,21,4,FALSE,6205753,77044,10049607,180
2018-02-14,10,21,4,FALSE,6205753,77044,10049607,179
2018-02-14,11,21,4,FALSE,6205753,77044,10049607,180
2018-02-14,12,21,4,FALSE,6205753,77044,10049607,179
2020-01-23,1,21,4,FALSE,22938920,417156,9911088,195
2020-01-23,2,21,4,FALSE,22938920,417156,9911088,193
2020-01-23,3,21,4,FALSE,22938920,417156,9911088,181
2020-01-23,4,21,4,FALSE,22938920,417156,9911088,175
2020-01-23,5,21,4,FALSE,22938920,417156,9911088,171
2020-01-23,6,21,4,FALSE,22938920,417156,9911088,170
2020-01-23,7,21,4,FALSE,22938920,417156,9911088,171
2020-01-23,8,21,4,FALSE,22938920,417156,9911088,172
2020-01-23,9,21,4,FALSE,22938920,417156,9911088,170
2020-01-23,10,21,4,FALSE,22938920,417156,9911088,170
2020-01-23,11,21,4,FALSE,22938920,417156,9911088,170
2020-01-23,12,21,4,FALSE,22938920,417156,9911088,168
2013-02-08,1,22,3,FALSE,8291072,297572,10388055,200
2013-02-08,2,22,3,FALSE,8291072,297572,10388055,192
2013-02-08,3,22,3,FALSE,8291072,297572,10388055,187
2013-02-08,4,22,3,FALSE,8291072,297572,10388055,202
2013-02-08,5,22,3,FALSE,8291072,297572,10388055,188
2013-02-08,6,22,3,FALSE,8291072,297572,10388055,187
2013-02-08,7,22,3,FALSE,8291072,297572,10388055,185
2013-02-08,8,22,3,FALSE,8291072,297572,10388055,186
2013-02-08,9,22,3,FALSE,8291072,297572,10388055,187
2013-02-08,10,22,3,FALSE,8291072,297572,10388055,188
2013-02-08,11,22,3,FALSE,8291072,297572,10388055,187
2013-02-08,12,22,3,FALSE,8291072,297572,10388055,185
2014-01-29,1,22,4,FALSE,7763743,239495,10369593,224
2014-01-29,2,22,4,FALSE,7763743,239495,10369593,225
2014-01-29,3,22,4,FALSE,7763743,239495,10369593,227
2014-01-29,4,22,4,FALSE,7763743,239495,10369593,228
2014-01-29,5,22,4,FALSE,7763743,239495,10369593,228
2014-01-29,6,22,4,FALSE,7763743,239495,10369593,228
2014-01-29,7,22,4,FALSE,7763743,239495,10369593,228
2014-01-29,8,22,4,FALSE,7763743,239495,10369593,226
2014-01-29,9,22,4,FALSE,7763743,239495,10369593,227
2014-01-29,10,22,4,FALSE,7763743,239495,10369593,225
2014-01-29,11,22,4,FALSE,7763743,239495,10369593,227
2014-01-29,12,22,4,FALSE,7763743,239495,10369593,226
2015-02-17,1,22,5,FALSE,6796676,185327,10297138,247
2015-02-17,2,22,5,FALSE,6796676,185327,10297138,246
2015-02-17,3,22,5,FALSE,6796676,185327,10297138,248
2015-02-17,4,22,5,FALSE,6796676,185327,10297138,248
2015-02-17,5,22,5,FALSE,6796676,185327,10297138,249
2015-02-17,6,22,5,FALSE,6796676,185327,10297138,247
2015-02-17,7,22,5,FALSE,6796676,185327,10297138,249
2015-02-17,8,22,5,FALSE,6796676,185327,10297138,251
2015-02-17,9,22,5,FALSE,6796676,185327,10297138,250
2015-02-17,10,22,5,FALSE,6796676,185327,10297138,248
2015-02-17,11,22,5,FALSE,6796676,185327,10297138,248
2015-02-17,12,22,5,FALSE,6796676,185327,10297138,249
2017-01-26,1,22,4,TRUE,4954720,70169,10124579,212
2017-01-26,2,22,4,TRUE,4954720,70169,10124579,220
2017-01-26,3,22,4,TRUE,4954720,70169,10124579,200
2017-01-26,4,22,4,TRUE,4954720,70169,10124579,211
2017-01-26,5,22,4,TRUE,4954720,70169,10124579,211
2017-01-26,6,22,4,TRUE,4954720,70169,10124579,211
2017-01-26,7,22,4,TRUE,4954720,70169,10124579,212
2017-01-26,8,22,4,TRUE,4954720,70169,10124579,212
2017-01-26,9,22,4,TRUE,4954720,70169,10124579,210
2017-01-26,10,22,4,TRUE,4954720,70169,10124579,210
2017-01-26,11,22,4,TRUE,4954720,70169,10124579,211
2017-01-26,12,22,4,TRUE,4954720,70169,10124579,212
2018-02-14,1,22,4,FALSE,4511182,58402,10049607,175
2018-02-14,2,22,4,FALSE,4511182,58402,10049607,171
2018-02-14,3,22,4,FALSE,4511182,58402,10049607,170
2018-02-14,4,22,4,FALSE,4511182,58402,10049607,169
2018-02-14,5,22,4,FALSE,4511182,58402,10049607,170
2018-02-14,6,22,4,FALSE,4511182,58402,10049607,169
2018-02-14,7,22,4,FALSE,4511182,58402,10049607,170
2018-02-14,8,22,4,FALSE,4511182,58402,10049607,170
2018-02-14,9,22,4,FALSE,4511182,58402,10049607,170
2018-02-14,10,22,4,FALSE,4511182,58402,10049607,171
2018-02-14,11,22,4,FALSE,4511182,58402,10049607,172
2018-02-14,12,22,4,FALSE,4511182,58402,10049607,171
2020-01-23,1,22,4,FALSE,15357956,360587,9911088,167
2020-01-23,2,22,4,FALSE,15357956,360587,9911088,170
2020-01-23,3,22,4,FALSE,15357956,360587,9911088,169
2020-01-23,4,22,4,FALSE,15357956,360587,9911088,172
2020-01-23,5,22,4,FALSE,15357956,360587,9911088,176
2020-01-23,6,22,4,FALSE,15357956,360587,9911088,175
2020-01-23,7,22,4,FALSE,15357956,360587,9911088,175
2020-01-23,8,22,4,FALSE,15357956,360587,9911088,174
2020-01-23,9,22,4,FALSE,15357956,360587,9911088,175
2020-01-23,10,22,4,FALSE,15357956,360587,9911088,176
2020-01-23,11,22,4,FALSE,15357956,360587,9911088,175
2020-01-23,12,22,4,FALSE,15357956,360587,9911088,176
2013-02-08,1,23,3,FALSE,5655106,239321,10388055,175
2013-02-08,2,23,3,FALSE,5655106,239321,10388055,150
2013-02-08,3,23,3,FALSE,5655106,239321,10388055,160
2013-02-08,4,23,3,FALSE,5655106,239321,10388055,170
2013-02-08,5,23,3,FALSE,5655106,239321,10388055,107
2013-02-08,6,23,3,FALSE,5655106,239321,10388055,101
2013-02-08,7,23,3,FALSE,5655106,239321,10388055,94
2013-02-08,8,23,3,FALSE,5655106,239321,10388055,96
2013-02-08,9,23,3,FALSE,5655106,239321,10388055,96
2013-02-08,10,23,3,FALSE,5655106,239321,10388055,91
2013-02-08,11,23,3,FALSE,5655106,239321,10388055,90
2013-02-08,12,23,3,FALSE,5655106,239321,10388055,40
2014-01-29,1,23,4,FALSE,5279820,199497,10369593,189
2014-01-29,2,23,4,FALSE,5279820,199497,10369593,200
2014-01-29,3,23,4,FALSE,5279820,199497,10369593,180
2014-01-29,4,23,4,FALSE,5279820,199497,10369593,240
2014-01-29,5,23,4,FALSE,5279820,199497,10369593,114
2014-01-29,6,23,4,FALSE,5279820,199497,10369593,111
2014-01-29,7,23,4,FALSE,5279820,199497,10369593,104
2014-01-29,8,23,4,FALSE,5279820,199497,10369593,102
2014-01-29,9,23,4,FALSE,5279820,199497,10369593,99
2014-01-29,10,23,4,FALSE,5279820,199497,10369593,101
2014-01-29,11,23,4,FALSE,5279820,199497,10369593,103
2014-01-29,12,23,4,FALSE,5279820,199497,10369593,101
2015-02-17,1,23,5,FALSE,4636096,157563,10297138,179
2015-02-17,2,23,5,FALSE,4636096,157563,10297138,510
2015-02-17,3,23,5,FALSE,4636096,157563,10297138,230
2015-02-17,4,23,5,FALSE,4636096,157563,10297138,237
2015-02-17,5,23,5,FALSE,4636096,157563,10297138,102
2015-02-17,6,23,5,FALSE,4636096,157563,10297138,101
2015-02-17,7,23,5,FALSE,4636096,157563,10297138,101
2015-02-17,8,23,5,FALSE,4636096,157563,10297138,99
2015-02-17,9,23,5,FALSE,4636096,157563,10297138,94
2015-02-17,10,23,5,FALSE,4636096,157563,10297138,89
2015-02-17,11,23,5,FALSE,4636096,157563,10297138,88
2015-02-17,12,23,5,FALSE,4636096,157563,10297138,88
2017-01-26,1,23,4,TRUE,3336994,61849,10124579,184
2017-01-26,2,23,4,TRUE,3336994,61849,10124579,198
2017-01-26,3,23,4,TRUE,3336994,61849,10124579,154
2017-01-26,4,23,4,TRUE,3336994,61849,10124579,178
2017-01-26,5,23,4,TRUE,3336994,61849,10124579,115
2017-01-26,6,23,4,TRUE,3336994,61849,10124579,108
2017-01-26,7,23,4,TRUE,3336994,61849,10124579,106
2017-01-26,8,23,4,TRUE,3336994,61849,10124579,103
2017-01-26,9,23,4,TRUE,3336994,61849,10124579,101
2017-01-26,10,23,4,TRUE,3336994,61849,10124579,103
2017-01-26,11,23,4,TRUE,3336994,61849,10124579,100
2017-01-26,12,23,4,TRUE,3336994,61849,10124579,99
2018-02-14,1,23,4,FALSE,3057070,55743,10049607,127
2018-02-14,2,23,4,FALSE,3057070,55743,10049607,158
2018-02-14,3,23,4,FALSE,3057070,55743,10049607,9
2018-02-14,4,23,4,FALSE,3057070,55743,10049607,188
2018-02-14,5,23,4,FALSE,3057070,55743,10049607,83
2018-02-14,6,23,4,FALSE,3057070,55743,10049607,85
2018-02-14,7,23,4,FALSE,3057070,55743,10049607,86
2018-02-14,8,23,4,FALSE,3057070,55743,10049607,83
2018-02-14,9,23,4,FALSE,3057070,55743,10049607,81
2018-02-14,10,23,4,FALSE,3057070,55743,10049607,82
2018-02-14,11,23,4,FALSE,3057070,55743,10049607,83
2018-02-14,12,23,4,FALSE,3057070,55743,10049607,83
2020-01-23,1,23,4,FALSE,9510468,370481,9911088,183
2020-01-23,2,23,4,FALSE,9510468,370481,9911088,189
2020-01-23,3,23,4,FALSE,9510468,370481,9911088,178
2020-01-23,4,23,4,FALSE,9510468,370481,9911088,180
2020-01-23,5,23,4,FALSE,9510468,370481,9911088,177.5
2020-01-23,6,23,4,FALSE,9510468,370481,9911088,175.5
2020-01-23,7,23,4,FALSE,9510468,370481,9911088,173.5
2020-01-23,8,23,4,FALSE,9510468,370481,9911088,171.5
2020-01-23,9,23,4,FALSE,9510468,370481,9911088,169.5
2020-01-23,10,23,4,FALSE,9510468,370481,9911088,167.5
2020-01-23,11,23,4,FALSE,9510468,370481,9911088,165.5
2020-01-23,12,23,4,FALSE,9510468,370481,9911088,163.5