날짜,년,월,1원달러종가,1원달러격차,2달러유로종가,2달러유로격차,3금종가,3브렌트유종가,4브렌트유격차,5크루드종가,5크루드격차,6TED평균,7미국10년국채종가,8외환보유액,9나스닥종가,9나스닥격차,10다우종가,10다우격차,11상하이종가,11상하이종가,12코스피종가,12코스피격차,13SNP종가,13SNP격차,14VIX종가,15VIX격차,16미국CLI,17한국CLI,1원달러종가_상하,1원달러격차_상하,2달러유로종가_상하,2달러유로격차_상하,3금종가_상하,3브렌트유종가_상하,4브렌트유격차_상하,5크루드종가_상하,5크루드격차_상하,6TED평균_상하,7미국10년국채종가_상하,8외환보유액_상하,9나스닥종가_상하,9나스닥격차_상하,10다우종가_상하,10다우격차_상하,11상하이종가_상하,11상하이종가_상하,12코스피종가_상하,12코스피격차_상하,13SNP종가_상하,13SNP격차_상하,14VIX종가_상하,15VIX격차_상하,16미국CLI상하,17한국CLI상하
2000년 1월,"2,000.00",1.00,"1,123.50",39.00,0.97,0.04,283.2,25.97,4.07,27.64,5.93,0.7189473684,6.662,768,3940.35,592.06,10940.54,1048.64,1535,186.5,943.88,190.36,1394.5,127.9,24.95,9.49,101.3953,104.5602,0,0,0,0,0,0,0,0,0,0,0,0,0,0,0,0,0,0,0,0,0,0,0,0,0,0
2000년 2월,"2,000.00",2.00,"1,131.11",30.80,0.96,0.06,292.4,28.09,3.05,30.43,3.42,0.5515,6.409,797,4696.69,786.62,10128.31,1282.87,1714.58,187.3,828.38,181.18,1366.4,119.5,23.37,7.43,101.3298,104.0744,1,0,0,1,1,1,0,1,0,0,0,1,1,1,0,1,1,1,0,0,0,0,0,0,0,0
2000년 3월,"2,000.00",3.00,"1,105.25",25.00,0.96,0.04,278.4,24.77,7.7,26.9,8.32,0.502173913,6.002,837,4572.83,776.83,10921.93,1502.84,1800.22,214.99,860.94,108.25,1498.6,206.3,24.11,6.68,101.2315,103.6126,0,0,0,0,0,0,1,0,1,0,0,1,0,0,1,1,1,1,1,0,1,1,1,0,0,0
2000년 4월,"2,000.00",4.00,"1,109.75",12.50,0.91,0.04,273.1,23.89,3.92,25.74,3.8,0.65,6.218,846,3860.66,1345.8,10733.92,1223.92,1836.32,111.97,725.39,192.05,1452.4,187.8,26.2,11.06,101.11,103.2033,1,0,0,0,0,0,0,0,0,1,1,1,0,1,0,0,1,0,0,1,0,0,1,1,0,0
2000년 5월,"2,000.00",5.00,"1,129.50",33.30,0.94,0.04,271.7,28.31,5.47,29.01,5.3,0.959047619,6.285,868,3400.91,939.72,10522.34,712.43,1894.55,212.78,731.88,153.32,1420.6,120.4,23.65,9.66,100.96,102.8155,1,1,1,0,0,1,1,1,1,1,1,1,0,0,0,0,1,1,1,0,0,0,0,0,0,0
2000년 6월,"2,000.00",6.00,"1,115.03",21.50,0.95,0.02,290.1,30.57,4.12,32.5,4.53,1.103636364,6.027,902,3966.11,672.82,10447.9,527.54,1928.11,68.72,821.22,136.1,1454.6,68.3,19.54,5.62,100.7906,102.4115,0,0,1,0,1,1,0,1,0,1,0,1,1,0,0,0,1,0,1,0,1,0,0,0,0,0
2000년 7월,"2,000.00",7.00,"1,116.75",10.20,0.93,0.04,276.8,26.93,4.6,27.43,5,0.775,6.04,904,3766.99,673.27,10521.98,481.54,2023.54,136.75,705.97,185.18,1430.8,103.4,20.74,2.88,100.6028,101.939,1,0,0,1,0,0,1,0,1,0,1,1,0,1,1,0,1,1,0,1,0,1,1,0,0,0
2000년 8월,"2,000.00",8.00,"1,108.75",9.60,0.89,0.02,278.3,31.72,6.07,33.12,6.44,0.5990909091,5.729,914,4206.35,687.59,11215.1,802.3,2021.2,134.17,688.62,88.83,1517.7,99.8,16.84,4.56,100.3819,101.363,0,0,0,0,1,1,1,1,1,0,0,1,1,1,1,1,0,0,0,0,1,0,0,1,0,0
2000년 9월,"2,000.00",9.00,"1,115.15",30.80,0.88,0.03,273.6,29.84,5.73,30.84,7.6,0.6775,5.808,925,3672.82,645.21,10650.92,833.87,1910.16,152.14,613.22,147.28,1436.5,110.7,20.57,6.19,100.1248,100.667,1,1,0,1,0,0,0,0,1,1,1,1,0,0,0,1,0,1,0,1,0,1,1,1,0,0
2000년 10월,"2,000.00",10.00,"1,137.50",36.50,0.85,0.02,264.9,30.76,5.88,32.7,6.81,0.67,5.761,927,3369.63,688.37,10971.14,1340.77,1961.29,83.69,514.48,132.64,1429.4,149,23.63,10.39,99.81455,99.88611,1,1,0,0,0,1,1,1,0,0,0,1,0,1,1,1,1,0,0,0,0,1,1,1,0,0
2000년 11월,"2,000.00",11.00,"1,215.50",85.50,0.87,0.02,270.1,31.88,3.68,33.82,3.74,0.58,5.478,933,2597.93,956.97,10414.49,714.11,2070.61,166,509.23,81.95,1314.9,143.6,29.65,7.6,99.46094,99.0952,1,1,1,0,1,1,0,1,0,0,0,1,0,1,0,0,1,1,0,0,0,0,1,0,0,0
2000년 12월,"2,000.00",12.00,"1,265.00",94.00,0.94,0.04,272,23.87,9.42,26.8,8.57,0.7684210526,5.112,962,2470.52,740.59,10786.85,618.47,2073.48,73,504.62,70.63,1320.3,135,26.85,9.94,99.07918,98.37554,1,1,1,1,1,0,1,0,1,1,0,1,0,0,1,0,1,0,0,0,1,0,0,1,0,0
2001년 1월,"2,001.00",1.00,"1,257.00",51.50,0.94,0.03,265.6,26.66,3.36,28.66,6.05,0.550952381,5.112,954,2772.73,640.65,10887.36,559.96,2065.61,124.27,617.91,126.48,1366,108.8,22.02,9.33,98.72934,97.78368,0,0,0,0,0,1,0,1,0,0,1,0,1,0,1,0,0,1,1,1,1,0,0,0,0,0
2001년 2월,"2,001.00",2.00,"1,253.95",40.40,0.92,0.04,266.8,25.57,4.86,27.39,4.51,0.4642105263,4.904,953,2151.83,669.39,10495.28,741.13,1959.18,178.77,578.1,49.74,1239.9,161,28.35,10.4,98.46049,97.37314,0,0,0,1,1,0,1,0,0,0,0,0,0,1,0,1,0,1,0,0,0,1,1,1,0,0
2001년 3월,"2,001.00",3.00,"1,331.00",78.50,0.88,0.04,257.9,24.74,3.5,26.29,3.45,0.5395454545,4.915,944,1840.26,449.57,9878.78,1752.96,2112.78,159.16,523.22,62.31,1160.3,186.2,28.64,11.33,98.2868,97.16624,1,1,0,0,0,0,0,0,0,1,1,0,0,0,0,1,1,0,0,1,0,1,1,1,0,0
2001년 4월,"2,001.00",4.00,"1,317.00",73.00,0.89,0.03,264,27.89,4.38,28.46,3.55,0.7510526316,5.336,935,2116.24,583.28,10734.97,1530.69,2119.18,98.1,577.36,90.42,1249.5,177.3,25.48,12.19,98.19991,97.10679,0,0,1,0,1,1,1,1,1,1,1,0,1,1,1,0,1,0,1,1,1,0,0,1,0,0
2001년 5월,"2,001.00",5.00,"1,281.00",38.00,0.85,0.03,265.3,29.34,2.67,28.37,3.15,0.4847619048,5.385,936,2110.49,275.64,10911.94,676.83,2214.26,102.76,612.16,60.8,1255.8,83.9,22.64,6.03,98.17339,97.13932,0,0,0,1,1,1,0,0,0,0,1,1,0,0,1,0,1,1,1,0,1,0,0,0,0,1
2001년 6월,"2,001.00",6.00,"1,300.50",26.50,0.85,0.04,270.6,26.08,5.09,26.25,4.53,0.35,5.404,943,2161.24,290.88,10502.4,801.81,2218.03,88.31,595.13,42.62,1224.4,83.6,19.06,5.59,98.15052,97.24905,1,0,1,1,1,0,1,0,1,0,1,1,1,1,0,1,1,0,0,0,0,0,0,0,0,1
2001년 7월,"2,001.00",7.00,"1,298.00",25.00,0.88,0.04,266.2,24.69,2.93,26.35,3.75,0.2347619048,5.055,971,2027.13,246.38,10522.81,558.23,1920.32,313.91,541.55,87.73,1211.2,74.3,21.62,6.87,98.10569,97.46252,0,0,1,1,0,0,0,1,0,0,0,1,0,0,1,0,0,1,0,1,0,0,1,1,0,1
2001년 8월,"2,001.00",8.00,"1,280.00",30.50,0.91,0.02,274.4,26.41,2.29,27.2,2.14,0.205,4.84,990,1805.43,325.42,9949.75,740.51,1834.14,195.13,545.11,43.36,1133.6,101.4,24.92,6.15,98.04189,97.78284,0,1,1,0,1,1,0,1,0,0,0,1,0,1,0,1,0,0,1,0,0,1,1,0,0,1
2001년 9월,"2,001.00",9.00,"1,304.00",45.00,0.91,0.04,292.4,23.26,10.35,23.43,9.68,0.3464705882,4.59,1001,1498.8,449.13,8847.56,2120.04,1764.87,138.14,479.68,95.63,1040.9,210.6,31.93,25.16,98.00101,98.21348,1,1,0,1,1,0,1,0,1,1,0,1,0,1,0,1,0,0,0,1,0,1,1,1,0,1
2001년 10월,"2,001.00",10.00,"1,291.00",35.00,0.90,0.03,279.5,20.37,3.2,21.18,3.18,0.2409090909,4.244,1005,1690.2,334.46,9075.14,866.03,1689.17,258.94,537.81,57.81,1059.8,83.8,33.56,8.84,98.05522,98.77706,0,0,0,0,0,0,0,0,0,0,0,1,1,0,1,0,0,1,1,0,1,0,1,0,1,1
2001년 11월,"2,001.00",11.00,"1,268.00",45.00,0.90,0.07,273.9,19.14,5,19.44,5.92,0.2335,4.754,1017,1930.58,281.1,9851.56,978.33,1747.99,197.54,643.89,144.71,1139.4,109.1,23.84,11.61,98.23116,99.46316,0,1,0,1,0,0,1,0,1,0,1,1,1,0,1,1,1,0,1,1,1,1,0,1,1,1
2001년 12월,"2,001.00",12.00,"1,313.50",59.10,0.89,0.03,278.7,19.9,3.2,19.84,3.7,0.2352631579,5.029,1028,1950.4,166.71,10021.5,480.55,1645.97,182.99,693.7,84.06,1148.1,59.1,23.8,5.26,98.50665,100.2121,1,1,0,0,1,1,0,1,0,1,1,1,1,0,1,0,0,0,1,0,1,0,0,0,1,1
2002년 1월,"2,002.00",1.00,"1,309.40",41.00,0.86,0.04,282.1,19.18,4.17,19.48,4.15,0.1680952381,5.046,1043,1934.03,247.39,9920,770.69,1491.66,304.3,748.07,97.29,1130.2,95.3,21.09,6.48,98.82489,100.9484,0,0,0,1,1,0,1,0,1,0,1,1,0,1,0,1,0,1,1,1,0,1,0,1,1,1
2002년 2월,"2,002.00",2.00,"1,318.80",19.60,0.87,0.03,296.7,21.33,2.91,21.74,2.76,0.1778947368,4.874,1051,1731.49,245.6,10106.13,674.92,1524.7,68.79,819.99,107.74,1106.7,55.8,21.59,6.77,99.12585,101.5953,1,0,1,0,1,1,0,1,0,1,0,1,0,0,1,0,1,0,1,1,0,0,1,1,1,1
2002년 3월,"2,002.00",3.00,"1,320.90",22.70,0.87,0.09,302.6,25.92,4.75,26.31,4.76,0.2005,5.406,1061,1845.35,204.15,10403.94,562.06,1603.9,199.04,895.58,99.39,1147.4,67.2,17.4,4.1,99.3518,102.086,1,1,1,1,1,1,1,1,1,1,1,1,1,0,1,0,1,1,1,0,1,1,0,0,1,1
2002년 4월,"2,002.00",4.00,"1,289.00",48.80,0.90,0.03,308.9,26.47,4.34,27.29,5.04,0.2552380952,5.089,1077,1688.23,224.4,9946.22,590.5,1667.75,104.33,842.34,114.38,1076.9,84.3,21.91,6.77,99.44518,102.3518,0,1,1,0,1,1,0,1,1,1,0,1,0,1,0,1,1,0,0,1,0,1,1,1,1,1
2002년 5월,"2,002.00",5.00,"1,214.30",76.00,0.93,0.02,326.5,24.45,3.42,25.31,5.14,0.1785714286,5.045,1096,1615.73,199.04,9925.25,551.2,1515.73,164.38,796.4,83.76,1067.1,57.6,19.98,5.01,99.38594,102.3921,0,1,1,0,1,0,0,0,1,0,0,1,0,0,0,0,0,1,0,0,0,0,0,0,0,1
2002년 6월,"2,002.00",6.00,"1,203.00",47.10,0.99,0.02,313.5,25.58,2.63,26.86,3.25,0.1811111111,4.809,1124,1463.21,245.97,9243.26,1059.92,1732.76,293.58,742.72,133.11,989.8,117.8,25.4,10.36,99.18291,102.2611,0,0,1,1,0,1,0,1,0,1,0,1,0,1,0,1,1,1,0,1,0,1,1,1,0,0
2002년 7월,"2,002.00",7.00,"1,178.00",57.20,0.98,0.02,303.2,25.44,2.01,27.02,2.37,0.1645454545,4.459,1155,1328.26,267.42,8736.59,1877.72,1651.59,94.65,717.99,118.68,911.6,218.8,32.03,22.83,98.89056,102.0325,0,1,0,0,0,0,0,1,0,0,0,1,0,1,0,1,0,0,0,0,0,1,1,1,0,0
2002년 8월,"2,002.00",8.00,"1,196.90",43.20,0.98,0.03,312.4,27.47,3.27,28.98,4.32,0.16,4.13,1165,1314.85,221.08,8663.5,1046.19,1666.62,72.23,736.4,92.56,916.1,131.6,32.64,17.6,98.57841,101.7348,1,0,1,1,1,1,1,1,1,0,0,1,0,0,0,0,1,0,1,0,1,0,1,0,0,0
2002년 9월,"2,002.00",9.00,"1,222.70",51.80,0.99,0.02,323.9,28.75,3.43,30.45,3.77,0.176,3.6,1167,1172.06,187.2,7591.93,1266.12,1581.62,102.75,646.42,115.7,815.3,123.8,39.69,8.14,98.28885,101.3958,1,1,1,0,1,1,1,1,0,1,0,1,0,0,0,1,0,1,0,1,0,0,1,0,0,0
2002년 10월,"2,002.00",10.00,"1,224.00",55.50,0.99,0.03,318,25.72,4.34,27.22,4.65,0.2045454545,3.895,1170,1329.75,239.09,8397.03,1361.14,1507.5,88.37,658.92,106.32,885.8,138.8,31.14,13.75,98.06087,101.0103,1,1,1,1,0,0,1,0,1,1,1,1,1,1,1,1,0,0,1,0,1,1,0,1,0,0
2002년 11월,"2,002.00",11.00,"1,202.85",36.10,0.99,0.03,316.8,25.16,3.49,26.89,2.74,0.2268421053,4.211,1183,1478.78,183.72,8896.09,651.65,1434.18,219.96,724.8,82.21,936.3,69.8,27.5,9.55,97.91023,100.5691,0,0,1,1,0,0,0,0,0,1,1,1,1,0,1,0,0,1,1,0,1,0,0,0,0,0
2002년 12월,"2,002.00",12.00,"1,186.05",49.80,1.05,0.03,347.6,28.66,5.9,31.2,7.08,0.2145,3.818,1214,1335.51,194.25,8341.63,800.46,1357.65,91.14,627.55,123.94,879.8,84.8,28.62,5.33,97.80914,100.0546,0,1,1,0,1,1,1,1,1,0,0,1,0,1,0,1,0,0,0,1,0,1,1,0,0,0
2003년 1월,"2,003.00",1.00,"1,164.00",37.00,1.08,0.02,368.3,31.1,3.95,33.51,5.45,0.1971428571,3.966,1229,1320.91,163.71,8053.81,952.13,1499.82,196.91,591.86,98.17,855.7,94.7,31.17,11.31,97.73553,99.48544,0,0,1,0,1,1,0,1,0,0,1,1,0,0,0,1,1,1,0,0,0,1,1,1,0,0
2003년 2월,"2,003.00",2.00,"1,193.65",44.00,1.08,0.02,350.2,32.79,3.84,36.6,7.44,0.1784210526,3.692,1240,1337.52,90.28,7891.08,523.54,1511.93,50.28,575.43,57.76,841.2,58.3,29.63,6.6,97.7009,98.95258,1,1,1,1,0,1,0,1,1,0,0,1,1,0,0,0,1,0,0,0,0,0,0,0,0,0
2003년 3월,"2,003.00",3.00,"1,251.00",80.70,1.09,0.03,335.9,27.18,10.55,31.04,11.9,0.1552380952,3.802,1238,1341.17,172.51,7992.13,1105.54,1510.58,82.74,535.7,78.25,848.2,107,29.15,6.82,97.73885,98.54265,1,1,1,1,0,0,1,0,1,0,1,0,1,1,1,1,0,1,0,1,1,1,0,1,1,0
2003년 4월,"2,003.00",4.00,"1,214.50",57.30,1.12,0.03,339.1,23.68,4.51,25.8,6.28,0.17,3.84,1236,1464.31,144.26,8480.09,580.08,1521.44,176.33,599.35,101.99,916.9,76.4,21.21,9.78,97.87727,98.30023,0,0,1,0,1,0,0,0,0,1,1,0,1,0,1,0,1,1,1,1,1,0,0,1,1,0
2003년 5월,"2,003.00",5.00,"1,209.00",28.00,1.18,0.03,364.5,26.32,3.67,29.56,4.23,0.2185,3.373,1283,1595.91,148.6,8850.26,528.1,1576.26,104.36,633.42,54.32,963.6,62.6,19.47,4.09,98.10921,98.23922,0,0,1,1,1,1,0,1,0,1,0,1,1,1,1,0,1,0,1,0,1,0,0,0,1,0
2003년 6월,"2,003.00",6.00,"1,195.00",28.00,1.15,0.02,346,28.33,2.72,30.19,3.97,0.2057142857,3.516,1317,1622.8,101.4,8985.44,501.32,1486.02,98.72,669.93,58.23,974.5,51.7,19.52,3.94,98.40655,98.35496,0,1,0,0,0,1,0,1,0,0,1,1,1,0,1,0,0,0,1,1,1,0,1,0,1,1
2003년 7월,"2,003.00",7.00,"1,180.50",17.70,1.12,0.03,354,28.37,2.39,30.54,2.93,0.2090909091,4.41,1329,1735.02,177.18,9233.8,490.2,1476.74,75.32,713.52,61.18,993.3,53.3,19.49,3.15,98.75435,98.60952,0,0,0,1,1,1,0,1,0,1,1,1,1,1,1,0,0,0,1,1,1,1,0,0,1,1
2003년 8월,"2,003.00",8.00,"1,174.50",23.80,1.10,0.03,375.7,29.49,2.57,31.57,2.75,0.1885,4.47,1362,1810.45,172.94,9415.82,502.86,1421.98,90.42,759.47,71.57,1008,50.2,18.63,6.25,99.14119,98.94823,0,1,0,1,1,1,1,1,0,0,1,1,1,0,1,1,0,1,1,1,1,0,0,1,1,1
2003년 9월,"2,003.00",9.00,"1,149.00",31.50,1.17,0.03,385.4,27.61,4.5,29.2,4.75,0.2061904762,3.94,1415,1786.94,130.28,9275.06,455.61,1367.16,108.33,697.52,87.81,996,49.9,22.72,5.74,99.55515,99.29958,0,1,1,0,1,0,1,0,1,1,0,1,0,0,0,0,0,1,0,1,0,0,1,0,1,1
2003년 10월,"2,003.00",10.00,"1,183.50",44.20,1.16,0.04,384.5,27.7,4.75,29.11,4.34,0.2368181818,4.297,1433,1932.21,170.78,9801.12,573.21,1348.3,77.1,782.36,104.73,1050.7,57.8,16.1,7.03,99.97459,99.61929,1,1,0,1,0,1,1,0,0,1,1,1,1,1,1,1,0,0,1,1,1,1,0,1,1,1
2003년 11월,"2,003.00",11.00,"1,202.05",35.50,1.20,0.02,396.8,28.45,3.55,30.41,5.08,0.2394444444,4.334,1503,1960.26,114.2,9782.46,318.07,1397.22,116.19,796.18,66.2,1058.2,32.5,16.32,3.59,100.3655,99.89191,1,0,1,0,1,1,0,1,1,1,1,1,1,0,0,0,1,1,1,0,1,0,1,0,1,1
2003년 12월,"2,003.00",12.00,"1,192.50",26.00,1.26,0.03,415.7,30.17,3.39,32.52,4.27,0.2723809524,4.253,1554,2003.37,127.77,10453.92,677.09,1497.04,126.59,810.71,50.22,1111.9,59.2,18.31,4.2,100.6934,100.1095,0,0,1,1,1,1,0,1,0,1,0,1,1,1,1,1,1,1,1,0,1,1,1,1,1,1
2004년 1월,"2,004.00",1.00,"1,171.50",29.20,1.25,0.06,402.2,29.18,3.31,33.05,4.1,0.2455,4.134,1575,2066.15,154.06,10488.07,337.77,1590.73,142.72,848.5,59.98,1131.1,50.3,16.63,4.67,100.9404,100.2676,0,1,0,1,0,0,0,1,0,0,0,1,1,1,1,0,1,1,1,1,1,0,0,1,1,1
2004년 2월,"2,004.00",2.00,"1,178.50",33.70,1.25,0.04,396.4,32.23,3.91,36.16,4.03,0.1984210526,3.972,1630,2029.82,103.87,10583.92,318.96,1675.07,144.32,883.42,55.81,1144.9,34.6,14.55,4.26,101.0881,100.355,1,1,1,0,0,1,1,1,0,0,0,1,0,0,1,0,1,1,1,0,1,0,0,0,1,1
2004년 3월,"2,004.00",3.00,"1,143.00",40.00,1.23,0.03,427.3,31.51,2.67,35.76,3.75,0.1752173913,3.837,1636,1994.22,172.11,10357.7,688.06,1741.62,125.37,880.5,88.62,1126.2,76.1,16.74,8.84,101.1563,100.3763,0,1,0,0,1,0,0,0,0,0,0,1,0,1,0,1,1,0,0,1,0,1,1,1,1,1
2004년 4월,"2,004.00",4.00,"1,173.35",40.20,1.20,0.04,387,34.48,5.05,37.38,5,0.2075,4.51,1636,1920.15,159.73,10225.57,351.63,1595.59,210.78,862.84,85.13,1107.3,43.4,17.19,4.12,101.1581,100.3612,1,1,0,1,0,1,1,1,1,1,1,1,0,0,0,0,0,1,0,0,0,0,1,0,1,0
2004년 5월,"2,004.00",5.00,"1,160.05",32.60,1.22,0.06,394,36.58,3.95,39.88,4.6,0.2278947368,4.665,1665,1986.74,126.47,10188.45,534.13,1555.91,97.43,803.84,159.35,1120.7,51.4,15.5,5.26,101.1142,100.3149,0,0,1,1,1,1,0,1,0,1,1,1,1,0,0,1,0,0,0,1,1,1,0,1,0,0
2004년 6월,"2,004.00",6.00,"1,154.50",21.80,1.22,0.03,392.6,34.5,6.04,37.05,6.93,0.2333333333,4.583,1670,2047.79,95.39,10435.48,352.68,1399.16,204.35,785.79,91.81,1140.8,33,14.34,3.29,101.0344,100.2598,0,0,1,0,0,0,1,0,1,1,0,1,1,0,1,0,0,1,0,0,1,0,0,0,0,0
2004년 7월,"2,004.00",7.00,"1,166.50",28.80,1.20,0.04,391,40.03,5.87,43.8,7.16,0.2966666667,4.491,1680,1887.36,216.47,10139.71,534.17,1386.2,100.28,735.34,75,1101.7,62,15.32,4.59,100.9249,100.208,1,1,0,1,0,1,0,1,1,1,0,1,0,1,0,1,0,0,0,0,0,1,1,1,0,0
2004년 8월,"2,004.00",8.00,"1,151.85",18.70,1.22,0.03,410.4,39.61,5.95,42.12,8.1,0.2552380952,4.24,1705,1838.1,142.31,10173.92,427.34,1342.06,114.53,803.57,101.06,1104.2,49,15.29,5.3,100.8025,100.1516,0,0,1,0,1,0,1,0,1,0,0,1,0,0,1,0,0,1,1,1,1,0,0,1,0,0
2004년 9월,"2,004.00",9.00,"1,151.50",14.00,1.24,0.04,418.7,46.38,7.1,49.64,8.36,0.2538095238,4.123,1745,1896.84,92.52,10080.27,385.44,1396.7,236.78,835.09,61.61,1114.6,32.4,13.34,2.82,100.695,100.0849,0,0,1,1,1,1,1,1,1,0,0,1,1,0,0,0,1,1,1,0,1,0,0,0,0,0
2004년 10월,"2,004.00",10.00,"1,119.50",40.10,1.28,0.04,428.5,48.98,6.14,51.76,6.47,0.323,4.029,1784,1974.99,84.85,10027.47,561.97,1320.54,147.7,834.84,95.23,1130.2,51.9,16.27,4.27,100.6218,100.0066,0,1,1,1,1,1,0,1,0,1,0,1,1,0,0,1,0,0,0,1,1,1,1,1,0,0
2004년 11월,"2,004.00",11.00,"1,048.50",78.90,1.33,0.05,451.3,45.51,9.55,49.13,7.25,0.234,4.355,1926,2096.81,148.57,10428.02,592.7,1340.77,96.35,878.06,60.39,1173.8,61,13.24,4.2,100.5918,99.93584,0,1,1,1,1,0,1,0,1,0,1,1,1,1,1,1,1,0,1,0,1,1,0,0,0,0
2004년 12월,"2,004.00",12.00,"1,035.20",34.70,1.36,0.03,437.5,40.46,8.43,43.45,8.87,0.3135,4.222,1991,2175.44,87.7,10783.01,449.44,1266.5,88.3,895.92,58,1211.9,43.5,13.29,2.6,100.5776,99.89175,0,0,1,0,0,0,0,0,1,1,0,1,1,0,1,0,0,0,1,0,1,0,1,0,0,0
2005년 1월,"2,005.00",1.00,"1,026.50",36.00,1.30,0.04,421.8,45.92,8.54,48.2,8.5,0.3305263158,4.132,1997,2062.41,182.92,10489.94,498.78,1191.82,79.65,932.7,67.93,1181.3,54.1,12.82,2.46,100.5418,99.89729,0,1,0,1,0,1,1,1,0,1,0,1,0,1,0,1,0,0,1,1,0,1,0,0,0,1
2005년 2월,"2,005.00",2.00,"1,004.50",46.10,1.32,0.0382,436.5,50.06,7.88,51.75,7.68,0.2778947368,4.381,2022,2051.72,80.45,10766.23,363.79,1306,141.27,1011.36,93.21,1203.6,31.5,12.08,2.3,100.4774,99.94914,0,1,1,0,1,1,0,1,0,0,1,1,0,0,1,0,1,1,1,1,1,0,0,0,0,1
2005년 3월,"2,005.00",3.00,"1,017.50",37.40,1.30,0.0411,428.7,54.29,7.1,55.4,6.95,0.2871428571,4.488,2055,1999.23,131.99,10503.76,588.22,1181.24,164.05,965.68,78.67,1180.6,65.4,14.02,3.23,100.396,100.005,1,0,0,1,0,1,0,1,0,1,1,1,0,1,0,1,0,1,0,0,0,1,1,1,0,1
2005년 4월,"2,005.00",4.00,997.1,28.30,1.29,0.0336,435,51.09,7.3,49.72,8.78,0.3719047619,4.2,2064,1921.65,131.99,10192.51,568.47,1159.15,118.59,911.3,94.02,1156.8,55.7,15.31,7.39,100.3347,100.0491,0,0,0,0,1,0,1,0,1,1,0,1,0,1,0,0,0,0,0,1,0,0,1,1,0,1
2005년 5월,"2,005.00",5.00,"1,007.50",16.20,1.23,0.0472,416.3,50.73,4.96,51.97,6.9,0.4345,3.987,2061,2068.22,160.77,10467.48,485.26,1060.74,122.11,970.21,61.45,1191.5,53.4,13.29,6.05,100.3201,100.113,1,0,0,1,0,0,0,1,0,1,0,0,1,1,1,0,0,1,1,0,1,0,0,0,0,1
2005년 6월,"2,005.00",6.00,"1,035.50",32.10,1.21,0.05,435.9,55.58,8.74,56.5,9.02,0.4531818182,3.921,2050,2056.96,66.88,10274.97,402.8,1080.94,148.19,1008.16,47.13,1191.3,31.3,12.04,2.56,100.35,100.2321,1,1,0,1,1,1,1,1,1,1,0,0,0,0,0,0,1,1,1,0,0,0,0,0,1,1
2005년 7월,"2,005.00",7.00,"1,023.30",41.40,1.21,0.08,429.9,59.37,5.45,60.57,6,0.4005,4.282,2057,2184.83,151.09,10640.91,542.33,1083.03,93.55,1111.29,111.05,1234.2,61.6,11.57,4.04,100.3983,100.4118,0,1,1,1,0,1,0,1,0,0,1,1,1,1,1,1,1,0,1,1,1,1,0,1,1,1
2005년 8월,"2,005.00",8.00,"1,038.50",30.00,1.23,0.04,433.8,67.02,9.52,68.94,10.34,0.3595454545,4.014,2067,2152.09,107.66,10481.6,370.04,1162.8,120.64,1083.33,81.92,1220.3,44.8,12.6,3.05,100.4682,100.6363,1,0,1,0,1,1,1,1,1,0,0,1,0,0,0,0,1,1,0,0,0,0,1,0,1,1
2005년 9월,"2,005.00",9.00,"1,043.50",23.40,1.20,0.02,469,63.48,6.88,66.24,7.11,0.4923809524,4.332,2067,2151.69,93.77,10568.7,350.85,1155.61,94.52,1221.01,146.58,1228.8,37.8,11.92,3.32,100.575,100.8665,1,0,0,0,1,0,0,0,0,1,1,1,0,0,1,0,0,0,1,1,1,0,0,1,1,1
2005년 10월,"2,005.00",10.00,"1,043.40",27.10,1.20,0.03,465.1,58.1,6.91,59.76,7.47,0.464,4.557,2073,2120.3,141.42,10440.07,452.1,1092.82,98.26,1158.11,109.18,1207,65.1,15.32,5.21,100.7315,101.067,0,1,0,1,0,0,1,0,1,0,1,1,0,1,0,1,0,1,0,0,0,1,1,1,1,1
2005년 11월,"2,005.00",11.00,"1,037.50",21.80,1.18,0.02,494.6,55.05,6.9,57.32,6.75,0.4665,4.49,2082,2232.82,160.44,10805.87,571.03,1099.26,48.58,1297.44,135.57,1249.5,69.5,12.06,5.16,100.923,101.1977,0,0,0,0,1,0,0,0,0,1,0,1,1,1,1,1,1,0,1,1,1,1,0,0,1,1
2005년 12월,"2,005.00",12.00,"1,007.50",36.80,1.18,0.05,517.1,58.98,5.77,61.04,5,0.606,4.395,2104,2205.32,77.65,10717.5,230.92,1161.06,99.05,1379.37,94.16,1248.3,29.2,12.07,2.29,101.108,101.2336,0,1,1,1,1,1,0,1,0,1,0,1,0,0,0,0,1,1,1,0,0,0,1,0,1,1
2006년 1월,"2,006.00",1.00,959.87,53.43,1.22,0.0518,570.8,65.99,8.24,67.92,8.39,0.369,4.519,2169,2305.82,143.01,10864.86,386.61,1258.05,100.18,1399.83,140.58,1280.1,49.2,12.95,3.75,101.253,101.1677,0,1,1,0,1,1,1,1,1,0,1,1,1,1,1,1,1,1,1,1,1,1,1,1,1,0
2006년 2월,"2,006.00",2.00,971,25.30,1.19,0.0251,561.6,61.76,9.37,61.41,11.45,0.3215789474,4.557,2160,2281.39,80.85,10993.41,421.51,1299.03,58.69,1371.59,98.46,1280.7,44,12.34,2.6,101.3462,101.0208,1,0,0,0,0,0,1,0,1,0,1,0,0,0,1,1,1,0,0,0,1,0,0,0,1,0
2006년 3월,"2,006.00",3.00,971.6,19.60,1.21,0.0592,581.8,65.91,7.79,66.63,8.05,0.4082608696,4.853,2173,2339.79,113.6,11109.32,412.23,1298.3,74.96,1359.6,82.52,1294.8,42.5,11.39,2.81,101.3796,100.8201,1,0,1,1,1,1,0,1,0,1,1,1,1,1,1,0,0,1,0,0,1,0,0,1,1,0
2006년 4월,"2,006.00",4.00,943.2,36.30,1.26,0.0564,651.8,72.02,9.06,71.88,9.75,0.4677777778,5.057,2229,2322.57,76.12,11367.14,378.54,1440.22,146.03,1419.73,97.53,1310.6,37.5,11.59,2.07,101.3523,100.5985,0,1,1,0,1,1,1,1,1,1,1,1,0,0,1,0,1,1,1,1,1,0,1,0,0,0
2006년 5월,"2,006.00",5.00,945.7,26.90,1.28,0.0275,642.5,70.41,7.34,71.29,7.57,0.469047619,5.123,2247,2178.88,216.75,11168.31,639.72,1641.3,231.61,1317.7,169.23,1270.1,81.4,16.44,8.69,101.2897,100.3874,1,0,1,0,0,0,0,0,0,1,1,1,0,1,0,1,1,1,0,1,0,1,1,1,0,0
2006년 6월,"2,006.00",6.00,948.75,21.60,1.28,0.0522,613.5,73.51,7.36,73.93,6.05,0.5936363636,5.145,2244,2172.09,168.77,11150.22,586.97,1672.21,183.06,1295.15,126.96,1270.2,71.4,13.08,11.07,101.2304,100.2313,1,0,0,1,0,1,1,1,0,1,1,0,0,0,0,0,1,0,0,0,1,0,0,1,0,0
2006년 7월,"2,006.00",7.00,955.15,20.10,1.28,0.0496,634.2,75.15,6.07,74.4,6.75,0.5505,4.988,2257,2091.47,177.66,11185.68,573.76,1612.73,146.31,1297.82,85.07,1276.7,55.9,14.95,6.81,101.1959,100.1753,1,0,0,0,1,1,0,1,1,0,0,1,0,1,1,0,0,0,1,0,1,0,1,0,0,0
2006년 8월,"2,006.00",8.00,961.3,12.90,1.28,0.0601,625.9,70.25,9.83,70.26,8.8,0.4609090909,4.732,2270,2183.75,145.12,11381.15,364.44,1658.64,126.12,1352.74,84.17,1303.8,45.4,12.31,4.58,101.2069,100.2187,1,0,1,1,0,0,1,0,1,0,0,1,1,0,1,0,1,0,1,0,1,0,0,0,1,1
2006년 9월,"2,006.00",9.00,946.25,22.70,1.27,0.0373,598.6,62.48,11.34,62.91,11.14,0.578,4.633,2282,2258.43,125.86,11679.07,418.15,1752.42,121.66,1371.41,55.09,1335.8,49.4,11.98,3.75,101.2722,100.301,0,1,0,0,0,0,1,0,1,1,0,1,1,0,1,1,1,0,1,0,1,1,0,0,1,1
2006년 10월,"2,006.00",10.00,942.25,25.00,1.28,0.0863,604.1,59.03,5.43,58.73,6.77,0.4557142857,4.604,2295,2366.71,155.08,12080.73,513.96,1837.99,89.24,1364.55,77.29,1377.9,62.3,11.1,2.47,101.3707,100.3726,0,1,1,1,1,0,0,0,0,0,0,1,1,1,1,1,1,0,0,1,1,1,0,0,1,1
2006년 11월,"2,006.00",11.00,929.35,18.80,1.32,0.0407,646.9,64.26,7.02,63.13,8.91,0.4295238095,4.462,2343,2431.77,151.6,12221.93,395.69,2099.29,268.86,1432.21,71.14,1400.6,46.9,10.91,2.74,101.4853,100.4094,0,0,1,0,1,1,1,1,1,0,0,1,1,0,1,0,1,1,1,0,1,0,0,1,1,1
2006년 12월,"2,006.00",12.00,930,19.70,1.32,0.0551,635.2,60.86,4.88,61.05,4.25,0.5147368421,4.7,2390,2415.29,78,12463.15,439.9,2675.47,614.63,1434.46,72.48,1418.3,45.9,11.56,3.29,101.6084,100.4288,1,1,0,1,0,0,0,0,0,1,1,1,0,0,1,1,1,1,1,1,1,0,1,1,1,1
2007년 1월,"2,007.00",1.00,941.5,18.40,1.30,0.0649,652,57.4,10.89,58.14,11.07,0.3847619048,4.814,2402,2463.93,114.27,12621.69,319.65,2786.34,377.26,1360.23,94.63,1438.2,37.6,10.42,2.96,101.7286,100.4637,1,0,0,1,1,0,1,0,1,0,1,1,1,1,1,0,1,0,0,1,1,0,0,0,1,1
2007년 2월,"2,007.00",2.00,941.7,12.00,1.32,0.0747,669.4,61.89,6.08,61.79,5.63,0.3326315789,4.577,2428,2416.15,136.07,12268.63,709.87,2881.07,508.24,1417.34,109,1406.8,72.2,15.42,9.31,101.8471,100.5412,1,0,1,1,1,1,0,1,0,0,0,1,0,1,0,1,1,1,1,1,0,1,1,1,1,1
2007년 3월,"2,007.00",3.00,940.85,15.80,1.34,0.0784,663,68.1,9.35,65.87,11.99,0.4086363636,4.648,2439,2421.64,128.39,12354.35,571.44,3183.98,550.66,1452.55,83.85,1420.9,74.9,14.64,10.04,101.9709,100.662,0,1,1,1,0,1,1,1,1,1,1,1,1,0,1,0,1,1,1,0,1,1,0,1,1,1
2007년 4월,"2,007.00",4.00,930.85,15.00,1.36,0.0358,680.5,67.65,4.83,65.71,5.36,0.4921052632,4.628,2473,2525.09,153.95,13062.91,837.78,3841.27,654.76,1542.24,112.47,1482.4,81.6,14.22,4,102.0894,100.8325,0,0,1,0,1,0,0,0,0,1,0,1,1,1,1,1,1,1,1,1,1,1,0,0,1,1
2007년 5월,"2,007.00",5.00,927.75,13.00,1.35,0.1011,661,68.04,8,64.01,5.7,0.629047619,4.892,2507,2604.52,97.33,13627.64,631.77,4109.65,490.73,1700.91,155.41,1530.6,58.9,13.05,2.52,102.1787,101.03,0,0,0,1,0,1,1,0,1,1,1,1,1,0,1,0,1,0,1,1,1,0,0,0,1,1
2007년 6월,"2,007.00",6.00,923.9,9.10,1.35,0.0473,648.1,71.41,4.64,70.68,7.26,0.749047619,5.027,2507,2603.23,99.63,13408.62,440.47,3820.7,907.85,1743.6,106.09,1503.3,56.4,16.23,6.55,102.2213,101.2187,0,0,1,0,0,1,0,1,1,1,1,1,0,1,0,0,0,1,1,0,0,0,1,1,1,1
2007년 7월,"2,007.00",7.00,919.35,11.10,1.37,0.0242,666.9,77.05,7.48,78.21,8.71,0.5385714286,4.733,2548,2545.57,179.17,13211.99,822.16,4471.03,913.09,1933.27,278.85,1455.3,101.6,23.52,9.5,102.2027,101.3504,0,1,1,0,1,1,1,1,1,0,0,1,0,1,0,1,1,1,1,1,0,1,1,1,0,1
2007년 8월,"2,007.00",8.00,938.35,32.30,1.36,0.0401,673,72.69,9.02,74.04,10.14,1.295,4.527,2553,2596.36,241.06,13357.74,1177.88,5218.82,950.29,1873.24,301.77,1474,133.3,23.38,18.17,102.1209,101.3731,1,1,0,1,1,0,1,0,1,1,0,1,1,1,1,1,1,1,0,1,1,1,0,1,0,1
2007년 9월,"2,007.00",9.00,915.15,26.40,1.43,0.059,742.8,79.17,8.36,81.66,10.42,1.592105263,4.594,2573,2701.5,179.82,13895.63,902.88,5552.3,535.08,1946.48,146.51,1526.8,99.4,18,11.91,102.0055,101.2711,0,0,1,1,1,1,0,1,1,1,1,1,1,0,1,0,1,0,1,0,1,0,0,0,0,0
2007년 10월,"2,007.00",10.00,900.8,22.30,1.45,0.0314,792,90.63,15.54,94.53,16.93,1.240909091,4.473,2601,2859.12,163.37,13930.01,790.61,5954.77,662.03,2064.85,195.63,1549.4,86.5,18.53,8.07,101.8779,101.0283,0,0,1,0,1,1,1,1,1,0,0,1,1,0,1,0,1,1,1,1,1,0,1,0,0,0
2007년 11월,"2,007.00",11.00,921.15,36.30,1.46,0.0334,782.2,88.26,9.1,88.71,10.84,1.69,3.949,2619,2660.96,295.82,13371.72,1200.07,4871.78,1226.4,1906,340.19,1481.1,139.7,22.87,13.71,101.7437,100.6556,1,1,1,1,0,0,0,0,0,1,0,1,0,1,0,1,0,1,0,1,0,1,1,1,0,0
2007년 12월,"2,007.00",12.00,936,28.90,1.46,0.0195,834.9,93.85,9.31,95.98,12.1,1.996842105,4.035,2622,2652.28,180.83,13264.82,688.11,5261.56,538.49,1897.13,163.51,1468.4,87.9,22.5,6.58,101.6152,100.1881,1,0,0,0,1,1,1,1,1,1,1,1,0,0,0,0,1,0,0,0,0,0,0,0,0,0
2008년 1월,"2,008.00",1.00,943.85,24.20,1.49,0.0409,922.7,92.21,13.5,91.75,13.98,1.167619048,3.597,2616,2389.86,458.96,12650.36,1644.72,4383.39,1192.08,1624.68,321.63,1378.6,201.7,26.2,15.46,101.4814,99.66741,1,0,1,1,1,0,1,0,1,0,0,0,0,1,0,1,0,1,0,1,0,1,1,1,0,0
2008년 2월,"2,008.00",2.00,939.05,14.70,1.52,0.0234,972.1,100.1,14.44,101.84,16.81,0.9645,3.519,2624,2271.48,166.58,12266.39,698.27,4348.54,572.49,1711.62,119.95,1330.6,79.2,26.54,8.06,101.3281,99.13461,0,0,1,0,1,1,1,1,1,0,0,1,0,0,0,0,0,0,1,0,0,0,1,0,0,0
2008년 3월,"2,008.00",3.00,990.35,88.10,1.58,0.0262,916.2,100.3,11.1,101.58,13.15,1.518421053,3.421,2642,2279.1,191.36,12262.89,890.47,3472.71,1114.92,1703.99,171.78,1322.7,102.7,25.61,12.3,101.1555,98.6207,1,1,1,1,0,1,0,0,0,1,0,1,1,1,0,1,0,1,0,1,0,1,0,1,0,0
2008년 4월,"2,008.00",4.00,"1,003.00",35.35,1.56,0.0348,862.8,111.36,18.57,113.46,20.38,1.501363636,3.734,2605,2412.8,184.9,12820.13,743.53,3693.11,714.3,1825.47,137.31,1385.6,80.3,20.79,6.4,100.9424,98.13996,1,0,0,1,0,1,1,1,1,0,1,0,1,0,1,0,1,0,1,0,1,0,0,0,0,0
2008년 5월,"2,008.00",5.00,"1,028.25",57.60,1.56,0.0297,887.3,127.78,26.72,127.35,24.79,0.948,4.067,2582,2522.66,134.98,12638.32,694.1,3433.35,452.07,1852.02,109.73,1400.4,67.1,17.83,5.13,100.6582,97.69785,1,1,0,0,1,1,1,1,1,0,1,0,1,0,0,0,0,0,1,0,1,0,0,0,0,0
2008년 6월,"2,008.00",6.00,"1,051.00",40.75,1.58,0.04,926.2,139.83,22.59,140,22.06,0.909047619,3.975,2518,2292.98,259.35,11350.01,1350.52,2736.1,790.21,1674.92,183.81,1280,132.1,23.95,6.73,100.2592,97.29977,1,0,1,1,1,1,0,1,0,0,0,0,0,1,0,1,0,1,0,1,0,1,1,1,0,0
2008년 7월,"2,008.00",7.00,"1,012.25",61.65,1.56,0.0325,913.9,123.98,26.62,124.08,26.85,1.166818182,3.958,2475,2325.55,186.1,11378.02,870.46,2775.72,385.51,1594.67,192.7,1267.4,91.8,22.94,10.08,99.71166,96.97797,0,1,0,0,0,0,1,0,1,1,0,0,1,0,1,0,1,0,0,1,0,0,0,1,0,0
2008년 8월,"2,008.00",8.00,"1,089.25",83.10,1.47,0.04,829.3,114.05,17.63,115.46,17.26,1.0825,3.825,2432,2367.52,192.27,11543.55,645.58,2397.37,546.17,1474.24,130.85,1282.8,65.8,20.65,5.22,99.00082,96.73866,1,1,0,1,0,0,0,0,0,0,0,0,1,1,1,0,0,1,0,0,1,0,0,0,0,0
2008년 9월,"2,008.00",9.00,"1,206.95",151.00,1.41,0.05,874.2,98.17,26.66,100.64,39.49,2.002380952,3.829,2397,2091.88,429.38,10850.66,1424.72,2293.78,578.14,1448.06,136.95,1166.4,196.6,39.39,27.93,98.14126,96.57893,1,1,0,1,1,0,1,0,1,1,1,0,0,1,0,1,0,1,0,1,0,1,1,1,0,0
2008년 10월,"2,008.00",10.00,"1,282.50",314.10,1.27,0.03,716.8,65.32,41.29,67.81,41.54,3.352727273,3.97,2123,1720.95,589.41,9325.01,3000.01,1728.79,602.47,1113.06,566.52,968.8,327.2,59.89,50.14,97.19701,96.53442,1,1,0,0,0,0,1,0,1,1,1,0,0,1,0,1,0,1,0,1,0,1,1,1,0,0
2008년 11월,"2,008.00",11.00,"1,469.00",280.00,1.27,0.06,816.2,53.49,20.36,54.43,23.52,2.098888889,2.92,2005,1535.57,490.36,8829.04,2204.57,1871.16,371.92,1076.07,303.8,896.2,266.5,55.28,37.23,96.29475,96.68316,1,0,0,1,1,0,0,0,0,0,0,0,0,0,0,0,1,0,0,0,0,0,0,0,0,1
2008년 12월,"2,008.00",12.00,"1,263.00",247.30,1.40,0.05,883.6,45.59,16.8,44.6,22.22,1.795714286,2.22,2012,1577.03,204.85,8776.39,907.91,1820.81,286.06,1124.47,204.14,903.3,103.1,40,30.64,95.53822,97.07565,0,0,1,0,1,0,0,0,0,0,0,1,1,0,0,0,0,0,1,0,1,0,0,0,0,1
2009년 1월,"2,009.00",1.00,"1,381.50",116.50,1.28,0.04,927.3,45.88,10.61,41.68,17.77,1.083,2.851,2017,1476.42,231.55,8000.86,1179.03,1990.66,174.42,1162.11,142.84,825.9,139.5,44.84,20.48,94.99268,97.70613,1,0,0,0,1,1,0,0,0,0,1,1,0,1,0,1,1,0,1,0,0,1,1,0,0,1
2009년 2월,"2,009.00",2.00,"1,533.45",177.20,1.27,0.05,941.5,46.35,9.07,44.76,11.75,0.9468421053,3.021,2015,1377.84,226.08,7062.93,1281.45,2082.85,415.68,1063.03,191.06,735.1,140.5,46.35,12.43,94.69584,98.51286,1,1,0,1,1,1,0,1,0,0,1,0,0,0,0,1,1,1,0,1,0,1,1,0,0,1
2009년 3월,"2,009.00",3.00,"1,374.05",292.10,1.33,0.04,922.6,49.23,12.56,49.66,15.22,1.053636364,2.668,2063,1528.59,321.48,7608.92,1461.38,2373.21,355.75,1206.26,264.01,797.9,166.2,44.14,14.46,94.66498,99.35973,0,1,1,0,0,1,1,1,1,1,0,1,1,1,1,1,1,0,1,1,1,1,0,1,0,1
2009년 4월,"2,009.00",4.00,"1,278.00",114.30,1.32,0.07,890.7,50.8,7.05,51.12,10.07,0.9495,3.119,2124,1717.3,255.07,8168.12,823.64,2477.57,247.34,1369.36,176.11,872.8,105.4,36.5,11.92,94.88721,100.1694,0,0,0,1,0,1,0,1,0,0,1,1,1,0,1,0,1,0,1,0,1,0,0,0,1,1
2009년 5월,"2,009.00",5.00,"1,258.25",64.40,1.42,0.06,978.8,65.52,15.84,66.31,16.21,0.6405263158,3.461,2268,1774.33,110.14,8500.33,492.62,2632.93,201.89,1395.89,121.71,919.1,64.1,28.92,10.31,95.28821,100.8811,0,0,1,0,1,1,1,1,1,0,1,1,1,0,1,0,1,0,1,0,1,0,0,0,1,1
2009년 6월,"2,009.00",6.00,"1,274.80",68.30,1.40,0.04,927.1,69.3,8.59,69.89,8.43,0.4436363636,3.537,2317,1835.04,126.14,8447,618.5,2959.36,328.87,1390.07,87.45,919.3,67.3,26.35,7.75,95.79684,101.4882,1,1,0,0,0,1,0,1,0,0,1,1,1,1,0,1,1,1,0,0,1,1,0,0,1,1
2009년 7월,"2,009.00",7.00,"1,222.70",93.80,1.43,0.04,953.7,71.7,12.63,69.45,13.53,0.3290909091,3.482,2375,1978.5,282.76,9171.61,1159.24,3412.06,506.33,1557.29,181.47,987.5,127.4,25.92,10.05,96.35055,102.0003,0,1,1,0,1,1,1,0,1,0,0,1,1,1,1,1,1,1,1,1,1,1,0,1,1,1
2009년 8월,"2,009.00",8.00,"1,249.50",51.90,1.43,0.03,951.7,69.65,7.15,69.96,9.77,0.2515,3.401,2455,2009.06,129.84,9496.28,513.68,2667.74,815.01,1591.85,85.64,1020.6,61,26.01,4.71,96.90929,102.4048,1,0,1,0,0,0,0,1,0,0,0,1,1,0,1,0,0,1,1,0,1,0,1,0,1,1
2009년 9월,"2,009.00",9.00,"1,176.50",80.10,1.46,0.07,1008,69.07,8.12,70.61,8.11,0.1733333333,3.305,2542,2122.42,209.66,9712.28,665.06,2779.43,428.27,1673.14,140.06,1057.1,88.2,25.61,7.38,97.44329,102.6826,0,1,1,1,1,0,1,1,0,0,0,1,1,1,1,1,1,0,1,1,1,1,0,1,1,1
2009년 10월,"2,009.00",10.00,"1,186.60",56.20,1.47,0.05,1039.7,75.2,14.36,77,13.95,0.2057142857,3.388,2642,2045.11,150.43,9712.73,689.39,2995.85,288.84,1580.69,120.6,1036.2,81.4,30.69,11.49,97.9364,102.8227,1,0,1,0,1,1,1,1,1,1,1,1,0,0,1,1,1,0,0,0,0,0,1,1,1,1
2009년 11월,"2,009.00",11.00,"1,163.40",46.80,1.50,0.06,1181.1,78.47,6.44,77.28,8.67,0.2168421053,3.198,2709,2144.6,181.05,10344.84,816.66,3195.3,437.86,1555.6,111.01,1095.6,84.3,24.51,11.79,98.38863,102.8489,0,0,1,1,1,1,0,1,0,1,0,1,1,1,1,1,1,1,0,0,1,1,0,1,1,1
2009년 12월,"2,009.00",12.00,"1,166.08",39.20,1.43,0.05,1095.2,77.93,8.89,79.36,11.41,0.200952381,3.837,2700,2269.15,139.84,10428.05,344.7,3277.14,294.15,1682.77,154.24,1115.1,44.5,21.68,5.26,98.80433,102.7829,1,0,0,0,0,0,1,1,1,0,1,0,1,0,1,0,1,0,1,1,1,0,0,0,1,0
2010년 1월,"2,010.00",1.00,"1,158.90",51.60,1.39,0.09,1083,71.46,11.43,72.89,11.52,0.1884210526,3.588,2737,2147.35,185.94,10067.33,686.14,2989.29,342.86,1602.43,127.83,1073.9,78.8,24.62,11.15,99.16388,102.6446,0,1,0,1,0,0,1,0,1,0,0,1,0,1,0,1,0,1,0,0,0,1,1,1,1,0
2010년 2월,"2,010.00",2.00,"1,160.00",37.10,1.36,0.04,1118.3,77.59,11.07,79.66,11.01,0.1410526316,3.619,2707,2238.26,151.51,10325.26,603.46,3051.94,177.51,1594.58,82.93,1104.5,67.9,19.5,9.9,99.43394,102.4652,1,0,0,0,1,1,0,1,0,0,1,0,1,0,1,0,1,0,0,0,1,0,0,0,1,0
2010년 3월,"2,010.00",3.00,"1,132.80",34.00,1.35,0.04,1113.3,82.7,6.61,83.76,5.79,0.117826087,3.833,2723,2397.96,184.92,10856.63,629.38,3109.11,169.14,1692.85,96.6,1169.4,75.3,17.59,3.77,99.6159,102.2764,0,0,0,0,0,1,0,1,0,0,1,1,1,1,1,1,1,0,1,1,1,1,0,0,1,0
2010년 4월,"2,010.00",4.00,"1,108.50",28.40,1.33,0.05,1180.1,87.44,5.53,86.15,6.56,0.15,3.659,2789,2461.19,151.51,11008.61,413.92,2870.61,360.71,1741.56,62.46,1186.7,49.1,22.05,7.97,99.69128,102.0887,0,0,0,1,1,1,0,1,1,1,0,1,1,0,1,0,0,1,1,0,1,0,1,1,1,0
2010년 5월,"2,010.00",5.00,"1,202.12",169.09,1.23,0.06,1212.2,74.65,21.43,73.97,22.91,0.2994736842,3.303,2702,2257.04,362.47,10136.63,1403.19,2592.15,380.58,1641.25,207.47,1089.4,164.3,32.07,28.59,99.67028,101.9,1,1,0,1,1,0,1,0,1,1,0,0,0,1,0,1,0,1,0,1,0,1,1,1,0,0
2010년 6월,"2,010.00",6.00,"1,223.25",102.50,1.22,0.07,1245.5,75.01,9.36,75.63,9.87,0.4145454545,2.935,2742,2109.24,235.85,9774.02,840.32,2398.37,216.54,1698.29,122.91,1030.7,102.9,34.54,14.51,99.59365,101.7036,1,0,0,1,1,1,0,1,0,1,0,1,0,0,0,0,0,0,1,0,0,0,1,0,0,0
2010년 7월,"2,010.00",7.00,"1,182.75",58.50,1.30,0.07,1181.7,78.18,7.54,78.95,8.6,0.3519047619,2.905,2860,2254.7,246.46,10465.94,970.67,2637.5,336.67,1759.33,128.42,1101.6,110,23.5,15.72,99.52773,101.4927,0,0,1,0,0,1,0,1,0,0,0,1,1,1,1,1,1,1,1,1,1,1,0,1,0,0
2010년 8월,"2,010.00",8.00,"1,199.00",44.80,1.27,0.11,1248.3,74.64,11.11,71.92,12.21,0.2066666667,2.47,2854,2114.03,210.14,10014.72,783.32,2638.8,137.09,1742.75,80.56,1049.3,89.5,26.05,7.56,99.52431,101.2784,1,0,0,1,1,0,1,0,1,0,0,0,0,0,0,0,1,0,0,0,0,0,1,0,0,0
2010년 9월,"2,010.00",9.00,"1,140.25",61.00,1.36,0.10,1307.8,82.31,7.98,79.97,8.51,0.1385714286,2.512,2898,2368.62,258.11,10788.05,932.87,2655.66,131.3,1872.81,125.49,1141.2,107.5,23.7,4.28,99.59496,101.0778,0,1,1,0,1,1,0,1,0,0,1,1,1,1,1,1,1,0,1,1,1,1,0,0,1,0
2010년 10월,"2,010.00",10.00,"1,124.50",36.00,1.40,0.05,1357.1,83.15,5.27,81.43,5.18,0.1555,2.603,2933,2507.41,185.04,11118.49,536.48,2978.83,395.39,1882.95,87.53,1183.3,64.2,21.2,6.44,99.72469,100.9214,0,0,1,0,1,1,0,1,0,1,1,1,1,0,1,0,1,1,1,0,1,0,0,1,1,0
2010년 11월,"2,010.00",11.00,"1,157.00",67.95,1.30,0.07,1385,85.92,7.27,84.11,8.57,0.144,2.797,2902,2498.23,133.15,11006.02,522.25,2820.18,427.8,1904.63,101.12,1180.6,54.1,23.54,6.08,99.906,100.838,1,1,0,1,1,1,1,1,1,0,1,0,0,0,0,0,0,1,1,1,0,0,1,0,1,0
2010년 12월,"2,010.00",12.00,"1,120.50",53.60,1.34,0.06,1421.1,94.75,9.79,91.38,8.43,0.161,3.288,2916,2652.87,140.07,11577.51,617.77,2808.08,217.57,2051,148.26,1257.6,76,17.75,6.03,100.0986,100.8216,0,0,1,0,1,1,1,1,0,1,1,1,1,1,1,1,0,0,1,1,1,1,0,0,1,0
2011년 1월,"2,011.00",1.00,"1,119.25",24.28,1.37,0.10,1333.8,101.01,9.36,92.19,7.73,0.1478947368,3.374,2960,2700.08,102.53,11891.93,446.65,2790.69,206.56,2069.73,66.23,1286.1,45.1,19.53,4.71,100.2598,100.8389,0,0,1,1,0,1,0,1,0,0,1,1,1,0,1,0,0,0,1,0,1,0,1,0,1,1
2011년 2월,"2,011.00",2.00,"1,124.65",36.48,1.38,0.08,1409.3,111.8,22.28,96.97,19.56,0.1778947368,3.422,2977,2782.27,134.97,12226.34,498.79,2905.05,184.23,1939.3,171.9,1327.2,55,18.35,8.36,100.3531,100.8178,1,1,1,0,1,1,1,1,1,1,1,1,1,1,1,1,1,0,0,1,1,1,0,1,1,0
2011년 3월,"2,011.00",3.00,"1,095.50",50.85,1.42,0.05,1438.9,117.36,11.15,106.72,10.73,0.2086956522,3.47,2986,2781.07,198.82,12319.73,827.98,2928.11,161.1,2106.7,224.65,1325.8,83.2,17.74,14.21,100.3421,100.7093,0,1,1,0,1,1,0,1,0,1,1,1,0,1,1,1,1,0,1,1,0,1,0,1,0,0
2011년 4월,"2,011.00",4.00,"1,068.00",30.65,1.48,0.04,1556,125.89,10.27,113.93,8.87,0.2211111111,3.29,3072,2873.54,170.33,12810.54,738.94,2911.51,196.45,2192.36,149.49,1363.6,69.9,14.75,4.8,100.2256,100.5179,0,0,1,0,1,1,0,1,0,1,0,1,1,0,1,0,0,1,1,0,1,0,0,0,0,0
2011년 5월,"2,011.00",5.00,"1,078.00",37.90,1.44,0.09,1535.9,116.73,21.39,102.7,20.2,0.22,3.059,3051,2835.3,147.9,12569.79,566.48,2743.47,244.25,2142.47,198.41,1345.2,58.8,15.45,4.96,100.0176,100.2547,1,1,0,1,0,0,1,0,1,0,0,0,0,0,0,0,0,1,0,1,0,0,1,1,0,0
2011년 6월,"2,011.00",6.00,"1,066.30",25.70,1.45,0.05,1502.3,112.48,19.19,95.42,13.7,0.2127272727,3.16,3045,2773.52,234.19,12414.34,706.96,2762.08,163.38,2100.69,144.11,1320.6,87.1,16.52,8.77,99.73845,99.94382,0,0,1,0,0,0,0,0,0,0,1,0,0,1,0,1,1,0,0,0,0,1,1,1,0,0
2011년 7월,"2,011.00",7.00,"1,054.00",20.43,1.44,0.13,1628.3,116.74,10.37,95.7,7.17,0.213,2.793,3110,2756.38,153.95,12143.24,670.44,2701.73,149.84,2133.21,87.59,1292.3,73.6,25.25,10.82,99.43954,99.61504,0,0,0,1,1,1,0,1,0,1,0,1,0,0,0,0,0,0,1,0,0,0,1,1,0,0
2011년 8월,"2,011.00",8.00,"1,064.90",48.30,1.44,0.05,1828.5,114.85,21.66,88.81,22.89,0.2686363636,2.234,3112,2579.46,464.59,11613.53,1678.35,2567.34,275.21,1880.11,488.6,1218.9,205.9,31.62,25.54,99.18961,99.27899,1,1,0,0,1,0,1,0,1,1,0,1,0,1,0,1,0,1,0,1,0,1,1,1,0,0
2011년 9월,"2,011.00",9.00,"1,180.90",138.50,1.34,0.10,1620.4,102.76,14.94,79.2,13.41,0.3376190476,1.917,3034,2415.4,229.06,10913.38,1119.7,2359.22,236.58,1769.65,284.29,1131.4,115.1,42.96,13.44,99.05982,98.96187,1,1,0,1,0,0,0,0,0,1,0,0,0,0,0,0,0,0,0,0,0,0,1,0,0,0
2011년 10월,"2,011.00",10.00,"1,111.85",108.25,1.39,0.07,1724.2,109.56,15.69,93.19,19.7,0.388,2.116,3110,2684.41,454.48,11955.01,1879.82,2468.25,176.61,1909.03,305.68,1253.3,217.9,29.96,22.44,99.08298,98.68668,0,0,1,0,1,1,1,1,1,1,1,1,1,1,1,1,1,0,1,1,1,1,0,1,1,0
2011년 11월,"2,011.00",11.00,"1,140.05",55.00,1.34,0.09,1745.5,110.52,10.83,100.36,14.2,0.4605,2.072,3086,2620.34,288.91,12045.68,955.95,2333.41,217.34,1847.51,166.22,1247,118.9,27.8,10.5,99.23521,98.48441,1,0,0,1,1,1,0,1,0,1,0,0,0,0,1,0,0,1,0,0,0,0,0,0,1,0
2011년 12월,"2,011.00",12.00,"1,158.50",57.40,1.29,0.06,1565.8,107.38,9.25,98.83,9.92,0.545,1.876,3064,2605.15,156.52,12217.56,593.28,2199.42,289.54,1825.74,178.58,1257.6,67,23.4,10.57,99.46138,98.3932,1,1,0,0,0,0,0,0,0,1,0,0,0,0,1,0,0,1,0,1,1,0,0,1,1,0
2012년 1월,"2,012.00",1.00,"1,125.45",46.65,1.31,0.12,1737.8,110.98,6.77,98.48,6.34,0.531,1.795,3113,2813.84,207.07,12632.91,620.76,2292.61,191.86,1955.79,162.87,1312.4,74.6,19.44,6.93,99.68711,98.41383,0,0,1,1,1,1,0,0,0,0,0,1,1,1,1,1,1,0,1,0,1,1,0,0,1,1
2012년 2월,"2,012.00",2.00,"1,118.80",20.50,1.33,0.06,1709.9,122.66,14.53,107.07,14.51,0.4115,1.974,3158,2966.89,174.92,12952.07,422.99,2428.49,215.04,2030.25,99.97,1365.7,65.6,18.43,5.88,99.84805,98.51215,0,0,1,0,0,1,1,1,1,0,1,1,1,0,1,0,1,1,1,0,1,0,0,0,1,1
2012년 3월,"2,012.00",3.00,"1,131.40",30.45,1.33,0.06,1669.3,122.88,7.43,103.02,8.42,0.3868181818,2.214,3160,3091.57,233.89,13212.04,554.22,2262.79,233.88,2014.04,90.59,1408.5,79.2,15.5,7.58,99.91734,98.63365,1,1,1,0,0,1,0,0,0,0,1,1,1,1,1,1,0,1,0,0,1,1,0,1,1,1
2012년 4월,"2,012.00",4.00,"1,129.55",25.95,1.32,0.06,1663.4,119.47,9.27,104.87,4.81,0.3857894737,1.919,3168,3046.36,182.21,13213.63,586.55,2396.32,164.36,1981.99,97.79,1397.9,65,17.15,6.04,99.89857,98.74795,0,0,0,1,0,0,1,1,0,0,0,1,0,0,1,1,1,0,0,1,0,0,1,0,0,1
2012년 5월,"2,012.00",5.00,"1,179.87",61.10,1.24,0.07,1562.6,101.87,18.75,86.53,20.57,0.380952381,1.563,3109,2827.34,310.95,12393.45,1027.1,2372.23,144.66,1843.47,221.64,1310.3,123.3,24.06,9.45,99.81327,98.82915,1,1,0,1,0,0,1,0,1,0,0,0,0,1,0,1,0,0,0,1,0,1,1,1,0,1
2012년 6월,"2,012.00",6.00,"1,140.72",43.53,1.27,0.09,1603.5,97.8,13.96,84.96,9.75,0.3742105263,1.643,3124,2935.05,215.6,12880.09,863.85,2225.43,199.37,1854.01,131.34,1362.2,96.8,17.08,10.96,99.70155,98.87394,0,0,1,1,1,0,0,0,0,0,1,1,1,0,1,0,0,1,1,0,1,0,0,1,0,1
2012년 7월,"2,012.00",7.00,"1,130.27",27.35,1.23,0.05,1610.5,104.92,12.88,88.06,10.84,0.3576190476,1.47,3144,2939.52,150.22,13008.68,636.39,2103.63,144.58,1881.99,137.84,1379.3,66.3,18.93,5.55,99.61653,98.88805,0,0,0,0,1,1,0,1,1,0,0,1,1,0,1,0,0,0,1,1,1,0,1,0,0,1
2012년 8월,"2,012.00",8.00,"1,133.19",14.20,1.26,0.06,1684.6,114.57,12.97,96.47,11.37,0.3295454545,1.548,3169,3066.96,209.69,13090.84,551.86,2047.52,144.25,1905.12,120.2,1406.6,72,17.47,5.95,99.5836,98.90054,1,0,1,1,1,1,1,1,1,0,1,1,1,1,1,0,0,0,1,0,1,1,0,1,0,1
2012년 9월,"2,012.00",9.00,"1,113.07",26.39,1.29,0.07,1771.1,112.39,10.85,92.19,11.47,0.2789473684,1.633,3220,3116.23,156.69,13437.13,676.15,2086.17,145.52,1996.21,139.25,1440.7,77.9,15.73,5.45,99.61578,98.92895,0,1,1,1,1,0,0,0,1,0,1,1,1,0,1,1,1,1,1,1,1,1,0,0,1,1
2012년 10월,"2,012.00",10.00,"1,089.92",27.98,1.30,0.04,1717.5,108.7,9.4,86.24,9,0.2247619048,1.694,3235,2977.23,210.3,13096.46,622.01,2068.88,84.94,1912.06,123.07,1412.2,67.7,18.6,5.98,99.68896,98.96936,0,1,1,0,0,0,0,0,0,0,1,1,0,1,0,0,0,0,0,0,0,0,1,1,1,1
2012년 11월,"2,012.00",11.00,"1,081.50",13.27,1.30,0.05,1710.9,111.23,7.44,88.91,5.75,0.2165,1.616,3261,3010.24,223.05,13025.58,819.26,1980.12,164,1932.9,85.03,1416.2,91,15.87,4.63,99.78637,99.02409,0,0,1,1,0,1,0,1,0,0,0,1,1,1,0,1,0,1,1,0,1,1,0,0,1,1
2012년 12월,"2,012.00",12.00,"1,063.24",21.57,1.32,0.06,1674.8,111.11,5.7,91.82,6.78,0.2410526316,1.757,3270,3019.51,110.78,13104.14,481.97,2269.13,320.05,1997.05,77.99,1426.2,49.9,18.02,7.82,99.91251,99.10219,0,1,1,1,0,0,0,1,1,1,1,1,1,0,1,0,1,1,1,0,1,0,1,1,1,1
2013년 1월,"2,013.00",1.00,"1,087.31",39.43,1.36,0.10,1660.6,115.55,6.31,97.49,6.72,0.2271428571,1.985,3289,3142.13,87.46,13860.58,865.69,2385.42,156.87,1961.94,112.11,1498.1,83.7,14.28,3.64,100.0588,99.19582,1,1,1,1,0,1,1,1,0,0,1,1,1,0,1,1,1,0,0,1,1,1,0,0,1,1
2013년 2월,"2,013.00",2.00,"1,083.90",22.29,1.31,0.07,1577.7,111.38,8.3,92.05,6.58,0.1926315789,1.881,3274,3160.19,108.24,14054.49,365.14,2365.59,154.91,2026.49,102.1,1514.7,45.9,15.51,7.2,100.2073,99.31612,0,0,0,0,0,0,1,0,0,0,0,0,1,1,1,0,0,0,1,0,1,0,1,1,1,1
2013년 3월,"2,013.00",3.00,"1,111.05",37.97,1.28,0.13,1594.8,110.02,5.43,97.23,8.02,0.193,1.852,3274,3267.52,140.9,14578.54,647.5,2236.62,140.84,2004.89,87.84,1569.2,68.8,12.7,5.77,100.3347,99.46874,1,1,0,1,1,0,0,1,1,1,0,1,1,1,1,1,0,0,0,0,1,1,0,0,1,1
2013년 4월,"2,013.00",4.00,"1,101.16",44.85,1.32,0.06,1472.2,102.37,15.04,93.46,12.19,0.22,1.673,3288,3328.79,173.83,14839.8,453.08,2177.91,87.64,1963.95,121.85,1597.6,61.6,13.52,6.21,100.4549,99.61792,0,1,1,0,0,0,1,0,1,1,0,1,1,1,1,0,0,0,0,1,1,0,1,1,1,1
2013년 5월,"2,013.00",5.00,"1,130.51",51.50,1.30,0.13,1392.6,100.39,7.18,91.97,7.06,0.2295238095,2.132,3281,3455.91,235.53,15115.57,855.35,2300.59,173.19,2001.05,77.72,1630.7,105.9,16.3,4.09,100.5738,99.73315,1,1,0,1,0,0,0,0,0,1,1,0,1,1,1,1,1,1,1,0,1,1,1,0,1,1
2013년 6월,"2,013.00",6.00,"1,141.45",56.39,1.30,0.22,1223.8,102.16,7.01,96.56,7.75,0.2215,2.487,3264,3403.25,193.36,14909.6,788.82,1979.21,463.78,1863.32,230.03,1606.3,93.9,16.86,6.95,100.6683,99.7951,1,1,1,1,0,1,0,1,1,0,1,0,0,0,0,0,0,1,0,1,0,0,1,1,1,1
2013년 7월,"2,013.00",7.00,"1,123.25",44.35,1.33,0.07,1312.4,107.7,8.09,105.03,13.25,0.2322727273,2.588,3297,3626.37,234.12,15499.54,775.39,1993.8,146.5,1914.03,110.88,1685.7,94.2,13.45,5.25,100.7245,99.79958,0,0,1,0,1,1,1,1,1,1,1,1,1,1,1,0,1,0,1,0,1,1,0,0,1,1
2013년 8월,"2,013.00",8.00,"1,109.42",20.22,1.32,0.18,1396.1,114.01,11.49,107.65,10.02,0.2185714286,2.789,3311,3589.87,120.62,14810.31,898.02,2098.38,201.79,1926.36,100.76,1633,82.2,17.01,5.98,100.7537,99.77156,0,0,0,1,1,1,1,1,0,0,1,1,0,0,0,1,1,1,1,0,0,0,1,1,1,0
2013년 9월,"2,013.00",9.00,"1,073.58",39.77,1.35,0.10,1326.5,108.37,9.34,102.33,9.65,0.237,2.615,3369,3771.48,205.14,15129.67,932.1,2174.66,191.81,1996.96,97.01,1681.6,96.5,16.6,4.97,100.7647,99.72223,0,1,1,0,0,0,0,0,0,1,0,1,1,1,1,1,1,0,1,0,1,1,0,0,1,0
2013년 10월,"2,013.00",10.00,"1,060.83",22.72,1.36,0.11,1323.6,108.84,5.73,96.38,8.43,0.1940909091,2.552,3432,3919.71,316.68,15545.75,1001.57,2141.61,149.78,2030.09,82.07,1756.5,128.7,13.75,9,100.7665,99.67814,0,0,1,1,0,1,0,0,0,0,0,1,1,1,1,1,0,0,1,0,1,1,0,1,1,0
2013년 11월,"2,013.00",11.00,"1,057.76",19.70,1.36,0.05,1250.6,109.69,8.68,92.72,4.88,0.1721052632,2.746,3450,4059.89,214.63,16086.41,652.33,2220.5,155.4,2044.87,87.28,1805.8,67.4,13.7,2.15,100.7678,99.65122,0,0,1,0,0,1,1,0,0,0,1,1,1,0,1,0,1,1,1,1,1,0,0,0,1,0
2013년 12월,"2,013.00",12.00,"1,049.50",18.36,1.37,0.05,1201.9,110.8,5.22,98.42,8.19,0.1775,3.026,3465,4176.59,198.14,16576.66,884.46,2115.98,192.33,2011.34,105.44,1848.4,81.4,13.72,5.06,100.7589,99.64307,0,0,1,1,0,1,0,1,1,1,1,1,1,0,1,1,0,1,0,1,1,1,1,1,0,0
2014년 1월,"2,014.00",1.00,"1,080.36",39.35,1.35,0.05,1240.1,106.4,5.91,97.49,7.73,0.1966666667,2.644,3484,4103.88,201.79,15698.85,955.52,2033.08,128.29,1941.15,114.13,1782.6,80.4,18.41,7.18,100.7445,99.64109,1,1,0,0,1,0,1,0,0,1,0,1,0,1,0,1,0,0,0,1,0,0,1,1,0,0
2014년 2월,"2,014.00",2.00,"1,066.01",31.65,1.38,0.05,1321.4,109.07,5.42,102.59,7.54,0.1831578947,2.649,3518,4308.12,374.4,16321.71,1058.26,2056.3,163.6,1979.99,95.62,1859.4,130,14,8.04,100.7576,99.62833,0,0,1,0,1,1,0,1,0,0,1,1,1,1,1,1,1,1,1,0,1,1,0,1,1,0
2014년 3월,"2,014.00",3.00,"1,064.65",23.05,1.38,0.08,1283.4,107.76,6.98,101.58,7.85,0.18,2.719,3543,4198.99,239.9,16457.66,458.71,2033.31,105.17,1985.61,76.16,1872.3,49.6,13.88,4.76,100.8015,99.59996,0,0,0,1,0,0,1,0,1,0,1,1,0,0,1,0,0,0,1,0,1,0,0,0,1,0
2014년 4월,"2,014.00",4.00,"1,032.75",32.42,1.39,0.08,1295.6,108.07,6.7,99.74,6.13,0.1985,2.646,3559,4114.56,340.06,16580.84,616.31,2026.36,149.03,1961.79,57.94,1883.9,82.9,13.41,5.25,100.8587,99.55865,0,1,1,1,1,1,0,0,0,1,0,1,0,1,1,1,0,1,0,0,1,1,0,1,1,0
2014년 5월,"2,014.00",5.00,"1,020.30",14.30,1.36,0.06,1245.6,109.41,4.19,102.71,5.76,0.194,2.475,3609,4242.62,231.03,16717.17,394.21,2039.21,70,1994.96,87.87,1923.6,64.2,11.4,3.17,100.9132,99.51785,0,0,0,0,0,1,0,1,0,0,0,1,1,0,1,0,1,0,1,1,1,0,0,0,1,0
2014년 6월,"2,014.00",6.00,"1,011.50",15.45,1.37,0.05,1321.8,112.36,7.94,105.37,6.13,0.1942857143,2.532,3666,4408.18,209.85,16826.6,304.37,2048.33,76.79,2002.21,51.66,1960.2,52.2,11.57,2.55,100.9598,99.50198,0,1,1,0,1,1,1,1,1,1,1,1,1,0,1,0,1,1,1,0,1,0,1,0,1,0
2014년 7월,"2,014.00",7.00,"1,027.75",28.25,1.34,0.06,1281.3,106.02,8.44,98.17,8.49,0.2059090909,2.562,3680,4369.77,134.89,16563.3,588.26,2201.56,169.13,2076.12,107.55,1930.7,60.7,16.95,6.83,100.9893,99.53526,1,1,0,1,0,0,1,0,1,1,1,1,0,0,0,1,1,1,1,1,0,1,1,1,1,1
2014년 8월,"2,014.00",8.00,"1,013.85",28.50,1.31,0.05,1285.8,103.19,5.78,95.96,6.17,0.2005,2.345,3675,4580.27,258.38,17098.45,820.02,2217.2,68.34,2068.54,62.3,2003.4,100.2,11.98,6.33,101.0042,99.6276,0,1,0,0,1,0,0,0,0,0,0,0,1,1,1,1,1,0,0,0,1,1,0,0,1,1
2014년 9월,"2,014.00",9.00,"1,054.55",45.40,1.26,0.07,1210.5,94.67,9.06,91.16,5.48,0.2119047619,2.495,3644,4493.39,146.13,17042.9,416.21,2363.87,147.81,2020.09,65.29,1972.3,55.3,16.31,5.56,101.0033,99.77055,1,1,0,1,0,0,1,0,0,1,1,0,0,0,0,0,1,1,0,1,0,0,1,0,0,1
2014년 10월,"2,014.00",10.00,"1,072.60",32.06,1.25,0.05,1171.1,85.86,13.63,80.54,13.52,0.2131818182,2.335,3637,4630.74,524.91,17390.52,1540.42,2420.18,143.76,1964.43,116.93,2018.1,197.5,14.03,17.34,100.9752,99.95097,1,0,0,0,0,0,1,0,1,1,0,0,1,1,1,1,1,0,0,1,1,1,0,1,0,1
2014년 11월,"2,014.00",11.00,"1,112.45",46.16,1.25,0.03,1175.2,70.15,16.62,66.15,15.29,0.2094444444,2.173,3631,4791.63,215.95,17828.24,616.47,2682.83,281.43,1980.78,71.77,2067.6,74.8,13.33,4.02,100.9238,100.1481,1,1,0,0,1,0,1,0,1,0,0,0,1,0,1,0,1,1,1,0,1,0,0,0,0,1
2014년 12월,"2,014.00",12.00,"1,092.90",43.72,1.21,0.03,1335.4,57.33,17.22,53.27,17.1,0.2152380952,2.17,3636,4736.05,267.64,17823.07,1035.86,3234.68,573.67,1915.59,108.31,2058.9,121,19.2,13.67,100.8451,100.3209,0,0,0,0,1,0,1,0,1,1,0,1,0,1,0,1,1,1,0,1,0,1,1,1,0,1
2015년 1월,"2,015.00",1.00,"1,101.40",38.81,1.13,0.03,1384.6,52.99,13.35,48.24,11.53,0.226,1.639,3622,4635.24,213.9,17164.95,815.48,3210.36,311.72,1949.26,87.86,1995,84.3,20.97,7.91,100.7455,100.4381,1,0,0,0,1,0,0,0,0,1,0,0,0,0,0,0,0,0,1,0,0,0,1,0,0,1
2015년 2월,"2,015.00",2.00,"1,100.53",32.49,1.12,0.04,1309.4,62.58,11.59,49.76,7.57,0.2415789474,1.997,3624,4963.53,408.79,18132.7,1206.62,3310.3,275.44,1985.8,60.68,2104.5,138.7,13.34,9.95,100.6371,100.5048,0,0,0,1,0,1,0,1,0,1,1,1,1,1,1,1,1,0,1,0,1,1,0,1,0,1
2015년 3월,"2,015.00",3.00,"1,107.99",44.82,1.07,0.03,1272.2,55.11,10,47.6,10.45,0.2404545455,1.927,3628,4900.88,216.21,17776.12,709.36,3747.9,637.2,2041.03,78,2067.9,77.8,15.29,4.65,100.5294,100.5311,1,1,0,0,0,0,0,0,1,0,0,1,0,0,0,0,1,1,1,1,0,0,1,0,0,1
2015년 4월,"2,015.00",4.00,"1,076.34",46.20,1.12,0.03,1273,66.78,12.93,59.63,12.8,0.2545,2.035,3699,4941.42,275.44,17840.52,590.55,4441.66,830.18,2127.17,164.9,2085.5,77.5,14.55,4.54,100.4254,100.5261,0,1,1,1,1,1,1,1,1,1,1,1,1,1,1,0,1,1,1,1,1,0,0,0,0,0
2015년 5월,"2,015.00",5.00,"1,112.01",39.68,1.10,0.04,1280.7,65.56,8.39,60.3,6.07,0.2636842105,2.123,3715,5070.02,223.37,18010.68,618.24,4611.74,887.46,2114.8,80.71,2107.4,66.8,13.84,4.54,100.3156,100.4993,1,0,0,1,1,0,0,1,0,1,1,1,1,0,1,1,1,1,0,0,1,0,0,1,0,0
2015년 6월,"2,015.00",6.00,"1,119.03",31.00,1.11,0.03,1270.8,63.59,5.42,59.47,4.99,0.2677272727,2.349,3747,4986.87,208.13,17619.51,612.31,4277.22,1330.31,2074.2,102.42,2063.1,73.6,18.23,7.87,100.1945,100.4671,1,0,1,0,0,0,0,0,0,1,1,1,0,0,0,0,0,1,0,1,0,1,1,1,0,0
2015년 7월,"2,015.00",7.00,"1,165.67",60.00,1.10,0.06,1183.1,52.21,11.72,47.12,12.3,0.2586363636,2.187,3708,5128.28,330.43,17689.86,737.95,3663.73,943.51,2030.16,127.03,2103.8,88.8,12.12,8.34,100.0329,100.4598,1,1,0,1,0,0,1,0,1,0,0,0,1,1,1,1,0,0,0,1,1,1,0,1,0,0
2015년 8월,"2,015.00",8.00,"1,181.82",52.68,1.12,0.03,1216.9,54.15,12.09,49.2,11.58,0.248,2.214,3679,4776.51,883.12,16528.03,2334.43,3205.99,1155.63,1941.49,237.66,1972.2,245.7,28.43,42.41,99.84364,100.4745,1,0,1,0,1,1,1,1,0,0,1,0,0,1,0,1,0,1,0,1,0,1,1,1,0,1
2015년 9월,"2,015.00",9.00,"1,184.44",51.12,1.12,0.02,1183.6,48.37,7.49,45.09,5.66,0.31,2.035,3681,4620.16,473.81,16284.7,991.06,3052.78,273.2,1962.81,127.99,1920,149,24.5,15.95,99.65855,100.5067,1,0,0,0,0,0,0,0,0,1,0,1,0,0,0,0,0,0,1,0,0,0,0,0,0,1
2015년 10월,"2,015.00",10.00,"1,140.16",66.54,1.10,0.02,1195.2,49.56,7.64,46.59,8.34,0.3061904762,2.146,3696,5053.75,543.35,17663.54,1786.3,3382.56,324.39,2029.47,106.09,2079.4,200.6,15.07,12.43,99.50788,100.5325,0,1,0,0,1,1,1,1,1,0,1,1,1,1,1,1,1,1,1,0,1,1,0,0,0,1
2015년 11월,"2,015.00",11.00,"1,159.61",48.63,1.06,0.04,1123.9,44.61,7.76,41.65,9.37,0.2442105263,2.208,3685,5108.67,254.81,17719.92,767.42,3445.4,376.09,1991.97,113.27,2080.4,97.1,16.13,7,99.3832,100.5356,1,0,0,1,0,0,1,0,1,0,1,0,1,0,1,0,1,1,0,1,1,0,1,0,0,1
2015년 12월,"2,015.00",12.00,"1,174.95",40.03,1.09,0.05,1121,37.28,9.2,37.04,8.25,0.3052380952,2.269,3680,5007.41,305.18,17425.03,784.85,3539.18,285.29,1961.31,107.11,2043.9,111,18.21,12.36,99.27185,100.5112,1,0,1,1,0,0,1,0,0,1,1,0,0,1,0,1,1,0,0,0,0,1,1,1,0,0
2016년 1월,"2,016.00",1.00,"1,207.11",46.33,1.08,0.04,1161.9,34.74,11.89,33.62,12.2,0.3636842105,1.923,3676,4613.95,613.34,16466.3,1954.92,2737.6,900.39,1912.06,124.46,1940.2,225.9,20.2,12.84,99.17865,100.4777,1,1,0,0,1,0,1,0,1,1,0,0,0,1,0,1,0,1,0,1,0,1,1,1,0,0
2016년 2월,"2,016.00",2.00,"1,237.24",64.88,1.09,0.06,1273.3,35.97,7.08,33.75,8.64,0.311,1.738,3658,4557.95,427.17,16516.5,1292.97,2687.98,295,1916.66,111.56,1932.2,152.9,20.55,12.52,99.11655,100.4614,1,1,1,1,1,1,0,1,0,0,0,0,0,0,1,0,0,0,1,0,0,0,1,0,0,0
2016년 3월,"2,016.00",3.00,"1,143.97",104.90,1.14,0.03,1280.9,39.6,6.59,38.34,8.53,0.3371428571,1.77,3698,4869.85,317.39,17685.09,1244.44,3003.92,359.56,1995.85,73.55,2059.7,135.1,13.95,7.11,99.09569,100.4761,0,1,1,0,1,1,0,1,0,1,1,1,1,0,1,0,1,1,1,0,1,0,0,0,0,1
2016년 4월,"2,016.00",4.00,"1,143.83",39.51,1.15,0.03,1341.4,48.13,11.23,45.92,11.54,0.4047619048,1.835,3725,4775.36,228.48,17773.64,683.4,2938.32,192.11,1994.15,69.66,2065.3,77.3,15.7,4.59,99.10058,100.5208,0,0,1,0,1,1,1,1,1,1,1,1,0,0,1,0,0,0,0,0,1,0,1,0,1,1
2016년 5월,"2,016.00",5.00,"1,188.39",61.75,1.11,0.05,1269.3,49.69,7.18,49.1,7.18,0.3685,1.851,3709,4948.06,273.07,17787.2,603.54,2916.62,223.66,1983.4,54.17,2097,77.6,14.19,4.61,99.11667,100.595,1,1,0,1,0,1,0,1,0,0,1,0,1,1,1,0,0,1,0,0,1,1,0,1,1,1
2016년 6월,"2,016.00",6.00,"1,150.99",55.48,1.11,0.04,1375,49.68,6.17,48.33,5.84,0.3822727273,1.475,3699,4842.67,405.89,17929.99,952.92,2929.61,138.34,1970.35,142.52,2098.9,128.9,15.63,14,99.13175,100.7026,0,0,0,0,1,0,0,0,0,1,0,0,0,1,1,1,1,0,0,1,1,1,1,1,1,1
2016년 7월,"2,016.00",7.00,"1,110.89",58.52,1.12,0.04,1415.7,42.46,8.95,41.6,8.78,0.4005,1.45,3714,5162.13,389.8,18432.24,908.56,2979.34,146.53,2016.19,86.36,2173.6,103.1,11.87,5.64,99.15694,100.8415,0,1,1,1,1,0,1,0,1,1,0,1,1,0,1,0,1,1,1,0,1,0,0,0,1,1
2016년 8월,"2,016.00",8.00,"1,115.29",39.61,1.12,0.03,1367.9,47.04,9.71,44.7,9.56,0.5154545455,1.578,3755,5213.22,165.94,18400.88,420.65,3085.49,208.48,2034.65,70.09,2170.9,46.2,13.42,3.91,99.20707,100.9997,1,0,0,0,0,1,1,1,1,1,1,1,1,0,0,0,1,1,1,0,0,0,1,0,1,1
2016년 9월,"2,016.00",9.00,"1,100.91",48.18,1.12,0.06,1370.4,49.06,5.05,48.24,5.77,0.559047619,1.598,3778,5312,245.08,18308.15,559.33,3004.7,136.55,2043.63,82.42,2168.3,68.8,13.29,8.86,99.29433,101.1517,0,1,1,1,1,1,0,1,0,1,1,1,1,1,0,1,0,0,1,1,0,1,0,1,1,1
2016년 10월,"2,016.00",10.00,"1,141.73",50.79,1.10,0.04,1333.7,48.3,5.75,46.86,5.3,0.5525,1.826,3752,5189.14,170.76,18142.42,440.01,3100.49,122.41,2008.19,68.14,2126.1,54.9,17.06,5.74,99.41796,101.2823,1,1,0,0,0,0,1,0,0,0,1,0,0,0,0,0,1,0,0,0,0,0,1,0,1,1
2016년 11월,"2,016.00",11.00,"1,176.39",59.55,1.06,0.04,1238.4,50.47,6.92,49.44,7.7,0.4615,2.39,3720,5323.68,369.45,19123.58,1341.73,3250.03,207.11,1983.48,84.16,2198.8,130.3,13.33,10.85,99.55742,101.4045,1,1,0,1,0,1,1,1,1,0,1,0,1,1,1,1,1,1,0,1,1,1,0,1,1,1
2016년 12월,"2,016.00",12.00,"1,206.25",58.42,1.05,0.04,1234.5,56.82,6.38,53.72,5.53,0.471,2.446,3711,5383.12,274.16,19762.6,848.84,3103.64,211.29,2026.46,92.81,2238.8,90.1,14.04,3.79,99.69236,101.5268,1,0,0,0,0,1,0,1,0,1,1,0,1,0,1,0,0,1,1,1,1,0,1,0,1,1
2017년 1월,"2,017.00",1.00,"1,150.65",64.66,1.08,0.07,1291.8,55.7,4.79,52.81,4.53,0.5135,2.466,3740,5614.79,271.62,19864.09,447.64,3159.17,130.29,2067.57,75.34,2278.9,55.9,11.99,3.77,99.79878,101.6436,0,1,1,1,1,0,0,0,0,1,1,1,1,0,1,0,1,0,1,0,1,0,0,0,1,1
2017년 2월,"2,017.00",2.00,"1,136.39",34.77,1.06,0.04,1334.3,55.59,3.01,54.01,3.72,0.5215789474,2.397,3739,5825.44,251.49,20812.24,1020.24,3241.73,132.05,2091.64,56.7,2363.6,99.9,12.92,2.99,99.86906,101.7402,0,0,0,0,1,0,0,1,0,1,0,0,1,0,1,1,1,1,1,0,1,1,1,0,1,1
2017년 3월,"2,017.00",3.00,"1,116.65",55.20,1.06,0.06,1329.8,52.83,7.34,50.6,7.43,0.397826087,2.389,3753,5911.74,158.67,20663.22,756.31,3222.51,90.08,2160.23,114.74,2362.7,78.7,12.37,4.51,99.90939,101.801,0,1,1,1,0,0,1,0,1,0,0,1,1,0,0,0,0,0,1,1,0,0,0,1,1,1
2017년 4월,"2,017.00",4.00,"1,136.87",38.83,1.09,0.05,1347.1,51.73,6.2,49.33,5.56,0.3633333333,2.289,3766,6047.61,268.89,20940.51,691.35,3154.66,197.86,2205.44,99.22,2384.2,69.3,10.82,6.06,99.93367,101.8204,1,0,1,0,1,0,0,0,0,0,0,1,1,1,1,0,0,1,1,0,1,0,0,1,1,1
2017년 5월,"2,017.00",5.00,"1,118.65",28.15,1.12,0.07,1348.5,50.31,8.03,48.32,8.24,0.2928571429,2.206,3785,6198.52,225.18,21008.65,558.87,3117.18,138.25,2347.38,158.8,2411.8,66,10.41,6.74,99.96219,101.7977,0,0,1,1,1,0,1,0,1,0,0,1,1,0,1,0,0,0,1,1,1,0,0,1,1,0
2017년 6월,"2,017.00",6.00,"1,144.43",33.83,1.14,0.05,1314,47.92,7.1,46.04,7.12,0.2804545455,2.304,3806,6140.42,253.89,21349.63,540.81,3192.43,114.67,2391.79,67.17,2423.4,48.1,11.18,5.79,100.0035,101.7452,1,1,1,0,0,0,0,0,0,0,1,1,0,1,1,0,1,0,1,0,1,0,1,0,1,0
2017년 7월,"2,017.00",7.00,"1,118.40",48.49,1.18,0.07,1340.7,52.65,6.81,50.17,6.76,0.2395,2.296,3838,6348.12,378.88,21891.12,650.5,3273.03,137.45,2402.71,80.34,2470.3,76.3,10.26,4.21,100.0545,101.6617,0,1,1,1,1,1,0,1,0,0,0,1,1,1,1,1,1,1,1,1,1,1,0,0,1,0
2017년 8월,"2,017.00",8.00,"1,123.85",33.20,1.19,0.06,1388.5,52.38,3.64,47.23,4.85,0.2977272727,2.121,3848,6428.66,258.08,21948.1,578.77,3360.81,175.9,2363.19,124.27,2471.6,73.5,10.59,7.76,100.1328,101.5472,1,0,1,0,1,0,0,0,0,1,0,1,1,0,1,0,1,1,0,1,1,0,1,1,1,0
2017년 9월,"2,017.00",9.00,"1,144.29",33.65,1.18,0.04,1357.6,57.54,7.5,51.67,6.3,0.294,2.339,3847,6495.96,163.39,22405.09,709.88,3348.94,59.04,2394.47,114.81,2519.4,72.8,9.51,4.7,100.2309,101.4011,1,1,0,0,0,1,1,1,1,0,1,0,1,0,1,1,0,0,1,0,1,0,0,0,1,0
2017년 10월,"2,017.00",10.00,"1,117.42",33.64,1.16,0.04,1347.7,61.37,6.35,54.38,5.75,0.2861904762,2.378,3845,6727.67,253.61,23377.24,1069.25,3393.34,63.82,2523.43,107.22,2575.3,62.6,10.18,4.09,100.3356,101.2229,0,0,0,0,0,1,0,1,0,0,1,0,1,1,1,1,1,1,1,0,1,0,1,0,1,0
2017년 11월,"2,017.00",11.00,"1,087.13",47.67,1.19,0.05,1357.3,63.57,4.65,57.4,5.16,0.2033333333,2.415,3873,6873.97,246.88,24272.35,1085.07,3317.19,149.71,2476.37,87.35,2647.6,100.3,11.28,5.95,100.4323,101.0061,0,1,1,1,1,1,0,1,0,0,1,1,1,0,1,1,0,1,0,0,1,1,1,1,1,0
2017년 12월,"2,017.00",12.00,"1,066.37",33.14,1.20,0.04,1391.9,66.87,5.97,60.42,4.69,0.2857894737,2.405,3893,6903.39,269.76,24719.22,954.17,3307.17,70.34,2467.49,103.13,2673.6,89.5,11.04,5.68,100.5223,100.7644,0,0,1,0,1,1,1,1,0,1,0,1,1,1,1,0,0,0,0,1,1,0,0,0,1,0
2018년 1월,"2,018.00",1.00,"1,069.08",22.18,1.24,0.05,1439.4,69.05,5.04,64.73,6.56,0.32,2.713,3957,7411.48,581.69,26149.39,1875.01,3480.83,273,2566.46,141.16,2823.8,190.5,13.54,6.5,100.6176,100.5387,1,0,1,1,1,1,0,1,1,1,1,1,1,1,1,1,1,1,1,1,1,1,1,1,1,0
2018년 2월,"2,018.00",2.00,"1,084.21",37.19,1.22,0.06,1419.2,65.78,8.26,61.64,8.23,0.3052631579,2.864,3948,7273.01,810.42,25029.2,2946.41,3259.41,432.35,2427.36,237.01,2713.8,303.3,19.85,37.8,100.7134,100.3444,1,1,0,1,0,0,1,0,1,0,1,0,0,1,0,1,0,1,0,1,0,1,1,1,1,0
2018년 3월,"2,018.00",3.00,"1,060.25",27.85,1.23,0.05,1426,70.27,7.86,64.94,6.6,0.4766666667,2.741,3968,7063.44,736.2,24103.11,1940.09,3168.9,242.42,2445.85,133.91,2640.9,216,19.97,12.91,100.7801,100.1778,0,0,1,0,1,1,0,1,0,1,0,1,0,0,0,0,0,0,1,0,0,0,1,0,1,0
2018년 4월,"2,018.00",4.00,"1,069.33",32.17,1.21,0.06,1419.1,75.17,8.78,68.57,7.75,0.5915,2.955,3984,7066.27,513.62,24163.15,1514.45,3082.23,179.22,2515.38,109.47,2648.1,163.7,15.93,11.15,100.807,100.0459,1,1,0,1,0,1,1,1,1,1,1,1,1,0,1,0,0,0,1,0,1,0,0,0,1,0
2018년 5월,"2,018.00",5.00,"1,079.59",23.45,1.17,0.06,1395,77.59,8.12,67.04,7.03,0.4695238095,2.86,3990,7442.12,501.28,24415.84,1555.18,3095.47,178.74,2423.01,116.99,2705.3,147.6,15.43,7.87,100.8016,99.93706,1,0,0,1,0,1,0,0,0,0,0,1,1,0,1,1,1,0,0,1,1,0,0,0,0,0
2018년 6월,"2,018.00",6.00,"1,113.91",60.32,1.17,0.07,1343.7,79.44,7.25,74.15,10.87,0.4319047619,2.86,4003,7510.3,387.04,24271.41,1405.62,2847.42,346.34,2326.13,183.17,2718.4,99.5,16.09,8.39,100.7702,99.83688,1,1,0,1,0,1,0,1,1,0,1,1,1,0,0,0,0,1,0,1,1,0,1,1,0,0
2018년 7월,"2,018.00",7.00,"1,112.25",31.86,1.17,0.06,1309.8,74.25,8.32,68.76,8.24,0.3823809524,2.962,4025,7671.79,490.21,25415.19,1509.68,2876.4,224.28,2295.26,83.69,2816.3,149.1,12.83,6.64,100.7148,99.75288,0,0,1,0,0,0,1,0,0,0,1,1,1,1,1,1,1,0,0,0,1,1,0,0,0,0
2018년 8월,"2,018.00",8.00,"1,115.46",34.81,1.16,0.03,1277.7,77.42,7.73,69.8,6.07,0.2909090909,2.86,4011,8109.54,473.78,25964.82,1202.17,2725.25,244.29,2322.88,104.79,2901.5,120.2,12.86,6.69,100.633,99.68052,1,1,0,0,0,1,0,1,0,0,0,0,1,0,1,0,0,1,1,1,1,0,1,1,0,0
2018년 9월,"2,018.00",9.00,"1,109.98",24.63,1.16,0.10,1268.7,82.72,7.23,73.25,6.87,0.2247368421,3.065,4030,8046.35,230.14,26458.31,1014.84,2821.35,183.04,2343.07,91.72,2914,76.8,12.12,4.53,100.5047,99.60535,0,0,1,1,0,1,0,1,1,0,1,1,0,0,1,0,1,0,1,0,1,0,0,0,0,0
2018년 10월,"2,018.00",10.00,"1,141.02",38.79,1.13,0.06,1288.2,75.47,11.65,65.31,12.09,0.215,3.149,4028,7305.9,1184.55,25115.76,2829.58,2602.78,322.74,2029.69,366.16,2711.7,336.4,21.23,17.5,100.3311,99.52036,1,1,0,0,1,0,1,0,1,0,1,0,0,1,0,1,0,1,0,1,0,1,1,1,0,0
2018년 11월,"2,018.00",11.00,"1,119.44",31.93,1.13,0.05,1292.7,58.71,17.49,50.93,15.98,0.323,2.993,4030,7330.54,742.17,25538.46,2009.08,2588.19,148.19,2096.86,113.31,2760.2,184,18.07,7.72,100.1378,99.43235,0,0,1,0,1,0,1,0,1,1,0,1,1,0,1,0,0,0,1,0,1,0,0,0,0,0
2018년 12월,"2,018.00",12.00,"1,113.30",31.72,1.15,0.05,1347.1,53.8,13.8,45.41,12.19,0.4244444444,2.686,4037,6635.28,1296.34,23327.46,4267.68,2493.9,203.24,2041.04,122.36,2506.9,453.6,25.42,20.26,99.95415,99.34715,0,0,1,1,1,0,0,0,0,1,0,1,0,1,0,1,0,1,0,1,0,1,1,1,0,0
2019년 1월,"2,019.00",1.00,"1,111.40",26.11,1.14,0.08,1384,61.89,10.64,53.79,11.02,0.4,2.633,4055,7281.74,845.99,24999.67,2471.21,2584.57,189.41,2204.85,238.35,2704.1,264.9,16.57,11.99,99.80085,99.26042,0,0,0,1,1,1,0,1,0,0,0,1,1,0,1,0,1,0,1,1,1,0,0,0,0,0
2019년 2월,"2,019.00",2.00,"1,124.60",20.16,1.14,0.06,1375.3,66.03,7.27,57.22,6.58,0.29,2.717,4047,7532.53,377.55,25916,1358.38,2940.95,406.94,2195.44,74.4,2784.5,131.7,14.78,4.45,99.68435,99.16803,1,0,0,0,0,1,0,1,0,0,1,0,1,0,1,0,1,1,0,0,1,0,0,0,0,0
2019년 3월,"2,019.00",3.00,"1,136.10",17.00,1.12,0.06,1350.4,68.39,4.87,60.14,6.21,0.2033333333,2.407,4053,7729.32,517.18,25928.68,947.98,3090.76,199.11,2140.67,95.09,2834.4,138,13.71,5.96,99.59672,99.05871,1,0,0,0,0,1,0,1,0,0,0,1,1,1,1,0,1,0,0,1,1,1,0,1,0,0
2019년 4월,"2,019.00",4.00,"1,163.25",38.87,1.12,0.03,1340.4,72.8,8.02,63.91,6.47,0.207,2.504,4040,8095.39,398.98,26592.91,633.37,3078.34,238.42,2203.59,98.74,2945.8,100.9,13.12,3.36,99.50861,98.93271,1,1,0,0,0,1,1,1,1,1,1,0,1,0,1,0,0,1,1,1,1,0,0,0,0,0
2019년 5월,"2,019.00",5.00,"1,187.80",36.88,1.12,0.06,1357.5,64.49,9.03,53.5,10.88,0.1804761905,2.133,4020,7453.15,716.48,24815.04,1879.88,2898.7,153.5,2041.74,200.78,2752.1,203.6,18.71,10.64,99.41288,98.81268,1,0,0,1,1,0,1,0,1,0,0,0,0,1,0,1,0,0,0,1,0,1,1,1,0,0
2019년 6월,"2,019.00",6.00,"1,155.38",39.31,1.14,0.06,1452.9,66.55,7.4,58.47,9.33,0.227,2.007,4031,8006.24,796.66,26599.96,2226.8,2978.88,190.64,2130.62,112.1,2941.8,235.3,15.08,6.56,99.3142,98.71584,0,1,1,1,1,1,0,1,0,1,0,1,1,1,1,1,1,1,1,0,1,1,0,0,0,0
2019년 7월,"2,019.00",7.00,"1,187.32",40.65,1.11,0.03,1473.3,65.17,6.36,58.58,6.22,0.195,2.007,4031,8175.42,280.35,26864.27,782.47,2932.51,168.79,2024.55,136.29,2980.4,75.8,16.12,4.86,99.21872,98.63933,1,1,0,0,1,0,0,1,0,0,1,1,1,0,1,0,0,0,0,1,1,0,1,0,0,0
2019년 8월,"2,019.00",8.00,"1,209.50",38.67,1.10,0.02,1563.1,60.43,8.66,55.1,7.47,0.2161904762,1.499,4015,7962.88,648.14,26403.28,1835.99,2886.24,193.42,1967.79,140.42,2926.5,191.5,18.98,11.08,99.13801,98.59964,1,0,0,0,1,0,1,0,1,1,0,0,0,1,0,1,0,1,0,1,0,1,1,1,0,0
2019년 9월,"2,019.00",9.00,"1,198.09",42.19,1.09,0.04,1514.5,60.78,14.72,54.07,10.54,0.2305,1.668,4033,7999.33,396.48,26916.83,1328.51,2905.19,159.25,2063.05,143.04,2976.7,130.1,16.24,7.84,99.1011,98.60482,0,1,0,1,0,1,1,0,1,1,1,1,1,0,1,0,1,0,1,1,1,0,0,0,0,1
2019년 10월,"2,019.00",10.00,"1,169.24",48.72,1.12,0.03,1556.9,60.23,6.19,54.18,5.93,0.33,1.688,4063,8292.36,635.56,27046.23,1460.9,2929.06,134.84,2083.48,94.27,3037.6,194.2,13.22,9.27,99.09805,98.66209,0,1,1,0,1,0,0,1,0,1,1,1,1,1,1,1,1,0,1,0,1,1,0,1,0,1
2019년 11월,"2,019.00",11.00,"1,180.70",30.03,1.10,0.05,1510.7,62.43,5.2,55.17,4.67,0.3621052632,1.774,4075,8665.47,379.35,28051.41,1032.02,2871.98,149.73,2087.96,84.36,3141,103.6,12.62,2.75,99.10062,98.75225,1,0,0,1,0,1,0,1,0,1,1,1,1,0,1,0,0,1,1,0,1,0,0,0,1,1
2019년 12월,"2,019.00",12.00,"1,154.07",43.26,1.12,0.07,1567.6,66,8.69,61.06,6.99,0.3726315789,1.919,4088,8972.6,616.6,28538.44,1376.53,3050.12,194.36,2197.67,161.99,3230.8,177.6,13.78,6.28,99.08285,98.83833,0,1,1,1,1,1,1,1,1,1,1,1,1,1,1,1,1,1,1,1,1,1,1,1,0,1
2020년 1월,"2,020.00",1.00,"1,194.97",48.25,1.11,0.04,1626.1,58.16,14.04,51.56,14.68,0.2980952381,1.505,4097,9150.94,507.93,28256.03,1204.09,2976.53,171.82,2119.01,158.22,3225.5,123.2,18.84,8.24,99.01617,98.88432,1,1,0,0,1,0,1,0,1,0,0,1,1,0,0,0,0,0,0,0,0,0,1,1,0,1
2020년 2월,"2,020.00",2.00,"1,200.20",46.90,1.10,0.03,1596.6,50.52,9.95,44.76,10.65,0.1621052632,1.163,4092,8567.37,1574.21,25409.36,4887.56,2880.3,373.63,1987.01,274.67,2954.2,537.7,40.11,36.1,98.88946,98.89029,1,0,0,0,0,0,0,0,0,0,0,0,0,1,0,1,0,1,0,1,0,1,1,1,0,1
2020년 3월,"2,020.00",3.00,"1,218.30",114.12,1.10,0.02,1606.7,22.74,32.25,20.48,29.39,0.8154545455,0.668,4002,7700.1,2438.9,21917.16,8888.69,2750.3,427.46,1754.64,649.65,2584.6,944.8,53.54,60.54,97.05176,98.87843,1,1,1,0,1,0,1,0,1,1,0,0,0,1,0,1,0,1,0,1,0,1,1,1,0,0
2020년 4월,"2,020.00",4.00,"1,212.94",39.77,1.10,0.02,1713.2,25.27,20.42,18.84,69.45,0.9605,0.646,4040,8889.55,1669.15,24345.72,4029.75,2860.08,145.69,1947.56,293.38,2912.4,507.4,34.15,30.05,92.23092,98.89505,0,0,0,0,1,1,0,0,1,1,0,1,1,0,1,0,1,0,1,0,1,0,0,0,0,1
2020년 5월,"2,020.00",5.00,"1,231.49",31.79,1.11,0.05,1776.8,35.33,11.48,35.49,17.72,0.2752631579,0.653,4073,9489.87,985.81,25383.11,2969.17,2852.35,111.81,2029.6,160.23,3044.3,302.1,27.51,14.4,93.77561,98.96783,1,0,1,1,1,1,0,1,0,0,1,1,1,0,1,0,0,0,1,0,1,0,0,0,1,1
2020년 6월,"2,020.00",6.00,"1,199.28",47.95,1.12,0.03,1836.5,41.15,6.92,39.27,7.36,0.1518181818,0.658,4108,10058.76,818.85,25812.88,2737.03,2984.67,118.87,2108.33,186.39,3100.3,267.4,30.43,20.9,95.71313,99.13239,0,1,1,0,1,1,0,1,0,0,1,1,1,0,1,0,1,1,1,1,1,0,1,1,1,1
2020년 7월,"2,020.00",7.00,"1,193.59",22.47,1.18,0.04,2026.9,43.3,3.86,40.27,3.86,0.1409090909,0.533,4165,10745.27,791.89,26428.32,1547.82,3310.01,473.81,2249.37,180.08,3271.1,178.8,24.46,10.12,97.2706,99.38464,0,0,1,1,1,1,0,1,0,0,0,1,1,0,1,0,1,1,1,0,1,0,0,0,1,1
2020년 8월,"2,020.00",8.00,"1,187.94",21.08,1.19,0.04,2009.5,45.28,3.64,42.61,4.2,0.149,0.706,4190,11775.46,1067.13,28430.05,2198.97,3395.68,193.45,2326.17,221.13,3500.3,230.3,26.41,6.81,97.93082,99.6918,0,0,1,0,0,1,0,1,1,1,1,1,1,1,1,1,1,0,1,1,1,1,1,0,1,1
2020년 9월,"2,020.00",9.00,"1,164.65",36.75,1.17,0.05,1931.7,40.95,6.92,40.22,7.3,0.1285714286,0.686,4206,11167.68,1554.58,27781.7,2662.34,3218.05,223.29,2327.89,182.9,3363,378.7,26.37,13.44,98.19913,100.0192,0,1,0,1,0,0,1,0,1,0,0,1,0,1,0,1,0,1,1,0,0,1,0,1,1,1
2020년 10월,"2,020.00",10.00,"1,136.49",43.59,1.16,0.05,1918.3,37.46,6.93,35.79,6.78,0.12,0.874,4265,10911.59,1142.97,26501.6,2814.13,3224.53,151.67,2267.15,151.96,3270,316,38.02,17.13,98.53953,100.3338,0,1,0,0,0,0,1,0,0,0,1,1,0,0,0,1,1,0,0,0,0,0,1,1,1,1
2020년 11월,"2,020.00",11.00,"1,109.32",46.21,1.19,0.05,1807.2,47.59,13.35,45.34,12.62,0.1278947368,0.842,4364,12198.74,1413.71,29638.64,3425.23,3391.76,246.83,2591.34,380.71,3621.6,366.3,20.57,19.27,98.91795,100.6234,0,1,1,0,0,1,1,1,1,1,0,1,1,1,1,1,1,1,1,1,1,1,0,1,1,1
2020년 12월,"2,020.00",12.00,"1,084.47",32.35,1.22,0.03,1921.1,51.8,5.66,48.52,5.36,0.1476190476,0.916,4431,12888.28,758.59,30606.48,1038.18,3473.07,149.75,2873.47,266.54,3756.1,126.8,22.75,11.49,99.31595,100.8893,0,0,1,0,1,1,0,1,0,1,1,1,1,0,1,0,1,0,1,0,1,0,1,0,1,1
2021년 1월,"2,021.00",1.00,"1,117.64",41.74,1.21,0.06,1864,55.88,6.86,52.2,6.75,0.1384210526,1.071,4427,13070.69,1185.74,29982.62,1415.92,3483.07,190.55,2976.21,397.12,3714.2,208.2,33.09,16.42,99.66631,101.1523,1,1,0,1,0,1,1,1,1,0,1,0,1,1,0,1,1,1,1,1,0,1,1,1,1,1
2021년 2월,"2,021.00",2.00,"1,123.89",33.42,1.21,0.04,1745.9,66.13,13.1,61.5,12.17,0.1484210526,1.407,4476,13192.35,1171.13,30932.37,1994.67,3509.08,265.92,3012.95,233.7,3811.1,224.8,27.95,14.27,100.0159,101.3998,1,0,0,0,0,1,1,1,1,1,1,1,1,0,1,1,1,1,1,0,1,1,0,0,1,1
2021년 3월,"2,021.00",3.00,"1,127.17",43.54,1.17,0.06,1727.3,63.54,11.11,59.16,10.73,0.157826087,1.744,4461,13246.87,1223.66,32981.55,2711.47,3441.91,249.31,3061.42,167.14,3972.9,271.1,19.4,13.22,100.3094,101.6167,1,1,0,1,0,0,0,0,0,1,1,0,1,1,1,1,0,0,1,0,1,1,0,0,1,1
2021년 4월,"2,021.00",4.00,"1,117.16",28.52,1.20,0.04,1780.2,67.25,7.7,63.58,7.84,0.165,1.626,4523,13962.68,807.39,33874.85,1271.4,3446.86,124.03,3147.86,153.37,4181.2,226,18.61,4.52,100.5365,101.7705,0,0,1,0,1,1,0,1,0,1,0,1,1,0,1,0,1,0,1,0,1,0,0,0,1,1
2021년 5월,"2,021.00",5.00,"1,106.58",33.29,1.22,0.05,1916.8,69.32,5.67,66.32,5.96,0.1363157895,1.581,4565,13748.74,1039.59,34529.45,1617.76,3615.48,241.66,3203.92,152.02,4204.1,181.1,16.76,13.03,100.5609,101.816,0,1,1,1,1,1,0,1,0,0,0,1,0,1,1,1,1,1,1,0,1,0,0,1,1,1
2021년 6월,"2,021.00",6.00,"1,130.48",34.78,1.19,0.07,1782.5,75.13,7.31,73.47,8.04,0.09636363636,1.468,4541,14503.95,987.04,34502.51,1577.39,3591.2,126.11,3296.68,116.9,4297.5,138,15.83,7.72,100.5146,101.7399,1,1,0,1,0,1,1,1,1,0,0,0,1,0,0,0,0,0,1,0,1,0,0,0,0,0
2021년 7월,"2,021.00",7.00,"1,151.41",31.96,1.19,0.04,1823.8,76.33,10.4,73.95,11.77,0.0780952381,1.226,4587,14672.68,684.99,34935.47,1429.76,3397.36,294.98,3202.32,124.71,4402.1,197.2,18.24,10.84,100.4166,101.5535,1,0,1,0,1,1,1,1,1,0,0,1,1,0,1,0,0,1,0,1,1,1,1,1,0,0
2021년 8월,"2,021.00",8.00,"1,158.73",44.94,1.18,0.06,1825.1,72.99,10.79,68.5,12.21,0.06904761905,1.307,4639,15259.24,864.92,35360.73,940.94,3543.94,176.45,3199.27,247.14,4530.3,192.1,16.48,9.55,100.2987,101.2789,1,1,0,1,1,0,1,0,1,0,1,1,1,1,1,0,1,0,0,1,1,0,0,0,0,0
2021년 9월,"2,021.00",9.00,"1,184.23",39.87,1.16,0.06,1762.3,78.52,10.33,75.03,9.55,0.0819047619,1.492,4640,14448.58,959.14,33843.92,1862.37,3568.17,209.18,3068.82,184.53,4316.2,244.2,23.14,13.11,100.1972,100.9425,1,0,0,0,0,1,0,1,0,1,1,1,0,1,0,1,1,1,0,0,0,1,1,1,0,0
2021년 10월,"2,021.00",10.00,"1,174.47",37.15,1.16,0.05,1790.7,84.38,9.15,83.57,11.18,0.074,1.561,4692,15498.39,1322.43,35819.56,2107.38,3547.34,122.22,2970.68,161.09,4617.8,349.6,16.26,10.05,100.1204,100.5934,0,0,0,0,1,1,0,1,1,0,1,1,1,1,1,1,0,0,0,0,1,1,0,0,0,0
2021년 11월,"2,021.00",11.00,"1,182.71",23.38,1.13,0.04,1781.9,70.57,15.28,66.18,20.54,0.107,1.456,4639,15537.69,760.84,34483.72,2141.29,3563.89,154.3,2839.01,211.57,4586.1,183.4,27.19,14.26,100.07,100.2757,1,0,0,0,0,0,1,0,1,1,0,0,1,0,0,1,1,1,0,1,0,0,1,1,0,0
2021년 12월,"2,021.00",12.00,"1,187.96",21.19,1.14,0.04,1835.9,77.78,14.45,75.21,15.01,0.144,1.512,4631,15644.97,1041.43,36338.3,2672.46,3639.78,150.25,2977.65,206.8,4777.8,313.8,17.22,18.7,100.0382,99.99874,1,0,1,1,1,1,0,1,0,1,1,0,1,1,1,1,1,0,1,0,1,1,0,1,0,0