소요시간,출발시간,일차,연휴길이,날짜,눈비,1종 교통량,2종 교통량,서울인구수 
91,0,0,3,2013-02-08,TRUE,3793419,229419,10388055
88,1,0,3,2013-02-08,TRUE,2514790,203047,10388055
88,2,0,3,2013-02-08,TRUE,1846564,235137,10388055
87,3,0,3,2013-02-08,TRUE,1632415,305994,10388055
91,4,0,3,2013-02-08,TRUE,2247045,444384,10388055
97,5,0,3,2013-02-08,TRUE,5186824,774325,10388055
96,6,0,3,2013-02-08,TRUE,10866409,1206051,10388055
89,7,0,3,2013-02-08,TRUE,15984740,1349972,10388055
90,8,0,3,2013-02-08,TRUE,17462577,1624836,10388055
91,9,0,3,2013-02-08,TRUE,19314963,1932103,10388055
91,10,0,3,2013-02-08,TRUE,21570894,1937699,10388055
94,11,0,3,2013-02-08,TRUE,20983137,1768677,10388055
101,12,0,3,2013-02-08,TRUE,19894414,1596595,10388055
118,13,0,3,2013-02-08,TRUE,21519196,1610557,10388055
115,14,0,3,2013-02-08,TRUE,22670554,1669824,10388055
125,15,0,3,2013-02-08,TRUE,23232147,1567158,10388055
136,16,0,3,2013-02-08,TRUE,23527400,1408343,10388055
149,17,0,3,2013-02-08,TRUE,24025597,1218600,10388055
167,18,0,3,2013-02-08,TRUE,21219880,899265,10388055
185,19,0,3,2013-02-08,TRUE,16408481,655917,10388055
202,20,0,3,2013-02-08,FALSE,13599182,486769,10388055
211,21,0,3,2013-02-08,TRUE,11220101,374074,10388055
212,22,0,3,2013-02-08,FALSE,8291072,297572,10388055
183,23,0,3,2013-02-08,FALSE,5655106,239321,10388055
132,0,1,3,2013-02-09,TRUE,3793419,229419,10388055
129,1,1,3,2013-02-09,TRUE,2514790,203047,10388055
121,2,1,3,2013-02-09,TRUE,1846564,235137,10388055
124,3,1,3,2013-02-09,TRUE,1632415,305994,10388055
119,4,1,3,2013-02-09,TRUE,2247045,444384,10388055
118,5,1,3,2013-02-09,TRUE,5186824,774325,10388055
128,6,1,3,2013-02-09,TRUE,10866409,1206051,10388055
133,7,1,3,2013-02-09,TRUE,15984740,1349972,10388055
133,8,1,3,2013-02-09,TRUE,17462577,1624836,10388055
149,9,1,3,2013-02-09,TRUE,19314963,1932103,10388055
163,10,1,3,2013-02-09,TRUE,21570894,1937699,10388055
166,11,1,3,2013-02-09,TRUE,20983137,1768677,10388055
162,12,1,3,2013-02-09,TRUE,19894414,1596595,10388055
137,13,1,3,2013-02-09,TRUE,21519196,1610557,10388055
137,14,1,3,2013-02-09,TRUE,22670554,1669824,10388055
123,15,1,3,2013-02-09,TRUE,23232147,1567158,10388055
107,16,1,3,2013-02-09,TRUE,23527400,1408343,10388055
106,17,1,3,2013-02-09,TRUE,24025597,1218600,10388055
98,18,1,3,2013-02-09,TRUE,21219880,899265,10388055
93,19,1,3,2013-02-09,TRUE,16408481,655917,10388055
93,20,1,3,2013-02-09,TRUE,13599182,486769,10388055
91,21,1,3,2013-02-09,TRUE,11220101,374074,10388055
88,22,1,3,2013-02-09,TRUE,8291072,297572,10388055
89,23,1,3,2013-02-09,TRUE,5655106,239321,10388055
83,0,2,3,2013-02-10,TRUE,3793419,229419,10388055
82,1,2,3,2013-02-10,TRUE,2514790,203047,10388055
102,2,2,3,2013-02-10,TRUE,1846564,235137,10388055
100,3,2,3,2013-02-10,TRUE,1632415,305994,10388055
93,4,2,3,2013-02-10,TRUE,2247045,444384,10388055
106,5,2,3,2013-02-10,TRUE,5186824,774325,10388055
100,6,2,3,2013-02-10,TRUE,10866409,1206051,10388055
97,7,2,3,2013-02-10,TRUE,15984740,1349972,10388055
94,8,2,3,2013-02-10,TRUE,17462577,1624836,10388055
97,9,2,3,2013-02-10,TRUE,19314963,1932103,10388055
95,10,2,3,2013-02-10,TRUE,21570894,1937699,10388055
94,11,2,3,2013-02-10,TRUE,20983137,1768677,10388055
99,12,2,3,2013-02-10,TRUE,19894414,1596595,10388055
105,13,2,3,2013-02-10,TRUE,21519196,1610557,10388055
108,14,2,3,2013-02-10,TRUE,22670554,1669824,10388055
117,15,2,3,2013-02-10,TRUE,23232147,1567158,10388055
121,16,2,3,2013-02-10,TRUE,23527400,1408343,10388055
156,17,2,3,2013-02-10,TRUE,24025597,1218600,10388055
160,18,2,3,2013-02-10,TRUE,21219880,899265,10388055
156,19,2,3,2013-02-10,FALSE,16408481,655917,10388055
145,20,2,3,2013-02-10,FALSE,13599182,486769,10388055
128,21,2,3,2013-02-10,TRUE,11220101,374074,10388055
116,22,2,3,2013-02-10,FALSE,8291072,297572,10388055
107,23,2,3,2013-02-10,FALSE,5655106,239321,10388055
87,0,3,3,2013-02-11,TRUE,3793419,229419,10388055
85,1,3,3,2013-02-11,FALSE,2514790,203047,10388055
89,2,3,3,2013-02-11,FALSE,1846564,235137,10388055
84,3,3,3,2013-02-11,TRUE,1632415,305994,10388055
85,4,3,3,2013-02-11,TRUE,2247045,444384,10388055
81,5,3,3,2013-02-11,TRUE,5186824,774325,10388055
81,6,3,3,2013-02-11,TRUE,10866409,1206051,10388055
80,7,3,3,2013-02-11,TRUE,15984740,1349972,10388055
80,8,3,3,2013-02-11,TRUE,17462577,1624836,10388055
86,9,3,3,2013-02-11,TRUE,19314963,1932103,10388055
80,10,3,3,2013-02-11,TRUE,21570894,1937699,10388055
85,11,3,3,2013-02-11,TRUE,20983137,1768677,10388055
87,12,3,3,2013-02-11,TRUE,19894414,1596595,10388055
92,13,3,3,2013-02-11,TRUE,21519196,1610557,10388055
92,14,3,3,2013-02-11,TRUE,22670554,1669824,10388055
93,15,3,3,2013-02-11,TRUE,23232147,1567158,10388055
93,16,3,3,2013-02-11,TRUE,23527400,1408343,10388055
94,17,3,3,2013-02-11,TRUE,24025597,1218600,10388055
93,18,3,3,2013-02-11,TRUE,21219880,899265,10388055
94,19,3,3,2013-02-11,FALSE,16408481,655917,10388055
95,20,3,3,2013-02-11,FALSE,13599182,486769,10388055
92,21,3,3,2013-02-11,TRUE,11220101,374074,10388055
86,22,3,3,2013-02-11,FALSE,8291072,297572,10388055
85,23,3,3,2013-02-11,FALSE,5655106,239321,10388055
84,0,0,4,2014-01-29,FALSE,3551327,179224,10369593
82,1,0,4,2014-01-29,FALSE,2379600,172692,10369593
82,2,0,4,2014-01-29,FALSE,1755680,206269,10369593
83,3,0,4,2014-01-29,FALSE,1560879,263359,10369593
80,4,0,4,2014-01-29,FALSE,2171128,394981,10369593
81,5,0,4,2014-01-29,FALSE,5066315,680975,10369593
83,6,0,4,2014-01-29,FALSE,10406430,1085883,10369593
84,7,0,4,2014-01-29,FALSE,15221692,1225733,10369593
85,8,0,4,2014-01-29,FALSE,16710517,1462189,10369593
85,9,0,4,2014-01-29,FALSE,18634958,1720856,10369593
87,10,0,4,2014-01-29,FALSE,20704719,1720531,10369593
92,11,0,4,2014-01-29,FALSE,20216244,1576422,10369593
102,12,0,4,2014-01-29,FALSE,19194886,1405197,10369593
113,13,0,4,2014-01-29,FALSE,20755272,1433045,10369593
125,14,0,4,2014-01-29,FALSE,21816978,1476089,10369593
139,15,0,4,2014-01-29,FALSE,22353936,1379857,10369593
142,16,0,4,2014-01-29,FALSE,22658379,1240158,10369593
156,17,0,4,2014-01-29,FALSE,23013125,1060793,10369593
186,18,0,4,2014-01-29,FALSE,20109610,768213,10369593
194,19,0,4,2014-01-29,FALSE,15455642,553550,10369593
222,20,0,4,2014-01-29,FALSE,12710244,405901,10369593
239,21,0,4,2014-01-29,FALSE,10473982,311397,10369593
222,22,0,4,2014-01-29,FALSE,7763743,239495,10369593
229,23,0,4,2014-01-29,FALSE,5279820,199497,10369593
155,0,1,4,2014-01-30,FALSE,3551327,179224,10369593
158,1,1,4,2014-01-30,FALSE,2379600,172692,10369593
150,2,1,4,2014-01-30,FALSE,1755680,206269,10369593
146,3,1,4,2014-01-30,FALSE,1560879,263359,10369593
154,4,1,4,2014-01-30,FALSE,2171128,394981,10369593
148,5,1,4,2014-01-30,FALSE,5066315,680975,10369593
152,6,1,4,2014-01-30,FALSE,10406430,1085883,10369593
168,7,1,4,2014-01-30,FALSE,15221692,1225733,10369593
174,8,1,4,2014-01-30,FALSE,16710517,1462189,10369593
177,9,1,4,2014-01-30,TRUE,18634958,1720856,10369593
203,10,1,4,2014-01-30,FALSE,20704719,1720531,10369593
205,11,1,4,2014-01-30,FALSE,20216244,1576422,10369593
225,12,1,4,2014-01-30,TRUE,19194886,1405197,10369593
216,13,1,4,2014-01-30,FALSE,20755272,1433045,10369593
206,14,1,4,2014-01-30,FALSE,21816978,1476089,10369593
187,15,1,4,2014-01-30,FALSE,22353936,1379857,10369593
172,16,1,4,2014-01-30,FALSE,22658379,1240158,10369593
157,17,1,4,2014-01-30,FALSE,23013125,1060793,10369593
146,18,1,4,2014-01-30,FALSE,20109610,768213,10369593
134,19,1,4,2014-01-30,FALSE,15455642,553550,10369593
121,20,1,4,2014-01-30,FALSE,12710244,405901,10369593
110,21,1,4,2014-01-30,FALSE,10473982,311397,10369593
102,22,1,4,2014-01-30,FALSE,7763743,239495,10369593
99,23,1,4,2014-01-30,FALSE,5279820,199497,10369593
81,0,2,4,2014-01-31,FALSE,3551327,179224,10369593
82,1,2,4,2014-01-31,FALSE,2379600,172692,10369593
83,2,2,4,2014-01-31,FALSE,1755680,206269,10369593
85,3,2,4,2014-01-31,FALSE,1560879,263359,10369593
87,4,2,4,2014-01-31,FALSE,2171128,394981,10369593
87,5,2,4,2014-01-31,FALSE,5066315,680975,10369593
89,6,2,4,2014-01-31,FALSE,10406430,1085883,10369593
87,7,2,4,2014-01-31,FALSE,15221692,1225733,10369593
90,8,2,4,2014-01-31,FALSE,16710517,1462189,10369593
89,9,2,4,2014-01-31,FALSE,18634958,1720856,10369593
87,10,2,4,2014-01-31,FALSE,20704719,1720531,10369593
88,11,2,4,2014-01-31,FALSE,20216244,1576422,10369593
97,12,2,4,2014-01-31,FALSE,19194886,1405197,10369593
107,13,2,4,2014-01-31,FALSE,20755272,1433045,10369593
119,14,2,4,2014-01-31,FALSE,21816978,1476089,10369593
135,15,2,4,2014-01-31,FALSE,22353936,1379857,10369593
146,16,2,4,2014-01-31,FALSE,22658379,1240158,10369593
133,17,2,4,2014-01-31,FALSE,23013125,1060793,10369593
144,18,2,4,2014-01-31,FALSE,20109610,768213,10369593
168,19,2,4,2014-01-31,FALSE,15455642,553550,10369593
161,20,2,4,2014-01-31,FALSE,12710244,405901,10369593
144,21,2,4,2014-01-31,FALSE,10473982,311397,10369593
127,22,2,4,2014-01-31,FALSE,7763743,239495,10369593
114,23,2,4,2014-01-31,FALSE,5279820,199497,10369593
82,0,3,4,2014-02-01,FALSE,3551327,179224,10369593
82,1,3,4,2014-02-01,FALSE,2379600,172692,10369593
87,2,3,4,2014-02-01,FALSE,1755680,206269,10369593
83,3,3,4,2014-02-01,FALSE,1560879,263359,10369593
82,4,3,4,2014-02-01,FALSE,2171128,394981,10369593
82,5,3,4,2014-02-01,FALSE,5066315,680975,10369593
80,6,3,4,2014-02-01,FALSE,10406430,1085883,10369593
80,7,3,4,2014-02-01,FALSE,15221692,1225733,10369593
79,8,3,4,2014-02-01,FALSE,16710517,1462189,10369593
79,9,3,4,2014-02-01,FALSE,18634958,1720856,10369593
81,10,3,4,2014-02-01,FALSE,20704719,1720531,10369593
82,11,3,4,2014-02-01,FALSE,20216244,1576422,10369593
85,12,3,4,2014-02-01,FALSE,19194886,1405197,10369593
88,13,3,4,2014-02-01,FALSE,20755272,1433045,10369593
88,14,3,4,2014-02-01,FALSE,21816978,1476089,10369593
89,15,3,4,2014-02-01,FALSE,22353936,1379857,10369593
91,16,3,4,2014-02-01,FALSE,22658379,1240158,10369593
94,17,3,4,2014-02-01,FALSE,23013125,1060793,10369593
90,18,3,4,2014-02-01,FALSE,20109610,768213,10369593
98,19,3,4,2014-02-01,FALSE,15455642,553550,10369593
102,20,3,4,2014-02-01,FALSE,12710244,405901,10369593
90,21,3,4,2014-02-01,TRUE,10473982,311397,10369593
96,22,3,4,2014-02-01,FALSE,7763743,239495,10369593
87,23,3,4,2014-02-01,FALSE,5279820,199497,10369593
80,0,4,4,2014-02-02,FALSE,3551327,179224,10369593
80,1,4,4,2014-02-02,FALSE,2379600,172692,10369593
83,2,4,4,2014-02-02,FALSE,1755680,206269,10369593
82,3,4,4,2014-02-02,FALSE,1560879,263359,10369593
85,4,4,4,2014-02-02,FALSE,2171128,394981,10369593
87,5,4,4,2014-02-02,FALSE,5066315,680975,10369593
84,6,4,4,2014-02-02,TRUE,10406430,1085883,10369593
81,7,4,4,2014-02-02,FALSE,15221692,1225733,10369593
81,8,4,4,2014-02-02,FALSE,16710517,1462189,10369593
82,9,4,4,2014-02-02,FALSE,18634958,1720856,10369593
84,10,4,4,2014-02-02,FALSE,20704719,1720531,10369593
84,11,4,4,2014-02-02,FALSE,20216244,1576422,10369593
87,12,4,4,2014-02-02,FALSE,19194886,1405197,10369593
89,13,4,4,2014-02-02,FALSE,20755272,1433045,10369593
91,14,4,4,2014-02-02,FALSE,21816978,1476089,10369593
89,15,4,4,2014-02-02,FALSE,22353936,1379857,10369593
92,16,4,4,2014-02-02,FALSE,22658379,1240158,10369593
88,17,4,4,2014-02-02,FALSE,23013125,1060793,10369593
95,18,4,4,2014-02-02,FALSE,20109610,768213,10369593
91,19,4,4,2014-02-02,FALSE,15455642,553550,10369593
85,20,4,4,2014-02-02,FALSE,12710244,405901,10369593
90,21,4,4,2014-02-02,FALSE,10473982,311397,10369593
87,22,4,4,2014-02-02,FALSE,7763743,239495,10369593
85,23,4,4,2014-02-02,FALSE,5279820,199497,10369593
97,0,0,5,2015-02-17,TRUE,3117065,141548,10297138
81,1,0,5,2015-02-17,FALSE,2088998,141617,10297138
83,2,0,5,2015-02-17,FALSE,1541438,154967,10297138
92,3,0,5,2015-02-17,TRUE,1393356,200633,10297138
82,4,0,5,2015-02-17,FALSE,1965195,313330,10297138
83,5,0,5,2015-02-17,FALSE,4642716,569084,10297138
101,6,0,5,2015-02-17,FALSE,9289639,910190,10297138
96,7,0,5,2015-02-17,FALSE,13384876,1032145,10297138
93,8,0,5,2015-02-17,FALSE,14753459,1209263,10297138
86,9,0,5,2015-02-17,FALSE,16662426,1416714,10297138
93,10,0,5,2015-02-17,FALSE,18460017,1404372,10297138
90,11,0,5,2015-02-17,FALSE,17990220,1278377,10297138
112,12,0,5,2015-02-17,FALSE,17145747,1155349,10297138
113,13,0,5,2015-02-17,FALSE,18521112,1172609,10297138
126,14,0,5,2015-02-17,FALSE,19422715,1201678,10297138
139,15,0,5,2015-02-17,FALSE,19877237,1126585,10297138
151,16,0,5,2015-02-17,FALSE,20110893,1012096,10297138
167,17,0,5,2015-02-17,FALSE,20261661,870086,10297138
176,18,0,5,2015-02-17,FALSE,17543348,614827,10297138
187,19,0,5,2015-02-17,FALSE,13465160,442135,10297138
227,20,0,5,2015-02-17,FALSE,11171349,323293,10297138
243,21,0,5,2015-02-17,FALSE,9194389,240153,10297138
249,22,0,5,2015-02-17,FALSE,6796676,185327,10297138
246,23,0,5,2015-02-17,FALSE,4636096,157563,10297138
219,0,1,5,2015-02-18,FALSE,3117065,141548,10297138
201,1,1,5,2015-02-18,FALSE,2088998,141617,10297138
188,2,1,5,2015-02-18,FALSE,1541438,154967,10297138
173,3,1,5,2015-02-18,FALSE,1393356,200633,10297138
178,4,1,5,2015-02-18,FALSE,1965195,313330,10297138
166,5,1,5,2015-02-18,FALSE,4642716,569084,10297138
157,6,1,5,2015-02-18,FALSE,9289639,910190,10297138
181,7,1,5,2015-02-18,FALSE,13384876,1032145,10297138
171,8,1,5,2015-02-18,FALSE,14753459,1209263,10297138
182,9,1,5,2015-02-18,FALSE,16662426,1416714,10297138
203,10,1,5,2015-02-18,FALSE,18460017,1404372,10297138
215,11,1,5,2015-02-18,FALSE,17990220,1278377,10297138
242,12,1,5,2015-02-18,FALSE,17145747,1155349,10297138
251,13,1,5,2015-02-18,FALSE,18521112,1172609,10297138
243,14,1,5,2015-02-18,FALSE,19422715,1201678,10297138
203,15,1,5,2015-02-18,FALSE,19877237,1126585,10297138
196,16,1,5,2015-02-18,FALSE,20110893,1012096,10297138
182,17,1,5,2015-02-18,FALSE,20261661,870086,10297138
171,18,1,5,2015-02-18,FALSE,17543348,614827,10297138
160,19,1,5,2015-02-18,FALSE,13465160,442135,10297138
144,20,1,5,2015-02-18,FALSE,11171349,323293,10297138
126,21,1,5,2015-02-18,FALSE,9194389,240153,10297138
113,22,1,5,2015-02-18,FALSE,6796676,185327,10297138
104,23,1,5,2015-02-18,FALSE,4636096,157563,10297138
84,0,2,5,2015-02-19,FALSE,3117065,141548,10297138
85,1,2,5,2015-02-19,FALSE,2088998,141617,10297138
83,2,2,5,2015-02-19,FALSE,1541438,154967,10297138
90,3,2,5,2015-02-19,FALSE,1393356,200633,10297138
87,4,2,5,2015-02-19,FALSE,1965195,313330,10297138
88,5,2,5,2015-02-19,FALSE,4642716,569084,10297138
89,6,2,5,2015-02-19,FALSE,9289639,910190,10297138
89,7,2,5,2015-02-19,FALSE,13384876,1032145,10297138
94,8,2,5,2015-02-19,FALSE,14753459,1209263,10297138
94,9,2,5,2015-02-19,FALSE,16662426,1416714,10297138
99,10,2,5,2015-02-19,FALSE,18460017,1404372,10297138
103,11,2,5,2015-02-19,FALSE,17990220,1278377,10297138
113,12,2,5,2015-02-19,FALSE,17145747,1155349,10297138
128,13,2,5,2015-02-19,FALSE,18521112,1172609,10297138
143,14,2,5,2015-02-19,FALSE,19422715,1201678,10297138
158,15,2,5,2015-02-19,FALSE,19877237,1126585,10297138
147,16,2,5,2015-02-19,FALSE,20110893,1012096,10297138
183,17,2,5,2015-02-19,FALSE,20261661,870086,10297138
200,18,2,5,2015-02-19,FALSE,17543348,614827,10297138
184,19,2,5,2015-02-19,FALSE,13465160,442135,10297138
206,20,2,5,2015-02-19,FALSE,11171349,323293,10297138
192,21,2,5,2015-02-19,FALSE,9194389,240153,10297138
165,22,2,5,2015-02-19,FALSE,6796676,185327,10297138
141,23,2,5,2015-02-19,FALSE,4636096,157563,10297138
96,0,3,5,2015-02-20,FALSE,3117065,141548,10297138
92,1,3,5,2015-02-20,FALSE,2088998,141617,10297138
84,2,3,5,2015-02-20,FALSE,1541438,154967,10297138
91,3,3,5,2015-02-20,FALSE,1393356,200633,10297138
89,4,3,5,2015-02-20,FALSE,1965195,313330,10297138
92,5,3,5,2015-02-20,FALSE,4642716,569084,10297138
85,6,3,5,2015-02-20,FALSE,9289639,910190,10297138
87,7,3,5,2015-02-20,FALSE,13384876,1032145,10297138
84,8,3,5,2015-02-20,FALSE,14753459,1209263,10297138
89,9,3,5,2015-02-20,FALSE,16662426,1416714,10297138
88,10,3,5,2015-02-20,FALSE,18460017,1404372,10297138
89,11,3,5,2015-02-20,FALSE,17990220,1278377,10297138
92,12,3,5,2015-02-20,FALSE,17145747,1155349,10297138
103,13,3,5,2015-02-20,FALSE,18521112,1172609,10297138
103,14,3,5,2015-02-20,FALSE,19422715,1201678,10297138
99,15,3,5,2015-02-20,FALSE,19877237,1126585,10297138
96,16,3,5,2015-02-20,FALSE,20110893,1012096,10297138
93,17,3,5,2015-02-20,FALSE,20261661,870086,10297138
93,18,3,5,2015-02-20,FALSE,17543348,614827,10297138
90,19,3,5,2015-02-20,FALSE,13465160,442135,10297138
89,20,3,5,2015-02-20,FALSE,11171349,323293,10297138
87,21,3,5,2015-02-20,FALSE,9194389,240153,10297138
85,22,3,5,2015-02-20,FALSE,6796676,185327,10297138
85,23,3,5,2015-02-20,FALSE,4636096,157563,10297138
81,0,4,5,2015-02-21,FALSE,3117065,141548,10297138
81,1,4,5,2015-02-21,FALSE,2088998,141617,10297138
81,2,4,5,2015-02-21,FALSE,1541438,154967,10297138
79,3,4,5,2015-02-21,FALSE,1393356,200633,10297138
84,4,4,5,2015-02-21,FALSE,1965195,313330,10297138
79,5,4,5,2015-02-21,FALSE,4642716,569084,10297138
81,6,4,5,2015-02-21,FALSE,9289639,910190,10297138
83,7,4,5,2015-02-21,FALSE,13384876,1032145,10297138
83,8,4,5,2015-02-21,FALSE,14753459,1209263,10297138
85,9,4,5,2015-02-21,TRUE,16662426,1416714,10297138
86,10,4,5,2015-02-21,FALSE,18460017,1404372,10297138
84,11,4,5,2015-02-21,FALSE,17990220,1278377,10297138
88,12,4,5,2015-02-21,TRUE,17145747,1155349,10297138
92,13,4,5,2015-02-21,FALSE,18521112,1172609,10297138
88,14,4,5,2015-02-21,FALSE,19422715,1201678,10297138
94,15,4,5,2015-02-21,TRUE,19877237,1126585,10297138
94,16,4,5,2015-02-21,FALSE,20110893,1012096,10297138
93,17,4,5,2015-02-21,FALSE,20261661,870086,10297138
87,18,4,5,2015-02-21,TRUE,17543348,614827,10297138
92,19,4,5,2015-02-21,FALSE,13465160,442135,10297138
90,20,4,5,2015-02-21,FALSE,11171349,323293,10297138
90,21,4,5,2015-02-21,FALSE,9194389,240153,10297138
88,22,4,5,2015-02-21,FALSE,6796676,185327,10297138
88,23,4,5,2015-02-21,FALSE,4636096,157563,10297138
82,0,5,5,2015-02-22,TRUE,3117065,141548,10297138
81,1,5,5,2015-02-22,FALSE,2088998,141617,10297138
81,2,5,5,2015-02-22,FALSE,1541438,154967,10297138
86,3,5,5,2015-02-22,FALSE,1393356,200633,10297138
84,4,5,5,2015-02-22,FALSE,1965195,313330,10297138
83,5,5,5,2015-02-22,FALSE,4642716,569084,10297138
87,6,5,5,2015-02-22,TRUE,9289639,910190,10297138
82,7,5,5,2015-02-22,FALSE,13384876,1032145,10297138
79,8,5,5,2015-02-22,FALSE,14753459,1209263,10297138
82,9,5,5,2015-02-22,TRUE,16662426,1416714,10297138
81,10,5,5,2015-02-22,FALSE,18460017,1404372,10297138
81,11,5,5,2015-02-22,FALSE,17990220,1278377,10297138
84,12,5,5,2015-02-22,FALSE,17145747,1155349,10297138
83,13,5,5,2015-02-22,FALSE,18521112,1172609,10297138
85,14,5,5,2015-02-22,FALSE,19422715,1201678,10297138
86,15,5,5,2015-02-22,FALSE,19877237,1126585,10297138
86,16,5,5,2015-02-22,FALSE,20110893,1012096,10297138
87,17,5,5,2015-02-22,FALSE,20261661,870086,10297138
86,18,5,5,2015-02-22,FALSE,17543348,614827,10297138
87,19,5,5,2015-02-22,FALSE,13465160,442135,10297138
87,20,5,5,2015-02-22,FALSE,11171349,323293,10297138
86,21,5,5,2015-02-22,FALSE,9194389,240153,10297138
85,22,5,5,2015-02-22,FALSE,6796676,185327,10297138
79,23,5,5,2015-02-22,FALSE,4636096,157563,10297138
89,0,0,5,2016-02-05,FALSE,2706973,96578,10204057
86,1,0,5,2016-02-05,FALSE,1815228,78417,10204057
79,2,0,5,2016-02-05,FALSE,1359409,89500,10204057
99,3,0,5,2016-02-05,FALSE,1249521,112973,10204057
80,4,0,5,2016-02-05,FALSE,1801639,167600,10204057
95,5,0,5,2016-02-05,FALSE,4287764,324479,10204057
77,6,0,5,2016-02-05,FALSE,8441728,558332,10204057
89,7,0,5,2016-02-05,FALSE,11822108,659376,10204057
82,8,0,5,2016-02-05,FALSE,13042669,753270,10204057
83,9,0,5,2016-02-05,FALSE,14741221,878756,10204057
86,10,0,5,2016-02-05,FALSE,16261852,870652,10204057
88,11,0,5,2016-02-05,FALSE,15845765,785595,10204057
89,12,0,5,2016-02-05,FALSE,15228030,708294,10204057
95,13,0,5,2016-02-05,FALSE,16377493,737983,10204057
102,14,0,5,2016-02-05,FALSE,17082184,759073,10204057
129,15,0,5,2016-02-05,FALSE,17461369,714457,10204057
118,16,0,5,2016-02-05,FALSE,17738057,647568,10204057
124,17,0,5,2016-02-05,FALSE,17752358,553728,10204057
133,18,0,5,2016-02-05,FALSE,15218892,377864,10204057
138,19,0,5,2016-02-05,FALSE,11688169,270337,10204057
134,20,0,5,2016-02-05,FALSE,9649126,191731,10204057
117,21,0,5,2016-02-05,FALSE,7968672,137673,10204057
110,22,0,5,2016-02-05,FALSE,5872744,104733,10204057
111,23,0,5,2016-02-05,FALSE,4003949,85913,10204057
84,0,1,5,2016-02-06,FALSE,2706973,96578,10204057
84,1,1,5,2016-02-06,FALSE,1815228,78417,10204057
88,2,1,5,2016-02-06,FALSE,1359409,89500,10204057
87,3,1,5,2016-02-06,FALSE,1249521,112973,10204057
91,4,1,5,2016-02-06,FALSE,1801639,167600,10204057
89,5,1,5,2016-02-06,FALSE,4287764,324479,10204057
98,6,1,5,2016-02-06,FALSE,8441728,558332,10204057
101,7,1,5,2016-02-06,FALSE,11822108,659376,10204057
104,8,1,5,2016-02-06,FALSE,13042669,753270,10204057
111,9,1,5,2016-02-06,FALSE,14741221,878756,10204057
115,10,1,5,2016-02-06,FALSE,16261852,870652,10204057
109,11,1,5,2016-02-06,FALSE,15845765,785595,10204057
113,12,1,5,2016-02-06,FALSE,15228030,708294,10204057
123,13,1,5,2016-02-06,FALSE,16377493,737983,10204057
124,14,1,5,2016-02-06,FALSE,17082184,759073,10204057
123,15,1,5,2016-02-06,FALSE,17461369,714457,10204057
127,16,1,5,2016-02-06,FALSE,17738057,647568,10204057
127,17,1,5,2016-02-06,FALSE,17752358,553728,10204057
116,18,1,5,2016-02-06,FALSE,15218892,377864,10204057
127,19,1,5,2016-02-06,FALSE,11688169,270337,10204057
120,20,1,5,2016-02-06,FALSE,9649126,191731,10204057
114,21,1,5,2016-02-06,FALSE,7968672,137673,10204057
107,22,1,5,2016-02-06,FALSE,5872744,104733,10204057
102,23,1,5,2016-02-06,FALSE,4003949,85913,10204057
88,0,2,5,2016-02-07,FALSE,2706973,96578,10204057
88,1,2,5,2016-02-07,FALSE,1815228,78417,10204057
93,2,2,5,2016-02-07,FALSE,1359409,89500,10204057
92,3,2,5,2016-02-07,FALSE,1249521,112973,10204057
86,4,2,5,2016-02-07,FALSE,1801639,167600,10204057
90,5,2,5,2016-02-07,FALSE,4287764,324479,10204057
95,6,2,5,2016-02-07,FALSE,8441728,558332,10204057
95,7,2,5,2016-02-07,FALSE,11822108,659376,10204057
100,8,2,5,2016-02-07,FALSE,13042669,753270,10204057
105,9,2,5,2016-02-07,FALSE,14741221,878756,10204057
101,10,2,5,2016-02-07,FALSE,16261852,870652,10204057
107,11,2,5,2016-02-07,FALSE,15845765,785595,10204057
111,12,2,5,2016-02-07,FALSE,15228030,708294,10204057
112,13,2,5,2016-02-07,FALSE,16377493,737983,10204057
105,14,2,5,2016-02-07,FALSE,17082184,759073,10204057
114,15,2,5,2016-02-07,FALSE,17461369,714457,10204057
117,16,2,5,2016-02-07,FALSE,17738057,647568,10204057
110,17,2,5,2016-02-07,FALSE,17752358,553728,10204057
118,18,2,5,2016-02-07,FALSE,15218892,377864,10204057
112,19,2,5,2016-02-07,FALSE,11688169,270337,10204057
104,20,2,5,2016-02-07,FALSE,9649126,191731,10204057
98,21,2,5,2016-02-07,FALSE,7968672,137673,10204057
94,22,2,5,2016-02-07,FALSE,5872744,104733,10204057
90,23,2,5,2016-02-07,FALSE,4003949,85913,10204057
82,0,3,5,2016-02-08,FALSE,2706973,96578,10204057
78,1,3,5,2016-02-08,FALSE,1815228,78417,10204057
92,2,3,5,2016-02-08,FALSE,1359409,89500,10204057
80,3,3,5,2016-02-08,FALSE,1249521,112973,10204057
93,4,3,5,2016-02-08,FALSE,1801639,167600,10204057
92,5,3,5,2016-02-08,FALSE,4287764,324479,10204057
90,6,3,5,2016-02-08,FALSE,8441728,558332,10204057
90,7,3,5,2016-02-08,FALSE,11822108,659376,10204057
93,8,3,5,2016-02-08,FALSE,13042669,753270,10204057
92,9,3,5,2016-02-08,FALSE,14741221,878756,10204057
91,10,3,5,2016-02-08,FALSE,16261852,870652,10204057
91,11,3,5,2016-02-08,FALSE,15845765,785595,10204057
104,12,3,5,2016-02-08,FALSE,15228030,708294,10204057
118,13,3,5,2016-02-08,FALSE,16377493,737983,10204057
133,14,3,5,2016-02-08,FALSE,17082184,759073,10204057
150,15,3,5,2016-02-08,FALSE,17461369,714457,10204057
142,16,3,5,2016-02-08,FALSE,17738057,647568,10204057
180,17,3,5,2016-02-08,FALSE,17752358,553728,10204057
192,18,3,5,2016-02-08,FALSE,15218892,377864,10204057
192,19,3,5,2016-02-08,FALSE,11688169,270337,10204057
187,20,3,5,2016-02-08,FALSE,9649126,191731,10204057
164,21,3,5,2016-02-08,FALSE,7968672,137673,10204057
141,22,3,5,2016-02-08,FALSE,5872744,104733,10204057
124,23,3,5,2016-02-08,FALSE,4003949,85913,10204057
81,0,4,5,2016-02-09,FALSE,2706973,96578,10204057
85,1,4,5,2016-02-09,FALSE,1815228,78417,10204057
85,2,4,5,2016-02-09,FALSE,1359409,89500,10204057
81,3,4,5,2016-02-09,FALSE,1249521,112973,10204057
88,4,4,5,2016-02-09,FALSE,1801639,167600,10204057
96,5,4,5,2016-02-09,FALSE,4287764,324479,10204057
97,6,4,5,2016-02-09,FALSE,8441728,558332,10204057
84,7,4,5,2016-02-09,FALSE,11822108,659376,10204057
82,8,4,5,2016-02-09,FALSE,13042669,753270,10204057
82,9,4,5,2016-02-09,FALSE,14741221,878756,10204057
83,10,4,5,2016-02-09,FALSE,16261852,870652,10204057
82,11,4,5,2016-02-09,FALSE,15845765,785595,10204057
86,12,4,5,2016-02-09,FALSE,15228030,708294,10204057
92,13,4,5,2016-02-09,FALSE,16377493,737983,10204057
95,14,4,5,2016-02-09,FALSE,17082184,759073,10204057
94,15,4,5,2016-02-09,FALSE,17461369,714457,10204057
93,16,4,5,2016-02-09,FALSE,17738057,647568,10204057
93,17,4,5,2016-02-09,FALSE,17752358,553728,10204057
91,18,4,5,2016-02-09,FALSE,15218892,377864,10204057
86,19,4,5,2016-02-09,FALSE,11688169,270337,10204057
84,20,4,5,2016-02-09,FALSE,9649126,191731,10204057
87,21,4,5,2016-02-09,FALSE,7968672,137673,10204057
85,22,4,5,2016-02-09,FALSE,5872744,104733,10204057
81,23,4,5,2016-02-09,FALSE,4003949,85913,10204057
93,0,5,5,2016-02-10,FALSE,2706973,96578,10204057
91,1,5,5,2016-02-10,FALSE,1815228,78417,10204057
93,2,5,5,2016-02-10,FALSE,1359409,89500,10204057
78,3,5,5,2016-02-10,FALSE,1249521,112973,10204057
76,4,5,5,2016-02-10,FALSE,1801639,167600,10204057
75,5,5,5,2016-02-10,FALSE,4287764,324479,10204057
75,6,5,5,2016-02-10,FALSE,8441728,558332,10204057
87,7,5,5,2016-02-10,FALSE,11822108,659376,10204057
85,8,5,5,2016-02-10,FALSE,13042669,753270,10204057
84,9,5,5,2016-02-10,FALSE,14741221,878756,10204057
84,10,5,5,2016-02-10,FALSE,16261852,870652,10204057
84,11,5,5,2016-02-10,FALSE,15845765,785595,10204057
84,12,5,5,2016-02-10,FALSE,15228030,708294,10204057
87,13,5,5,2016-02-10,FALSE,16377493,737983,10204057
88,14,5,5,2016-02-10,FALSE,17082184,759073,10204057
89,15,5,5,2016-02-10,FALSE,17461369,714457,10204057
89,16,5,5,2016-02-10,FALSE,17738057,647568,10204057
87,17,5,5,2016-02-10,FALSE,17752358,553728,10204057
86,18,5,5,2016-02-10,FALSE,15218892,377864,10204057
83,19,5,5,2016-02-10,FALSE,11688169,270337,10204057
84,20,5,5,2016-02-10,FALSE,9649126,191731,10204057
85,21,5,5,2016-02-10,FALSE,7968672,137673,10204057
83,22,5,5,2016-02-10,FALSE,5872744,104733,10204057
87,23,5,5,2016-02-10,FALSE,4003949,85913,10204057
85,0,0,4,2017-01-26,TRUE,2263990,55522,10124579
89,1,0,4,2017-01-26,TRUE,1534668,56025,10124579
91,2,0,4,2017-01-26,TRUE,1146168,61401,10124579
94,3,0,4,2017-01-26,TRUE,1076856,81915,10124579
93,4,0,4,2017-01-26,TRUE,1586722,120295,10124579
86,5,0,4,2017-01-26,TRUE,3943211,240688,10124579
91,6,0,4,2017-01-26,TRUE,7695815,439642,10124579
81,7,0,4,2017-01-26,TRUE,10713741,533512,10124579
83,8,0,4,2017-01-26,TRUE,11863474,598953,10124579
85,9,0,4,2017-01-26,TRUE,13242181,688415,10124579
92,10,0,4,2017-01-26,TRUE,14473087,676177,10124579
104,11,0,4,2017-01-26,TRUE,14092662,607412,10124579
102,12,0,4,2017-01-26,TRUE,13599682,543005,10124579
111,13,0,4,2017-01-26,TRUE,14700451,577625,10124579
124,14,0,4,2017-01-26,TRUE,15286525,586611,10124579
139,15,0,4,2017-01-26,TRUE,15616153,553681,10124579
139,16,0,4,2017-01-26,TRUE,15978700,500434,10124579
165,17,0,4,2017-01-26,TRUE,16007163,430053,10124579
183,18,0,4,2017-01-26,TRUE,13614141,282458,10124579
195,19,0,4,2017-01-26,TRUE,10278326,194536,10124579
185,20,0,4,2017-01-26,TRUE,8327714,134453,10124579
192,21,0,4,2017-01-26,TRUE,6816494,93863,10124579
212,22,0,4,2017-01-26,TRUE,4954720,70169,10124579
207,23,0,4,2017-01-26,TRUE,3336994,61849,10124579
154,0,1,4,2017-01-27,TRUE,2263990,55522,10124579
149,1,1,4,2017-01-27,FALSE,1534668,56025,10124579
143,2,1,4,2017-01-27,FALSE,1146168,61401,10124579
162,3,1,4,2017-01-27,TRUE,1076856,81915,10124579
149,4,1,4,2017-01-27,FALSE,1586722,120295,10124579
165,5,1,4,2017-01-27,FALSE,3943211,240688,10124579
157,6,1,4,2017-01-27,FALSE,7695815,439642,10124579
170,7,1,4,2017-01-27,FALSE,10713741,533512,10124579
158,8,1,4,2017-01-27,FALSE,11863474,598953,10124579
144,9,1,4,2017-01-27,FALSE,13242181,688415,10124579
164,10,1,4,2017-01-27,FALSE,14473087,676177,10124579
152,11,1,4,2017-01-27,FALSE,14092662,607412,10124579
150,12,1,4,2017-01-27,FALSE,13599682,543005,10124579
144,13,1,4,2017-01-27,FALSE,14700451,577625,10124579
148,14,1,4,2017-01-27,FALSE,15286525,586611,10124579
139,15,1,4,2017-01-27,FALSE,15616153,553681,10124579
122,16,1,4,2017-01-27,FALSE,15978700,500434,10124579
129,17,1,4,2017-01-27,FALSE,16007163,430053,10124579
110,18,1,4,2017-01-27,FALSE,13614141,282458,10124579
113,19,1,4,2017-01-27,FALSE,10278326,194536,10124579
107,20,1,4,2017-01-27,FALSE,8327714,134453,10124579
100,21,1,4,2017-01-27,FALSE,6816494,93863,10124579
94,22,1,4,2017-01-27,FALSE,4954720,70169,10124579
90,23,1,4,2017-01-27,FALSE,3336994,61849,10124579
79,0,2,4,2017-01-28,FALSE,2263990,55522,10124579
80,1,2,4,2017-01-28,FALSE,1534668,56025,10124579
77,2,2,4,2017-01-28,FALSE,1146168,61401,10124579
79,3,2,4,2017-01-28,FALSE,1076856,81915,10124579
79,4,2,4,2017-01-28,FALSE,1586722,120295,10124579
78,5,2,4,2017-01-28,FALSE,3943211,240688,10124579
84,6,2,4,2017-01-28,FALSE,7695815,439642,10124579
87,7,2,4,2017-01-28,FALSE,10713741,533512,10124579
92,8,2,4,2017-01-28,FALSE,11863474,598953,10124579
93,9,2,4,2017-01-28,FALSE,13242181,688415,10124579
90,10,2,4,2017-01-28,FALSE,14473087,676177,10124579
89,11,2,4,2017-01-28,FALSE,14092662,607412,10124579
100,12,2,4,2017-01-28,FALSE,13599682,543005,10124579
111,13,2,4,2017-01-28,FALSE,14700451,577625,10124579
123,14,2,4,2017-01-28,FALSE,15286525,586611,10124579
141,15,2,4,2017-01-28,FALSE,15616153,553681,10124579
150,16,2,4,2017-01-28,FALSE,15978700,500434,10124579
156,17,2,4,2017-01-28,FALSE,16007163,430053,10124579
160,18,2,4,2017-01-28,FALSE,13614141,282458,10124579
155,19,2,4,2017-01-28,FALSE,10278326,194536,10124579
144,20,2,4,2017-01-28,FALSE,8327714,134453,10124579
128,21,2,4,2017-01-28,FALSE,6816494,93863,10124579
115,22,2,4,2017-01-28,FALSE,4954720,70169,10124579
108,23,2,4,2017-01-28,FALSE,3336994,61849,10124579
81,0,3,4,2017-01-29,FALSE,2263990,55522,10124579
80,1,3,4,2017-01-29,FALSE,1534668,56025,10124579
89,2,3,4,2017-01-29,FALSE,1146168,61401,10124579
87,3,3,4,2017-01-29,FALSE,1076856,81915,10124579
86,4,3,4,2017-01-29,FALSE,1586722,120295,10124579
83,5,3,4,2017-01-29,FALSE,3943211,240688,10124579
85,6,3,4,2017-01-29,FALSE,7695815,439642,10124579
80,7,3,4,2017-01-29,FALSE,10713741,533512,10124579
80,8,3,4,2017-01-29,FALSE,11863474,598953,10124579
80,9,3,4,2017-01-29,FALSE,13242181,688415,10124579
81,10,3,4,2017-01-29,FALSE,14473087,676177,10124579
83,11,3,4,2017-01-29,FALSE,14092662,607412,10124579
84,12,3,4,2017-01-29,TRUE,13599682,543005,10124579
86,13,3,4,2017-01-29,FALSE,14700451,577625,10124579
89,14,3,4,2017-01-29,FALSE,15286525,586611,10124579
93,15,3,4,2017-01-29,TRUE,15616153,553681,10124579
99,16,3,4,2017-01-29,FALSE,15978700,500434,10124579
100,17,3,4,2017-01-29,TRUE,16007163,430053,10124579
101,18,3,4,2017-01-29,TRUE,13614141,282458,10124579
99,19,3,4,2017-01-29,TRUE,10278326,194536,10124579
100,20,3,4,2017-01-29,TRUE,8327714,134453,10124579
98,21,3,4,2017-01-29,TRUE,6816494,93863,10124579
90,22,3,4,2017-01-29,TRUE,4954720,70169,10124579
93,23,3,4,2017-01-29,TRUE,3336994,61849,10124579
84,0,4,4,2017-01-30,TRUE,2263990,55522,10124579
87,1,4,4,2017-01-30,TRUE,1534668,56025,10124579
89,2,4,4,2017-01-30,TRUE,1146168,61401,10124579
95,3,4,4,2017-01-30,TRUE,1076856,81915,10124579
92,4,4,4,2017-01-30,TRUE,1586722,120295,10124579
106,5,4,4,2017-01-30,TRUE,3943211,240688,10124579
95,6,4,4,2017-01-30,TRUE,7695815,439642,10124579
83,7,4,4,2017-01-30,TRUE,10713741,533512,10124579
84,8,4,4,2017-01-30,TRUE,11863474,598953,10124579
90,9,4,4,2017-01-30,TRUE,13242181,688415,10124579
82,10,4,4,2017-01-30,TRUE,14473087,676177,10124579
90,11,4,4,2017-01-30,TRUE,14092662,607412,10124579
83,12,4,4,2017-01-30,TRUE,13599682,543005,10124579
84,13,4,4,2017-01-30,TRUE,14700451,577625,10124579
93,14,4,4,2017-01-30,TRUE,15286525,586611,10124579
94,15,4,4,2017-01-30,TRUE,15616153,553681,10124579
93,16,4,4,2017-01-30,TRUE,15978700,500434,10124579
92,17,4,4,2017-01-30,TRUE,16007163,430053,10124579
90,18,4,4,2017-01-30,TRUE,13614141,282458,10124579
87,19,4,4,2017-01-30,TRUE,10278326,194536,10124579
84,20,4,4,2017-01-30,TRUE,8327714,134453,10124579
84,21,4,4,2017-01-30,TRUE,6816494,93863,10124579
86,22,4,4,2017-01-30,TRUE,4954720,70169,10124579
85,23,4,4,2017-01-30,TRUE,3336994,61849,10124579
91,0,0,4,2018-02-14,FALSE,2062008,46739,10049607
87,1,0,4,2018-02-14,FALSE,1404611,48487,10049607
88,2,0,4,2018-02-14,FALSE,1075574,56086,10049607
90,3,0,4,2018-02-14,FALSE,1010519,68881,10049607
86,4,0,4,2018-02-14,FALSE,1513685,103093,10049607
86,5,0,4,2018-02-14,FALSE,3739115,188766,10049607
86,6,0,4,2018-02-14,FALSE,7130843,370566,10049607
83,7,0,4,2018-02-14,FALSE,10017061,461543,10049607
85,8,0,4,2018-02-14,FALSE,11151705,518635,10049607
87,9,0,4,2018-02-14,FALSE,12240786,592020,10049607
87,10,0,4,2018-02-14,FALSE,13237082,572941,10049607
91,11,0,4,2018-02-14,FALSE,12896834,515435,10049607
103,12,0,4,2018-02-14,FALSE,12505601,460235,10049607
103,13,0,4,2018-02-14,FALSE,13521478,488713,10049607
118,14,0,4,2018-02-14,FALSE,14037169,500614,10049607
119,15,0,4,2018-02-14,FALSE,14342853,469771,10049607
131,16,0,4,2018-02-14,FALSE,14725316,425221,10049607
145,17,0,4,2018-02-14,FALSE,14811510,358830,10049607
158,18,0,4,2018-02-14,FALSE,12616185,229294,10049607
170,19,0,4,2018-02-14,FALSE,9387736,154941,10049607
160,20,0,4,2018-02-14,FALSE,7572362,108346,10049607
177,21,0,4,2018-02-14,FALSE,6205753,77044,10049607
176,22,0,4,2018-02-14,FALSE,4511182,58402,10049607
168,23,0,4,2018-02-14,FALSE,3057070,55743,10049607
123,0,1,4,2018-02-15,FALSE,2062008,46739,10049607
135,1,1,4,2018-02-15,FALSE,1404611,48487,10049607
133,2,1,4,2018-02-15,FALSE,1075574,56086,10049607
146,3,1,4,2018-02-15,FALSE,1010519,68881,10049607
138,4,1,4,2018-02-15,FALSE,1513685,103093,10049607
131,5,1,4,2018-02-15,FALSE,3739115,188766,10049607
143,6,1,4,2018-02-15,FALSE,7130843,370566,10049607
163,7,1,4,2018-02-15,FALSE,10017061,461543,10049607
145,8,1,4,2018-02-15,FALSE,11151705,518635,10049607
156,9,1,4,2018-02-15,FALSE,12240786,592020,10049607
166,10,1,4,2018-02-15,FALSE,13237082,572941,10049607
191,11,1,4,2018-02-15,FALSE,12896834,515435,10049607
205,12,1,4,2018-02-15,FALSE,12505601,460235,10049607
187,13,1,4,2018-02-15,FALSE,13521478,488713,10049607
191,14,1,4,2018-02-15,FALSE,14037169,500614,10049607
181,15,1,4,2018-02-15,FALSE,14342853,469771,10049607
169,16,1,4,2018-02-15,FALSE,14725316,425221,10049607
160,17,1,4,2018-02-15,FALSE,14811510,358830,10049607
148,18,1,4,2018-02-15,FALSE,12616185,229294,10049607
133,19,1,4,2018-02-15,FALSE,9387736,154941,10049607
120,20,1,4,2018-02-15,FALSE,7572362,108346,10049607
112,21,1,4,2018-02-15,FALSE,6205753,77044,10049607
104,22,1,4,2018-02-15,FALSE,4511182,58402,10049607
99,23,1,4,2018-02-15,FALSE,3057070,55743,10049607
76,0,2,4,2018-02-16,FALSE,2062008,46739,10049607
87,1,2,4,2018-02-16,FALSE,1404611,48487,10049607
90,2,2,4,2018-02-16,FALSE,1075574,56086,10049607
85,3,2,4,2018-02-16,FALSE,1010519,68881,10049607
82,4,2,4,2018-02-16,FALSE,1513685,103093,10049607
85,5,2,4,2018-02-16,FALSE,3739115,188766,10049607
101,6,2,4,2018-02-16,FALSE,7130843,370566,10049607
92,7,2,4,2018-02-16,FALSE,10017061,461543,10049607
94,8,2,4,2018-02-16,FALSE,11151705,518635,10049607
97,9,2,4,2018-02-16,FALSE,12240786,592020,10049607
95,10,2,4,2018-02-16,FALSE,13237082,572941,10049607
98,11,2,4,2018-02-16,FALSE,12896834,515435,10049607
107,12,2,4,2018-02-16,FALSE,12505601,460235,10049607
109,13,2,4,2018-02-16,FALSE,13521478,488713,10049607
129,14,2,4,2018-02-16,FALSE,14037169,500614,10049607
134,15,2,4,2018-02-16,FALSE,14342853,469771,10049607
147,16,2,4,2018-02-16,FALSE,14725316,425221,10049607
155,17,2,4,2018-02-16,FALSE,14811510,358830,10049607
154,18,2,4,2018-02-16,FALSE,12616185,229294,10049607
148,19,2,4,2018-02-16,FALSE,9387736,154941,10049607
133,20,2,4,2018-02-16,FALSE,7572362,108346,10049607
119,21,2,4,2018-02-16,FALSE,6205753,77044,10049607
111,22,2,4,2018-02-16,FALSE,4511182,58402,10049607
102,23,2,4,2018-02-16,FALSE,3057070,55743,10049607
86,0,3,4,2018-02-17,FALSE,2062008,46739,10049607
84,1,3,4,2018-02-17,FALSE,1404611,48487,10049607
83,2,3,4,2018-02-17,FALSE,1075574,56086,10049607
89,3,3,4,2018-02-17,FALSE,1010519,68881,10049607
82,4,3,4,2018-02-17,FALSE,1513685,103093,10049607
82,5,3,4,2018-02-17,FALSE,3739115,188766,10049607
86,6,3,4,2018-02-17,FALSE,7130843,370566,10049607
79,7,3,4,2018-02-17,FALSE,10017061,461543,10049607
80,8,3,4,2018-02-17,FALSE,11151705,518635,10049607
81,9,3,4,2018-02-17,FALSE,12240786,592020,10049607
84,10,3,4,2018-02-17,FALSE,13237082,572941,10049607
83,11,3,4,2018-02-17,FALSE,12896834,515435,10049607
88,12,3,4,2018-02-17,FALSE,12505601,460235,10049607
89,13,3,4,2018-02-17,FALSE,13521478,488713,10049607
92,14,3,4,2018-02-17,FALSE,14037169,500614,10049607
93,15,3,4,2018-02-17,FALSE,14342853,469771,10049607
95,16,3,4,2018-02-17,FALSE,14725316,425221,10049607
96,17,3,4,2018-02-17,FALSE,14811510,358830,10049607
92,18,3,4,2018-02-17,FALSE,12616185,229294,10049607
91,19,3,4,2018-02-17,FALSE,9387736,154941,10049607
88,20,3,4,2018-02-17,FALSE,7572362,108346,10049607
85,21,3,4,2018-02-17,FALSE,6205753,77044,10049607
88,22,3,4,2018-02-17,FALSE,4511182,58402,10049607
84,23,3,4,2018-02-17,FALSE,3057070,55743,10049607
76,0,4,4,2018-02-18,FALSE,2062008,46739,10049607
86,1,4,4,2018-02-18,FALSE,1404611,48487,10049607
75,2,4,4,2018-02-18,FALSE,1075574,56086,10049607
91,3,4,4,2018-02-18,FALSE,1010519,68881,10049607
87,4,4,4,2018-02-18,FALSE,1513685,103093,10049607
85,5,4,4,2018-02-18,FALSE,3739115,188766,10049607
84,6,4,4,2018-02-18,FALSE,7130843,370566,10049607
82,7,4,4,2018-02-18,FALSE,10017061,461543,10049607
80,8,4,4,2018-02-18,FALSE,11151705,518635,10049607
80,9,4,4,2018-02-18,FALSE,12240786,592020,10049607
80,10,4,4,2018-02-18,FALSE,13237082,572941,10049607
81,11,4,4,2018-02-18,FALSE,12896834,515435,10049607
81,12,4,4,2018-02-18,FALSE,12505601,460235,10049607
87,13,4,4,2018-02-18,FALSE,13521478,488713,10049607
91,14,4,4,2018-02-18,FALSE,14037169,500614,10049607
89,15,4,4,2018-02-18,FALSE,14342853,469771,10049607
88,16,4,4,2018-02-18,FALSE,14725316,425221,10049607
88,17,4,4,2018-02-18,FALSE,14811510,358830,10049607
90,18,4,4,2018-02-18,FALSE,12616185,229294,10049607
90,19,4,4,2018-02-18,FALSE,9387736,154941,10049607
91,20,4,4,2018-02-18,FALSE,7572362,108346,10049607
90,21,4,4,2018-02-18,FALSE,6205753,77044,10049607
88,22,4,4,2018-02-18,FALSE,4511182,58402,10049607
87,23,4,4,2018-02-18,FALSE,3057070,55743,10049607
78,0,0,5,2019-02-01,FALSE,1845457,41581,10010983
82,1,0,5,2019-02-01,FALSE,1263357,39185,10010983
75,2,0,5,2019-02-01,FALSE,976369,44902,10010983
82,3,0,5,2019-02-01,FALSE,933164,60098,10010983
87,4,0,5,2019-02-01,FALSE,1402745,88814,10010983
89,5,0,5,2019-02-01,FALSE,3433787,164315,10010983
89,6,0,5,2019-02-01,FALSE,6486838,333137,10010983
84,7,0,5,2019-02-01,FALSE,9169333,412388,10010983
85,8,0,5,2019-02-01,FALSE,10301742,461286,10010983
86,9,0,5,2019-02-01,FALSE,11278546,519009,10010983
84,10,0,5,2019-02-01,FALSE,12096040,501997,10010983
86,11,0,5,2019-02-01,FALSE,11764419,444271,10010983
85,12,0,5,2019-02-01,FALSE,11473102,398547,10010983
122,13,0,5,2019-02-01,FALSE,12397724,433732,10010983
94,14,0,5,2019-02-01,FALSE,12808551,437801,10010983
91,15,0,5,2019-02-01,FALSE,13084897,409185,10010983
93,16,0,5,2019-02-01,FALSE,13454873,375402,10010983
102,17,0,5,2019-02-01,FALSE,13521968,311411,10010983
114,18,0,5,2019-02-01,FALSE,11356342,194868,10010983
118,19,0,5,2019-02-01,TRUE,8352545,133272,10010983
114,20,0,5,2019-02-01,TRUE,6733655,89413,10010983
105,21,0,5,2019-02-01,TRUE,5535835,64291,10010983
103,22,0,5,2019-02-01,TRUE,4032076,48563,10010983
102,23,0,5,2019-02-01,TRUE,2689698,42568,10010983
84,0,1,5,2019-02-02,TRUE,1845457,41581,10010983
84,1,1,5,2019-02-02,TRUE,1263357,39185,10010983
84,2,1,5,2019-02-02,TRUE,976369,44902,10010983
82,3,1,5,2019-02-02,TRUE,933164,60098,10010983
87,4,1,5,2019-02-02,TRUE,1402745,88814,10010983
97,5,1,5,2019-02-02,TRUE,3433787,164315,10010983
93,6,1,5,2019-02-02,TRUE,6486838,333137,10010983
97,7,1,5,2019-02-02,TRUE,9169333,412388,10010983
102,8,1,5,2019-02-02,TRUE,10301742,461286,10010983
104,9,1,5,2019-02-02,TRUE,11278546,519009,10010983
108,10,1,5,2019-02-02,TRUE,12096040,501997,10010983
112,11,1,5,2019-02-02,FALSE,11764419,444271,10010983
105,12,1,5,2019-02-02,FALSE,11473102,398547,10010983
106,13,1,5,2019-02-02,FALSE,12397724,433732,10010983
116,14,1,5,2019-02-02,FALSE,12808551,437801,10010983
107,15,1,5,2019-02-02,FALSE,13084897,409185,10010983
105,16,1,5,2019-02-02,FALSE,13454873,375402,10010983
112,17,1,5,2019-02-02,FALSE,13521968,311411,10010983
103,18,1,5,2019-02-02,FALSE,11356342,194868,10010983
108,19,1,5,2019-02-02,FALSE,8352545,133272,10010983
95,20,1,5,2019-02-02,FALSE,6733655,89413,10010983
92,21,1,5,2019-02-02,FALSE,5535835,64291,10010983
94,22,1,5,2019-02-02,FALSE,4032076,48563,10010983
91,23,1,5,2019-02-02,FALSE,2689698,42568,10010983
88,0,2,5,2019-02-03,FALSE,1845457,41581,10010983
87,1,2,5,2019-02-03,FALSE,1263357,39185,10010983
87,2,2,5,2019-02-03,FALSE,976369,44902,10010983
86,3,2,5,2019-02-03,TRUE,933164,60098,10010983
93,4,2,5,2019-02-03,FALSE,1402745,88814,10010983
89,5,2,5,2019-02-03,FALSE,3433787,164315,10010983
92,6,2,5,2019-02-03,TRUE,6486838,333137,10010983
104,7,2,5,2019-02-03,FALSE,9169333,412388,10010983
102,8,2,5,2019-02-03,FALSE,10301742,461286,10010983
99,9,2,5,2019-02-03,TRUE,11278546,519009,10010983
104,10,2,5,2019-02-03,FALSE,12096040,501997,10010983
110,11,2,5,2019-02-03,FALSE,11764419,444271,10010983
125,12,2,5,2019-02-03,TRUE,11473102,398547,10010983
121,13,2,5,2019-02-03,FALSE,12397724,433732,10010983
127,14,2,5,2019-02-03,FALSE,12808551,437801,10010983
144,15,2,5,2019-02-03,TRUE,13084897,409185,10010983
133,16,2,5,2019-02-03,FALSE,13454873,375402,10010983
148,17,2,5,2019-02-03,FALSE,13521968,311411,10010983
144,18,2,5,2019-02-03,TRUE,11356342,194868,10010983
142,19,2,5,2019-02-03,FALSE,8352545,133272,10010983
129,20,2,5,2019-02-03,FALSE,6733655,89413,10010983
110,21,2,5,2019-02-03,TRUE,5535835,64291,10010983
114,22,2,5,2019-02-03,FALSE,4032076,48563,10010983
105,23,2,5,2019-02-03,FALSE,2689698,42568,10010983
85,0,3,5,2019-02-04,FALSE,1845457,41581,10010983
86,1,3,5,2019-02-04,FALSE,1263357,39185,10010983
90,2,3,5,2019-02-04,FALSE,976369,44902,10010983
88,3,3,5,2019-02-04,FALSE,933164,60098,10010983
84,4,3,5,2019-02-04,FALSE,1402745,88814,10010983
91,5,3,5,2019-02-04,FALSE,3433787,164315,10010983
94,6,3,5,2019-02-04,FALSE,6486838,333137,10010983
96,7,3,5,2019-02-04,FALSE,9169333,412388,10010983
99,8,3,5,2019-02-04,FALSE,10301742,461286,10010983
106,9,3,5,2019-02-04,FALSE,11278546,519009,10010983
111,10,3,5,2019-02-04,FALSE,12096040,501997,10010983
112,11,3,5,2019-02-04,FALSE,11764419,444271,10010983
108,12,3,5,2019-02-04,FALSE,11473102,398547,10010983
122,13,3,5,2019-02-04,FALSE,12397724,433732,10010983
112,14,3,5,2019-02-04,FALSE,12808551,437801,10010983
124,15,3,5,2019-02-04,FALSE,13084897,409185,10010983
117,16,3,5,2019-02-04,FALSE,13454873,375402,10010983
111,17,3,5,2019-02-04,FALSE,13521968,311411,10010983
104,18,3,5,2019-02-04,FALSE,11356342,194868,10010983
101,19,3,5,2019-02-04,FALSE,8352545,133272,10010983
95,20,3,5,2019-02-04,FALSE,6733655,89413,10010983
92,21,3,5,2019-02-04,FALSE,5535835,64291,10010983
91,22,3,5,2019-02-04,FALSE,4032076,48563,10010983
88,23,3,5,2019-02-04,FALSE,2689698,42568,10010983
95,0,4,5,2019-02-05,FALSE,1845457,41581,10010983
91,1,4,5,2019-02-05,FALSE,1263357,39185,10010983
83,2,4,5,2019-02-05,FALSE,976369,44902,10010983
79,3,4,5,2019-02-05,FALSE,933164,60098,10010983
79,4,4,5,2019-02-05,FALSE,1402745,88814,10010983
79,5,4,5,2019-02-05,FALSE,3433787,164315,10010983
85,6,4,5,2019-02-05,FALSE,6486838,333137,10010983
90,7,4,5,2019-02-05,FALSE,9169333,412388,10010983
90,8,4,5,2019-02-05,FALSE,10301742,461286,10010983
93,9,4,5,2019-02-05,FALSE,11278546,519009,10010983
93,10,4,5,2019-02-05,FALSE,12096040,501997,10010983
96,11,4,5,2019-02-05,FALSE,11764419,444271,10010983
109,12,4,5,2019-02-05,FALSE,11473102,398547,10010983
118,13,4,5,2019-02-05,FALSE,12397724,433732,10010983
125,14,4,5,2019-02-05,FALSE,12808551,437801,10010983
116,15,4,5,2019-02-05,FALSE,13084897,409185,10010983
136,16,4,5,2019-02-05,FALSE,13454873,375402,10010983
141,17,4,5,2019-02-05,FALSE,13521968,311411,10010983
140,18,4,5,2019-02-05,FALSE,11356342,194868,10010983
131,19,4,5,2019-02-05,FALSE,8352545,133272,10010983
121,20,4,5,2019-02-05,FALSE,6733655,89413,10010983
112,21,4,5,2019-02-05,FALSE,5535835,64291,10010983
103,22,4,5,2019-02-05,FALSE,4032076,48563,10010983
97,23,4,5,2019-02-05,FALSE,2689698,42568,10010983
80,0,5,5,2019-02-06,FALSE,1845457,41581,10010983
79,1,5,5,2019-02-06,FALSE,1263357,39185,10010983
81,2,5,5,2019-02-06,FALSE,976369,44902,10010983
78,3,5,5,2019-02-06,FALSE,933164,60098,10010983
96,4,5,5,2019-02-06,FALSE,1402745,88814,10010983
73,5,5,5,2019-02-06,FALSE,3433787,164315,10010983
78,6,5,5,2019-02-06,FALSE,6486838,333137,10010983
78,7,5,5,2019-02-06,FALSE,9169333,412388,10010983
77,8,5,5,2019-02-06,FALSE,10301742,461286,10010983
80,9,5,5,2019-02-06,FALSE,11278546,519009,10010983
81,10,5,5,2019-02-06,FALSE,12096040,501997,10010983
81,11,5,5,2019-02-06,FALSE,11764419,444271,10010983
82,12,5,5,2019-02-06,FALSE,11473102,398547,10010983
86,13,5,5,2019-02-06,FALSE,12397724,433732,10010983
90,14,5,5,2019-02-06,FALSE,12808551,437801,10010983
93,15,5,5,2019-02-06,FALSE,13084897,409185,10010983
95,16,5,5,2019-02-06,FALSE,13454873,375402,10010983
98,17,5,5,2019-02-06,FALSE,13521968,311411,10010983
96,18,5,5,2019-02-06,FALSE,11356342,194868,10010983
93,19,5,5,2019-02-06,FALSE,8352545,133272,10010983
91,20,5,5,2019-02-06,FALSE,6733655,89413,10010983
92,21,5,5,2019-02-06,FALSE,5535835,64291,10010983
90,22,5,5,2019-02-06,FALSE,4032076,48563,10010983
87,23,5,5,2019-02-06,FALSE,2689698,42568,10010983
77,0,0,4,2020-01-23,FALSE,6931877,654882,9911088
79,1,0,4,2020-01-23,FALSE,3910325,423050,9911088
79,2,0,4,2020-01-23,FALSE,3073500,479703,9911088
87,3,0,4,2020-01-23,FALSE,3184334,577997,9911088
87,4,0,4,2020-01-23,FALSE,5676460,765750,9911088
89,5,0,4,2020-01-23,FALSE,16524701,1139063,9911088
89,6,0,4,2020-01-23,FALSE,33702462,1629920,9911088
88,7,0,4,2020-01-23,FALSE,51388364,1765147,9911088
93,8,0,4,2020-01-23,FALSE,51740388,2010702,9911088
97,9,0,4,2020-01-23,FALSE,49797211,2208959,9911088
93,10,0,4,2020-01-23,FALSE,53135274,2023882,9911088
94,11,0,4,2020-01-23,FALSE,52246935,1820612,9911088
104,12,0,4,2020-01-23,FALSE,50664256,1586687,9911088
106,13,0,4,2020-01-23,FALSE,55434200,1651664,9911088
115,14,0,4,2020-01-23,FALSE,57668715,1654545,9911088
121,15,0,4,2020-01-23,FALSE,58538861,1523451,9911088
129,16,0,4,2020-01-23,FALSE,60586463,1352887,9911088
149,17,0,4,2020-01-23,FALSE,63006617,1122638,9911088
153,18,0,4,2020-01-23,FALSE,55025143,820619,9911088
162,19,0,4,2020-01-23,FALSE,37614683,636968,9911088
180,20,0,4,2020-01-23,FALSE,29794437,488107,9911088
195,21,0,4,2020-01-23,FALSE,22938920,417156,9911088
167,22,0,4,2020-01-23,FALSE,15357956,360587,9911088
179,23,0,4,2020-01-23,FALSE,9510468,370481,9911088
121,0,1,4,2020-01-24,FALSE,6931877,654882,9911088
125,1,1,4,2020-01-24,FALSE,3910325,423050,9911088
139,2,1,4,2020-01-24,FALSE,3073500,479703,9911088
143,3,1,4,2020-01-24,FALSE,3184334,577997,9911088
131,4,1,4,2020-01-24,FALSE,5676460,765750,9911088
147,5,1,4,2020-01-24,FALSE,16524701,1139063,9911088
153,6,1,4,2020-01-24,FALSE,33702462,1629920,9911088
155,7,1,4,2020-01-24,FALSE,51388364,1765147,9911088
150,8,1,4,2020-01-24,FALSE,51740388,2010702,9911088
159,9,1,4,2020-01-24,FALSE,49797211,2208959,9911088
177,10,1,4,2020-01-24,FALSE,53135274,2023882,9911088
188,11,1,4,2020-01-24,FALSE,52246935,1820612,9911088
194,12,1,4,2020-01-24,FALSE,50664256,1586687,9911088
196,13,1,4,2020-01-24,FALSE,55434200,1651664,9911088
172,14,1,4,2020-01-24,FALSE,57668715,1654545,9911088
170,15,1,4,2020-01-24,FALSE,58538861,1523451,9911088
153,16,1,4,2020-01-24,FALSE,60586463,1352887,9911088
142,17,1,4,2020-01-24,FALSE,63006617,1122638,9911088
130,18,1,4,2020-01-24,FALSE,55025143,820619,9911088
117,19,1,4,2020-01-24,FALSE,37614683,636968,9911088
108,20,1,4,2020-01-24,FALSE,29794437,488107,9911088
102,21,1,4,2020-01-24,FALSE,22938920,417156,9911088
97,22,1,4,2020-01-24,FALSE,15357956,360587,9911088
90,23,1,4,2020-01-24,FALSE,9510468,370481,9911088
86,0,2,4,2020-01-25,FALSE,6931877,654882,9911088
89,1,2,4,2020-01-25,FALSE,3910325,423050,9911088
89,2,2,4,2020-01-25,FALSE,3073500,479703,9911088
93,3,2,4,2020-01-25,FALSE,3184334,577997,9911088
86,4,2,4,2020-01-25,FALSE,5676460,765750,9911088
89,5,2,4,2020-01-25,FALSE,16524701,1139063,9911088
91,6,2,4,2020-01-25,FALSE,33702462,1629920,9911088
93,7,2,4,2020-01-25,FALSE,51388364,1765147,9911088
99,8,2,4,2020-01-25,FALSE,51740388,2010702,9911088
94,9,2,4,2020-01-25,FALSE,49797211,2208959,9911088
94,10,2,4,2020-01-25,FALSE,53135274,2023882,9911088
102,11,2,4,2020-01-25,FALSE,52246935,1820612,9911088
112,12,2,4,2020-01-25,FALSE,50664256,1586687,9911088
111,13,2,4,2020-01-25,FALSE,55434200,1651664,9911088
127,14,2,4,2020-01-25,FALSE,57668715,1654545,9911088
127,15,2,4,2020-01-25,FALSE,58538861,1523451,9911088
145,16,2,4,2020-01-25,FALSE,60586463,1352887,9911088
139,17,2,4,2020-01-25,FALSE,63006617,1122638,9911088
152,18,2,4,2020-01-25,FALSE,55025143,820619,9911088
147,19,2,4,2020-01-25,FALSE,37614683,636968,9911088
132,20,2,4,2020-01-25,FALSE,29794437,488107,9911088
118,21,2,4,2020-01-25,FALSE,22938920,417156,9911088
108,22,2,4,2020-01-25,FALSE,15357956,360587,9911088
102,23,2,4,2020-01-25,FALSE,9510468,370481,9911088
94,0,3,4,2020-01-26,FALSE,6931877,654882,9911088
92,1,3,4,2020-01-26,FALSE,3910325,423050,9911088
88,2,3,4,2020-01-26,FALSE,3073500,479703,9911088
91,3,3,4,2020-01-26,FALSE,3184334,577997,9911088
88,4,3,4,2020-01-26,FALSE,5676460,765750,9911088
82,5,3,4,2020-01-26,FALSE,16524701,1139063,9911088
82,6,3,4,2020-01-26,FALSE,33702462,1629920,9911088
89,7,3,4,2020-01-26,FALSE,51388364,1765147,9911088
83,8,3,4,2020-01-26,FALSE,51740388,2010702,9911088
87,9,3,4,2020-01-26,FALSE,49797211,2208959,9911088
85,10,3,4,2020-01-26,FALSE,53135274,2023882,9911088
83,11,3,4,2020-01-26,FALSE,52246935,1820612,9911088
89,12,3,4,2020-01-26,FALSE,50664256,1586687,9911088
93,13,3,4,2020-01-26,FALSE,55434200,1651664,9911088
96,14,3,4,2020-01-26,FALSE,57668715,1654545,9911088
98,15,3,4,2020-01-26,FALSE,58538861,1523451,9911088
99,16,3,4,2020-01-26,FALSE,60586463,1352887,9911088
100,17,3,4,2020-01-26,FALSE,63006617,1122638,9911088
98,18,3,4,2020-01-26,FALSE,55025143,820619,9911088
97,19,3,4,2020-01-26,FALSE,37614683,636968,9911088
93,20,3,4,2020-01-26,FALSE,29794437,488107,9911088
89,21,3,4,2020-01-26,FALSE,22938920,417156,9911088
87,22,3,4,2020-01-26,FALSE,15357956,360587,9911088
89,23,3,4,2020-01-26,FALSE,9510468,370481,9911088
80,0,4,4,2020-01-27,FALSE,6931877,654882,9911088
79,1,4,4,2020-01-27,FALSE,3910325,423050,9911088
99,2,4,4,2020-01-27,FALSE,3073500,479703,9911088
84,3,4,4,2020-01-27,FALSE,3184334,577997,9911088
82,4,4,4,2020-01-27,FALSE,5676460,765750,9911088
83,5,4,4,2020-01-27,FALSE,16524701,1139063,9911088
78,6,4,4,2020-01-27,FALSE,33702462,1629920,9911088
80,7,4,4,2020-01-27,FALSE,51388364,1765147,9911088
84,8,4,4,2020-01-27,FALSE,51740388,2010702,9911088
79,9,4,4,2020-01-27,FALSE,49797211,2208959,9911088
81,10,4,4,2020-01-27,FALSE,53135274,2023882,9911088
84,11,4,4,2020-01-27,FALSE,52246935,1820612,9911088
85,12,4,4,2020-01-27,FALSE,50664256,1586687,9911088
86,13,4,4,2020-01-27,FALSE,55434200,1651664,9911088
87,14,4,4,2020-01-27,FALSE,57668715,1654545,9911088
91,15,4,4,2020-01-27,FALSE,58538861,1523451,9911088
86,16,4,4,2020-01-27,FALSE,60586463,1352887,9911088
92,17,4,4,2020-01-27,FALSE,63006617,1122638,9911088
94,18,4,4,2020-01-27,FALSE,55025143,820619,9911088
89,19,4,4,2020-01-27,FALSE,37614683,636968,9911088
94,20,4,4,2020-01-27,FALSE,29794437,488107,9911088
95,21,4,4,2020-01-27,FALSE,22938920,417156,9911088
97,22,4,4,2020-01-27,FALSE,15357956,360587,9911088
94,23,4,4,2020-01-27,FALSE,9510468,370481,9911088